codigo,ano_nascimento,nome,peso,time,assistencias,bloqueios,carrinhos,chutes_certos,chutes_total,cruzamentos,faltas_cometidas,faltas_sofridas,gols,impedimentos,passes,roubadas,titular,banco,saiu,entrou,amarelo,vermelho
274190,1979,Tim Howard,95,United States,0,0,0,0,0,0,0,0,0,0,0,0,1.0,0.0,0.0,0.0,0.0,0.0
274790,1982,DaMarcus Beasley,66,United States,0,1,1,0,0,2,2,2,0,0,80,10,2.0,0.0,0.0,0.0,0.0,0.0
274846,1979,Nick Rimando,86,United States,0,0,0,0,0,0,0,0,0,0,0,0,0.0,2.0,0.0,0.0,0.0,0.0
274879,1982,Kyle Beckerman,75,United States,0,2,9,1,1,0,2,3,0,0,87,6,2.0,0.0,0.0,0.0,0.0,0.0
275001,1981,Brad Davis,75,United States,0,0,0,0,0,0,0,0,0,0,0,0,0.0,2.0,0.0,0.0,0.0,0.0
275213,1983,Clint Dempsey,85,United States,0,0,0,5,7,1,2,3,2,1,43,2,2.0,0.0,1.0,0.0,0.0,0.0
275241,1987,Michael Bradley,86,United States,0,0,0,2,4,2,4,1,0,0,104,8,2.0,0.0,0.0,0.0,0.0,0.0
322494,1984,Brad Guzan,95,United States,0,0,0,0,0,0,0,0,0,0,0,0,0.0,2.0,0.0,0.0,0.0,0.0
322579,1983,Chris Wondolowski,75,United States,0,0,0,0,0,0,0,0,0,0,4,0,0.0,2.0,0.0,1.0,0.0,0.0
322588,1982,Michael Umana,73,Costa Rica,0,2,6,0,0,0,1,1,0,0,62,12,2.0,0.0,0.0,0.0,0.0,0.0
322699,1989,Jozy Altidore,72,United States,0,0,0,1,1,0,0,0,0,0,3,0,1.0,0.0,1.0,0.0,0.0,0.0
330391,1978,Frank Lampard,88,England,0,0,0,0,0,0,0,0,0,0,0,0,0.0,2.0,0.0,0.0,0.0,0.0
330393,1984,Arjen Robben,80,Netherlands,1,0,2,10,11,7,4,8,3,2,55,4,3.0,0.0,0.0,0.0,0.0,0.0
330396,1987,John Obi Mikel,86,Nigeria,0,0,6,1,2,1,5,5,0,0,111,23,2.0,0.0,0.0,0.0,1.0,0.0
330398,1978,Didier Drogba,91,Ivory Coast,0,0,0,2,3,1,3,4,0,0,7,1,0.0,2.0,0.0,2.0,0.0,0.0
331043,1985,Salomon Kalou,77,Ivory Coast,0,1,1,2,5,2,3,0,0,0,34,1,1.0,1.0,0.0,1.0,0.0,0.0
345016,1984,Mauricio Pinilla,75,Chile,0,0,0,1,1,0,0,0,0,0,6,1,0.0,3.0,0.0,2.0,0.0,0.0
345298,1985,Souleymane Bamba,89,Ivory Coast,0,1,2,0,0,0,1,1,0,0,99,14,2.0,0.0,0.0,0.0,1.0,0.0
345322,1980,Theofanis Gekas,72,Greece,0,0,0,1,2,0,1,0,0,4,17,5,1.0,1.0,1.0,1.0,0.0,0.0
345366,1980,Roman Weidenfeller,85,Germany,0,0,0,0,0,0,0,0,0,0,0,0,0.0,2.0,0.0,0.0,0.0,0.0
345428,1978,Miroslav Klose,84,Germany,0,0,0,1,2,1,1,0,1,0,2,2,0.0,2.0,0.0,1.0,0.0,0.0
345448,1981,Jermaine Jones,78,United States,1,5,6,4,4,0,5,5,1,0,56,10,2.0,0.0,0.0,0.0,1.0,0.0
345514,1978,Daniel Van Buyten,95,Belgium,0,2,1,1,2,0,1,1,0,0,131,42,2.0,0.0,0.0,0.0,0.0,0.0
345535,1984,Bastian Schweinsteiger,79,Germany,0,0,0,0,2,1,0,3,0,0,26,1,0.0,2.0,0.0,1.0,0.0,0.0
345537,1984,Nigel De Jong,72,Netherlands,0,0,12,2,2,0,8,4,0,0,84,34,3.0,0.0,0.0,0.0,0.0,0.0
345565,1980,Martín Demichelis,81,Argentina,0,0,0,0,0,0,0,0,0,0,0,0,0.0,2.0,0.0,0.0,0.0,0.0
345568,1982,Zvjezdan Misimovic,80,Bosnia-Herzegovina,0,0,2,1,3,7,0,3,0,0,67,5,2.0,0.0,1.0,0.0,0.0,0.0
345573,1983,Philipp Lahm,66,Germany,0,1,3,1,1,2,0,4,0,0,134,17,2.0,0.0,0.0,0.0,0.0,0.0
345605,1984,Per Mertesacker,90,Germany,0,5,1,0,0,0,2,0,0,0,95,13,2.0,0.0,0.0,0.0,0.0,0.0
345608,1985,Lukas Podolski,83,Germany,0,0,0,0,0,0,0,0,0,0,3,0,0.0,2.0,0.0,1.0,0.0,0.0
345642,1985,Tranquillo Barnetta,68,Switzerland,0,0,0,0,0,0,0,0,0,0,0,0,0.0,2.0,0.0,0.0,0.0,0.0
345644,1983,Arthur Boka,67,Ivory Coast,0,0,4,2,3,6,1,1,0,0,57,8,2.0,0.0,1.0,0.0,0.0,0.0
345645,1984,Vedad Ibisevic,82,Bosnia-Herzegovina,0,0,1,3,4,0,0,0,1,0,14,1,0.0,0.0,0.0,2.0,0.0,0.0
345653,1986,Ashkan Dejagah,79,Iran,0,1,3,1,1,4,2,5,0,2,24,10,2.0,0.0,2.0,0.0,0.0,0.0
345666,1986,Manuel Neuer,92,Germany,0,0,0,0,0,0,0,0,0,0,0,0,2.0,0.0,0.0,0.0,0.0,0.0
345691,1987,Kevin-Prince Boateng,86,Ghana,0,1,0,0,3,1,2,0,0,2,27,0,1.0,1.0,0.0,1.0,0.0,0.0
345762,1988,Mesut Özil,76,Germany,0,2,0,1,1,9,0,2,0,0,65,3,2.0,0.0,1.0,0.0,0.0,0.0
345763,1984,Hugo Almeida,86,Portugal,0,0,0,1,1,0,0,0,0,1,4,0,1.0,0.0,1.0,0.0,0.0,0.0
345773,1986,Vincent Kompany,85,Belgium,0,2,1,0,0,0,1,0,0,0,108,20,2.0,0.0,0.0,0.0,0.0,0.0
345802,1987,Sami Khedira,85,Germany,0,0,1,1,2,1,3,4,0,0,89,7,2.0,0.0,1.0,0.0,0.0,0.0
345815,1983,Ben Foster,90,England,0,0,0,0,0,0,0,0,0,0,0,0,0.0,2.0,0.0,0.0,0.0,0.0
345844,1980,Steven Gerrard,83,England,0,1,3,0,2,5,1,0,0,0,103,18,2.0,0.0,0.0,0.0,1.0,0.0
345938,1985,Antonio Valencia,78,Ecuador,0,0,2,1,1,4,6,1,0,0,47,4,2.0,0.0,0.0,0.0,1.0,0.0
345955,1981,Shola Ameobi,95,Nigeria,0,0,1,2,2,0,2,1,0,0,14,3,0.0,2.0,0.0,2.0,0.0,0.0
346029,1981,Kolo Touré,74,Ivory Coast,0,0,0,0,0,0,0,0,0,0,0,0,0.0,2.0,0.0,0.0,0.0,0.0
346040,1980,Joseph Yobo,85,Nigeria,0,3,2,0,0,0,0,0,0,0,19,10,1.0,0.0,0.0,0.0,0.0,0.0
346065,1985,Wayne Rooney,78,England,1,0,1,3,8,3,3,5,1,0,51,3,2.0,0.0,0.0,0.0,0.0,0.0
346078,1986,James Milner,70,England,0,0,0,0,0,0,0,0,0,0,0,0,0.0,2.0,0.0,0.0,0.0,0.0
346081,1981,Xabi Alonso,77,Spain,0,0,4,2,3,4,5,2,1,1,146,16,3.0,0.0,2.0,0.0,1.0,0.0
346084,1982,Pepe Reina,92,Spain,0,0,0,0,0,0,0,0,0,0,0,0,0.0,2.0,0.0,0.0,0.0,0.0
346086,1983,Robin Van Persie,71,Netherlands,0,0,1,7,8,2,6,3,3,5,25,4,2.0,0.0,2.0,0.0,2.0,0.0
346090,1980,Dirk Kuyt,84,Netherlands,0,2,4,0,1,1,2,0,0,0,22,6,1.0,2.0,1.0,0.0,0.0,0.0
346097,1981,Patrice Evra,76,France,0,0,0,0,1,4,1,2,0,0,91,5,2.0,0.0,0.0,0.0,1.0,0.0
346104,1982,Michael Essien,85,Ghana,0,0,1,1,1,0,1,0,0,0,11,1,0.0,2.0,0.0,1.0,0.0,0.0
346107,1984,Glen Johnson,70,England,1,1,1,0,2,7,1,3,0,0,121,10,2.0,0.0,0.0,0.0,0.0,0.0
346109,1985,Georgios Samaras,86,Greece,0,0,7,1,4,3,5,12,0,0,34,8,2.0,0.0,0.0,0.0,1.0,0.0
346122,1985,Philippe Senderos,84,Switzerland,0,1,0,0,0,0,0,0,0,0,57,3,0.0,2.0,0.0,1.0,0.0,0.0
346135,1985,Cristiano Ronaldo,80,Portugal,1,0,1,7,14,3,1,5,0,4,51,8,2.0,0.0,0.0,0.0,0.0,0.0
346143,1984,Javier Mascherano,74,Argentina,0,3,4,1,1,0,2,1,0,0,199,12,2.0,0.0,0.0,0.0,0.0,0.0
346150,1984,Benoit Assou-Ekotto,70,Cameroon,0,3,0,1,2,8,3,1,0,0,64,6,2.0,0.0,0.0,0.0,0.0,0.0
346161,1980,Didier Zokora,70,Ivory Coast,0,0,3,0,0,0,1,0,0,0,110,13,2.0,0.0,0.0,0.0,1.0,0.0
346168,1979,Tim Cahill,75,Australia,0,0,2,3,7,1,7,1,2,2,37,4,2.0,0.0,1.0,0.0,2.0,0.0
346175,1987,Alex Song,74,Cameroon,0,1,1,1,1,2,3,3,0,0,51,2,2.0,0.0,1.0,0.0,0.0,1.0
346178,1987,Cesc Fabregas,75,Spain,1,0,0,0,0,1,1,0,0,1,38,5,0.0,2.0,0.0,2.0,0.0,0.0
346182,1986,Reto Ziegler,80,Switzerland,0,0,0,0,0,0,0,0,0,0,0,0,0.0,2.0,0.0,0.0,0.0,0.0
346183,1983,Andranik Timotian,73,Iran,0,0,11,1,2,0,8,1,0,0,32,15,2.0,0.0,0.0,0.0,1.0,0.0
346195,1986,Gabriel Paletta,88,Italy,0,3,1,0,0,0,0,0,0,0,36,2,1.0,1.0,0.0,0.0,0.0,0.0
346217,1984,Leighton Baines,75,England,0,1,3,1,1,5,2,1,0,0,103,15,2.0,0.0,0.0,0.0,0.0,0.0
346236,1987,Johan Djourou,87,Switzerland,0,4,5,0,0,0,3,0,0,0,111,11,2.0,0.0,0.0,0.0,1.0,0.0
346244,1985,Gary Cahill,71,England,0,1,3,0,0,0,2,4,0,0,82,31,2.0,0.0,0.0,0.0,0.0,0.0
346291,1982,Phil Jagielka,83,England,0,2,1,0,1,1,1,1,0,0,92,13,2.0,0.0,0.0,0.0,0.0,0.0
346315,1987,Joe Hart,80,England,0,0,0,0,0,0,0,0,0,0,0,0,1.0,0.0,0.0,0.0,0.0,0.0
346316,1988,Tim Krul,84,Netherlands,0,0,0,0,0,0,0,0,0,0,0,0,0.0,3.0,0.0,0.0,0.0,0.0
346357,1986,Cristian Zapata,82,Colombia,0,4,3,0,0,0,1,1,0,0,75,10,2.0,0.0,0.0,0.0,0.0,0.0
346358,1985,Valon Behrami,78,Switzerland,0,1,3,1,1,0,2,1,0,0,89,12,2.0,0.0,1.0,0.0,0.0,0.0
346422,1979,Andrea Pirlo,68,Italy,0,0,2,1,2,1,1,5,0,0,179,4,2.0,0.0,0.0,0.0,0.0,0.0
346537,1980,Mark Bresciano,75,Australia,0,0,2,3,5,3,4,2,0,0,71,4,2.0,1.0,2.0,1.0,0.0,0.0
346563,1984,Sulley Muntari,76,Ghana,1,0,6,1,5,7,5,6,0,0,88,14,2.0,0.0,0.0,0.0,2.0,0.0
346567,1981,Maxwell,73,Brazil,0,0,0,0,0,0,0,0,0,0,0,0,0.0,2.0,0.0,0.0,0.0,0.0
346573,1983,Daniele De Rossi,83,Italy,0,0,6,0,0,0,3,2,0,0,202,9,2.0,0.0,0.0,0.0,0.0,0.0
346587,1981,Maicon,77,Brazil,0,0,0,0,0,0,0,0,0,0,0,0,0.0,2.0,0.0,0.0,0.0,0.0
346589,1979,Júlio César,79,Brazil,0,0,0,0,0,0,0,0,0,0,0,0,2.0,0.0,0.0,0.0,0.0,0.0
346590,1981,Andrea Barzagli,79,Italy,0,2,1,0,0,0,1,1,0,0,126,12,2.0,0.0,0.0,0.0,0.0,0.0
346703,1984,Alberto Aquilani,77,Italy,0,0,0,0,0,0,0,0,0,0,0,0,0.0,2.0,0.0,0.0,0.0,0.0
346769,1987,Salvatore Sirigu,80,Italy,0,0,0,0,0,0,0,0,0,0,0,0,0.0,1.0,0.0,0.0,0.0,0.0
346879,1985,Asamoah Gyan,77,Ghana,1,1,0,3,9,4,2,3,1,3,25,0,2.0,0.0,0.0,0.0,0.0,0.0
346902,1985,Bryan Ruiz,79,Costa Rica,0,1,2,2,4,1,8,2,1,0,57,10,2.0,0.0,2.0,0.0,0.0,0.0
346988,1985,Sammy Bossut,74,Belgium,0,0,0,0,0,0,0,0,0,0,0,0,0.0,2.0,0.0,0.0,0.0,0.0
347065,1979,Boubacar Barry,69,Ivory Coast,0,0,0,0,0,0,0,0,0,0,0,0,1.0,0.0,0.0,0.0,0.0,0.0
347082,1985,Nicolas Lombaerts,83,Belgium,0,0,0,0,0,0,0,0,0,0,0,0,0.0,2.0,0.0,0.0,0.0,0.0
347118,1986,Lucas Biglia,74,Argentina,0,0,0,0,0,0,0,0,0,0,4,2,0.0,2.0,0.0,1.0,0.0,0.0
347131,1987,Anthony Vanden Borre,89,Belgium,0,0,0,0,0,0,0,0,0,0,0,0,0.0,2.0,0.0,0.0,0.0,0.0
347134,1986,Cheick Tioté,86,Ivory Coast,0,3,7,1,2,0,5,3,0,0,114,16,2.0,0.0,0.0,0.0,1.0,0.0
347213,1987,Marouane Fellaini,85,Belgium,0,0,1,2,2,1,5,0,1,4,44,8,1.0,1.0,0.0,1.0,0.0,0.0
347218,1988,Steven Defour,70,Belgium,0,0,0,0,0,0,0,0,0,0,0,0,0.0,2.0,0.0,0.0,0.0,0.0
347225,1989,Axel Witsel,76,Belgium,0,0,5,2,4,0,3,6,0,0,107,19,2.0,0.0,0.0,0.0,1.0,0.0
347254,1985,Laurent Ciman,70,Belgium,0,0,0,0,0,0,0,0,0,0,0,0,0.0,2.0,0.0,0.0,0.0,0.0
347258,1983,Dante,87,Brazil,0,0,0,0,0,0,0,0,0,0,0,0,0.0,2.0,0.0,0.0,0.0,0.0
347350,1988,Simon Mignolet,87,Belgium,0,0,0,0,0,0,0,0,0,0,0,0,0.0,2.0,0.0,0.0,0.0,0.0
347380,1986,Fredy Guarín,77,Colombia,0,0,0,0,0,0,0,0,0,0,0,0,0.0,1.0,0.0,0.0,0.0,0.0
347384,1983,Yaya Touré,90,Ivory Coast,0,0,2,3,6,6,1,3,0,0,85,7,2.0,0.0,0.0,0.0,0.0,0.0
347398,1976,Mario Yepes,83,Colombia,0,5,4,0,1,0,1,2,0,1,48,11,2.0,0.0,0.0,0.0,0.0,0.0
347401,1980,Diego Pérez,81,Uruguay,0,0,0,0,0,0,0,0,0,0,0,0,0.0,2.0,0.0,0.0,0.0,0.0
347466,1982,Charles Itandje,83,Cameroon,0,0,0,0,0,0,0,0,0,0,0,0,1.0,0.0,0.0,0.0,0.0,0.0
347486,1979,Mickael Landreau,85,France,0,0,0,0,0,0,0,0,0,0,0,0,0.0,2.0,0.0,0.0,0.0,0.0
347594,1983,Jean Makoun,65,Cameroon,0,0,0,0,0,0,0,0,0,0,0,0,0.0,2.0,0.0,0.0,0.0,0.0
347602,1985,Cristian Rodríguez,81,Uruguay,0,1,5,0,1,2,3,7,0,0,40,10,2.0,0.0,1.0,0.0,0.0,0.0
347649,1984,Rio Mavuba,74,France,0,0,0,0,0,0,1,0,0,0,26,0,0.0,2.0,0.0,1.0,0.0,0.0
347680,1983,Bacary Sagna,72,France,0,0,0,0,0,0,0,0,0,0,0,0,0.0,2.0,0.0,0.0,0.0,0.0
347681,1984,Hassan Yebda,80,Algeria,0,0,0,0,0,0,0,0,0,0,0,0,0.0,2.0,0.0,0.0,0.0,0.0
347705,1985,Mathieu Debuchy,78,France,0,1,3,2,2,7,6,1,0,1,79,12,2.0,0.0,0.0,0.0,0.0,0.0
347710,1981,Peter Odemwingie,79,Nigeria,0,1,5,3,4,0,3,1,1,0,53,15,1.0,1.0,0.0,1.0,0.0,0.0
347711,1983,Fred,90,Brazil,0,1,0,2,2,1,0,3,0,4,14,1,2.0,0.0,1.0,0.0,0.0,0.0
347716,1986,Yohan Cabaye,72,France,0,2,0,0,4,1,4,3,0,0,109,17,2.0,0.0,1.0,0.0,1.0,0.0
347725,1987,Karim Benzema,79,France,2,0,0,11,15,3,1,4,3,1,56,3,2.0,0.0,0.0,0.0,0.0,0.0
347734,1987,Kevin Mirallas,72,Belgium,0,0,0,1,2,0,0,0,0,0,4,3,0.0,2.0,0.0,1.0,0.0,0.0
347756,1985,Landry N'Guemo,70,Cameroon,0,0,0,0,0,0,0,0,0,0,0,0,0.0,1.0,0.0,0.0,0.0,0.0
347763,1987,Blaise Matuidi,70,France,0,1,3,3,6,3,3,4,1,0,117,12,2.0,0.0,0.0,0.0,0.0,0.0
347765,1986,Hugo Lloris,73,France,0,0,0,0,0,0,0,0,0,0,0,0,1.0,0.0,0.0,0.0,0.0,0.0
347769,1986,Stephane Mbia,85,Cameroon,0,2,1,0,4,3,1,4,0,0,70,7,2.0,0.0,0.0,0.0,0.0,0.0
347791,1984,Stephan Lichtsteiner,77,Switzerland,0,4,1,0,1,6,4,3,0,0,94,8,2.0,0.0,0.0,0.0,0.0,0.0
347810,1985,Carl Medjani,77,Algeria,1,0,4,0,2,0,5,2,0,0,31,9,2.0,0.0,1.0,0.0,0.0,0.0
347887,1984,Mathieu Valbuena,58,France,1,0,0,5,6,9,5,3,1,1,84,4,2.0,0.0,2.0,0.0,0.0,0.0
347919,1987,Loic Remy,82,France,0,0,0,0,0,0,0,0,0,0,0,0,0.0,2.0,0.0,0.0,0.0,0.0
347949,1979,Edison Méndez,68,Ecuador,0,0,0,0,0,0,0,0,0,0,4,0,0.0,2.0,0.0,1.0,0.0,0.0
347953,1980,Carlos Salcido,70,Mexico,0,0,0,0,0,0,0,0,0,0,0,0,0.0,2.0,0.0,1.0,0.0,0.0
348048,1983,Klaas-Jan Huntelaar,78,Netherlands,0,0,0,0,0,0,0,0,0,0,0,0,0.0,3.0,0.0,0.0,0.0,0.0
348116,1984,Wesley Sneijder,67,Netherlands,2,1,4,6,6,9,5,2,0,0,75,12,3.0,0.0,1.0,0.0,0.0,0.0
348168,1985,Thomas Vermaelen,75,Belgium,0,0,1,0,0,1,1,0,0,0,19,3,1.0,1.0,1.0,0.0,0.0,0.0
348199,1983,Paul Verhaegh,72,Netherlands,0,0,0,0,0,0,0,0,0,0,0,0,0.0,3.0,0.0,0.0,0.0,0.0
348217,1987,Luis Suárez,81,Uruguay,0,0,3,5,6,7,3,1,2,2,16,2,1.0,1.0,1.0,0.0,0.0,0.0
348218,1985,Haris Medunjanin,83,Bosnia-Herzegovina,0,1,1,0,2,0,1,0,0,0,86,3,1.0,1.0,1.0,1.0,0.0,0.0
348219,1985,Ron Vlaar,79,Netherlands,0,5,6,0,1,0,1,1,0,0,79,18,3.0,0.0,0.0,0.0,0.0,0.0
348248,1987,Moussa Dembele,82,Belgium,0,0,2,0,1,0,4,2,0,0,48,4,1.0,1.0,1.0,0.0,0.0,0.0
348254,1981,Danijel Pranjic,70,Croatia,1,1,6,1,1,1,1,0,0,1,47,3,1.0,1.0,0.0,0.0,0.0,0.0
348270,1987,Jonathan De Guzmán,65,Netherlands,1,0,0,0,0,2,3,0,0,0,45,8,2.0,1.0,2.0,0.0,0.0,0.0
348308,1987,Jeremain Lens,73,Netherlands,0,0,6,2,3,0,10,5,0,0,12,2,1.0,1.0,1.0,2.0,0.0,0.0
348329,1987,Jan Vertonghen,86,Belgium,0,3,3,0,2,5,3,1,0,0,76,17,1.0,1.0,0.0,1.0,1.0,0.0
348335,1983,Michel Vorm,84,Netherlands,0,0,0,0,0,0,0,0,0,0,0,0,0.0,3.0,0.0,0.0,0.0,0.0
348402,1982,Antonio Cassano,78,Italy,0,0,0,1,2,1,0,3,0,1,15,0,0.0,2.0,0.0,1.0,0.0,0.0
348438,1981,Iker Casillas,84,Spain,0,0,0,0,0,0,0,0,0,0,0,0,2.0,1.0,0.0,0.0,1.0,0.0
348442,1980,Xavi,68,Spain,0,0,0,0,0,0,0,0,0,0,67,1,1.0,2.0,0.0,0.0,0.0,0.0
348449,1981,Samuel Eto'o,75,Cameroon,0,0,1,0,2,0,0,1,0,2,15,0,1.0,1.0,0.0,0.0,0.0,0.0
348451,1979,Diego Forlán,75,Uruguay,0,0,0,1,3,3,0,0,0,0,18,0,1.0,1.0,1.0,0.0,0.0,0.0
348468,1979,Rafael Márquez,74,Mexico,0,2,3,0,1,2,0,2,0,0,83,22,2.0,0.0,0.0,0.0,0.0,0.0
348501,1984,Andrés Iniesta,65,Spain,1,0,0,3,4,6,3,8,0,1,188,10,3.0,0.0,0.0,0.0,0.0,0.0
348502,1982,Thiago Motta,83,Italy,0,1,0,0,1,0,0,2,0,0,57,2,1.0,0.0,1.0,1.0,0.0,0.0
348509,1984,Fernando Torres,70,Spain,0,0,0,2,2,3,2,3,1,3,24,6,1.0,2.0,0.0,2.0,0.0,0.0
348535,1981,Maxi Rodríguez,74,Argentina,0,0,1,0,1,0,0,0,0,0,27,1,1.0,1.0,1.0,0.0,0.0,0.0
348611,1983,Claudio Bravo,84,Chile,0,0,0,0,0,0,0,0,0,0,0,0,1.0,0.0,0.0,0.0,0.0,0.0
348634,1983,Dani Alves,64,Brazil,0,1,5,1,2,10,2,2,0,0,117,17,2.0,0.0,0.0,0.0,0.0,0.0
348651,1981,David Villa,69,Spain,0,2,0,1,1,2,2,2,1,3,15,1,1.0,2.0,1.0,0.0,0.0,0.0
348656,1988,Sergio Agüero,69,Argentina,0,2,0,2,4,4,1,4,0,0,21,0,2.0,0.0,2.0,0.0,0.0,0.0
348661,1985,Pablo Zabaleta,74,Argentina,0,1,1,0,1,5,3,3,0,0,86,14,2.0,0.0,0.0,0.0,0.0,0.0
348691,1982,Pierre Webó,78,Cameroon,0,1,0,1,2,0,0,0,0,0,4,0,0.0,2.0,0.0,2.0,0.0,0.0
348696,1984,Santi Cazorla,66,Spain,0,0,0,3,3,4,0,2,0,0,48,4,1.0,2.0,1.0,1.0,0.0,0.0
348703,1985,Juanfran,72,Spain,0,1,0,0,0,6,1,2,0,0,53,11,1.0,2.0,0.0,0.0,0.0,0.0
348704,1986,Sergio Ramos,75,Spain,0,1,2,3,6,0,4,3,0,0,162,36,3.0,0.0,0.0,0.0,1.0,0.0
348737,1985,Raúl Albiol,82,Spain,0,0,0,0,0,0,0,0,0,0,34,4,1.0,2.0,0.0,0.0,0.0,0.0
348756,1980,Javad Nekounam,78,Iran,0,2,0,0,0,0,1,1,0,0,44,16,2.0,0.0,0.0,0.0,0.0,0.0
348765,1986,Ezequiel Garay,85,Argentina,0,0,2,0,2,0,2,1,0,0,90,14,2.0,0.0,0.0,0.0,0.0,0.0
348767,1987,Lionel Messi,67,Argentina,0,0,1,4,9,4,1,2,2,0,94,3,2.0,0.0,0.0,0.0,0.0,0.0
348781,1987,Gerard Piqué,85,Spain,0,1,1,0,0,1,1,1,0,0,53,3,1.0,2.0,0.0,0.0,0.0,0.0
348798,1986,David Silva,67,Spain,0,3,3,2,3,1,0,5,0,1,100,12,2.0,1.0,1.0,1.0,0.0,0.0
348840,1988,Javi Martínez,81,Spain,0,0,1,0,0,0,1,1,0,0,45,6,1.0,2.0,0.0,0.0,0.0,0.0
348894,1981,Ricardo Costa,80,Portugal,0,4,2,0,0,0,3,2,0,0,67,13,1.0,1.0,0.0,1.0,0.0,0.0
348901,1971,Faryd Mondragón,94,Colombia,0,0,0,0,0,0,0,0,0,0,0,0,0.0,2.0,0.0,0.0,0.0,0.0
348910,1979,Sergey Ignashevich,75,Russia,0,3,2,1,2,0,1,2,0,0,93,9,2.0,0.0,0.0,0.0,0.0,0.0
348947,1979,Kostas Katsouranis,81,Greece,0,1,4,0,0,0,4,1,0,0,66,9,2.0,0.0,0.0,0.0,0.0,1.0
348949,1986,Igor Akinfeev,71,Russia,0,0,0,0,0,0,0,0,0,0,0,0,1.0,0.0,0.0,0.0,0.0,0.0
348951,1982,Darijo Srna,72,Croatia,0,2,4,2,3,4,3,2,0,0,58,12,2.0,0.0,0.0,0.0,0.0,0.0
348958,1985,Fernandinho,67,Brazil,0,0,0,0,0,0,0,0,0,0,0,0,0.0,2.0,0.0,0.0,0.0,0.0
348978,1986,Miguel Veloso,78,Portugal,0,1,2,2,2,7,1,1,0,0,85,9,2.0,0.0,1.0,0.0,0.0,0.0
348981,1986,Joao Joao Moutinho,61,Portugal,0,1,2,0,1,4,2,3,0,0,121,8,2.0,0.0,0.0,0.0,0.0,0.0
348983,1986,Nani,66,Portugal,0,3,4,4,7,9,5,1,1,0,62,5,2.0,0.0,0.0,0.0,0.0,0.0
349032,1982,Vasily Berezutskiy,83,Russia,0,3,0,0,1,1,0,1,0,0,104,9,2.0,0.0,0.0,0.0,0.0,0.0
349037,1983,Yury Zhirkov,75,Russia,0,1,0,0,1,1,0,0,0,0,18,2,1.0,1.0,1.0,0.0,0.0,0.0
349048,1983,Pepe,81,Portugal,0,0,1,0,0,0,2,1,0,0,18,9,1.0,0.0,0.0,0.0,0.0,1.0
349050,1981,Bruno Alves,80,Portugal,0,3,1,0,0,0,2,0,0,0,84,16,2.0,0.0,0.0,0.0,0.0,0.0
349054,1983,Raul Meireles,78,Portugal,0,4,2,1,2,1,2,0,0,0,75,12,2.0,0.0,1.0,0.0,0.0,0.0
349060,1986,Vieirinha,73,Portugal,0,0,0,0,0,0,0,0,0,0,0,0,0.0,2.0,0.0,0.0,0.0,0.0
349077,1981,Vangelis Moras,78,Greece,0,0,0,0,0,0,0,0,0,0,0,0,0.0,2.0,0.0,0.0,0.0,0.0
349081,1988,Sokratis Papastathopoulos,85,Greece,0,1,2,0,0,1,3,3,0,0,43,14,2.0,0.0,0.0,0.0,0.0,0.0
349157,1984,Jorge Fucile,77,Uruguay,0,0,1,0,0,0,1,0,0,0,1,0,0.0,2.0,0.0,1.0,0.0,0.0
349158,1987,Panagiotis Koné,74,Greece,0,0,3,2,5,4,2,4,0,0,33,5,2.0,0.0,2.0,0.0,0.0,0.0
349238,1980,Diego Lugano,83,Uruguay,0,0,1,0,0,1,1,3,0,0,32,4,1.0,0.0,0.0,0.0,1.0,0.0
349387,1981,Loukas Vyntra,76,Greece,0,0,0,0,0,0,0,0,0,0,0,0,0.0,2.0,0.0,0.0,0.0,0.0
349396,1985,Alexandros Tziolis,84,Greece,0,0,0,0,0,0,0,0,0,0,0,0,0.0,2.0,0.0,0.0,0.0,0.0
349417,1981,Dimitrios Salpingidis,74,Greece,0,0,1,1,1,4,2,2,0,1,10,1,1.0,1.0,1.0,1.0,1.0,0.0
349443,1988,Yann Sommer,79,Switzerland,0,0,0,0,0,0,0,0,0,0,0,0,0.0,2.0,0.0,0.0,0.0,0.0
349448,1988,Ivan Rakitic,76,Croatia,0,2,6,1,2,1,2,0,0,0,92,23,2.0,0.0,0.0,0.0,0.0,0.0
349453,1982,Eduardo,84,Portugal,0,0,0,0,0,0,0,0,0,0,0,0,0.0,2.0,0.0,0.0,0.0,0.0
349901,1988,James Troisi,81,Australia,0,0,1,0,1,1,1,1,0,0,15,2,0.0,3.0,0.0,2.0,0.0,0.0
350484,1986,Stephane Ruffier,90,France,0,0,0,0,0,0,0,0,0,0,0,0,0.0,2.0,0.0,0.0,0.0,0.0
351086,1988,Mats Hummels,90,Germany,0,3,5,1,1,0,2,1,1,0,109,24,2.0,0.0,1.0,0.0,0.0,0.0
351268,1982,Hélder Postiga,76,Portugal,0,0,0,0,0,0,0,0,0,0,3,0,1.0,1.0,1.0,0.0,0.0,0.0
351270,1979,Ivica Olic,85,Croatia,0,1,10,2,4,8,3,0,1,0,23,7,2.0,0.0,1.0,0.0,0.0,0.0
351427,1987,Reza Ghoochannejhad,76,Iran,0,0,3,4,7,3,12,7,0,0,25,5,2.0,0.0,0.0,0.0,0.0,0.0
353049,1977,Giorgos Karagounis,74,Greece,0,0,4,0,0,2,2,5,0,0,16,3,0.0,0.0,0.0,2.0,0.0,0.0
353505,1988,Fraser Forster,76,England,0,0,0,0,0,0,0,0,0,0,0,0,0.0,2.0,0.0,0.0,0.0,0.0
353630,1989,Matteo Darmian,70,Italy,0,1,2,2,3,3,2,3,0,1,74,4,2.0,0.0,0.0,0.0,0.0,0.0
356019,1987,Gonzalo Higuaín,82,Argentina,1,1,0,1,2,2,0,0,0,0,30,2,1.0,1.0,0.0,1.0,0.0,0.0
356026,1988,Marcelo,75,Brazil,0,3,5,0,1,6,1,5,0,0,103,16,2.0,0.0,0.0,0.0,0.0,0.0
357416,1988,Matthew Spiranovic,87,Australia,0,5,1,1,2,0,5,3,0,0,116,17,3.0,0.0,0.0,0.0,1.0,0.0
358760,1980,Yasuhito Endo,75,Japan,0,0,3,2,2,3,2,0,0,0,76,2,0.0,1.0,0.0,2.0,0.0,0.0
358846,1984,Christian Bolanos,67,Costa Rica,1,0,2,2,2,6,7,2,0,1,49,5,2.0,0.0,1.0,0.0,0.0,0.0
358879,1983,Maynor Figueroa,82,Honduras,0,5,4,0,3,0,4,2,0,0,72,16,2.0,0.0,0.0,0.0,0.0,0.0
358890,1984,Wilson Palacios,71,Honduras,0,3,1,1,1,0,3,3,0,0,12,3,1.0,0.0,0.0,0.0,0.0,1.0
358942,1984,Roy Miller,77,Costa Rica,0,0,0,0,0,0,0,0,0,0,0,0,0.0,2.0,0.0,0.0,0.0,0.0
358943,1983,Randall Brenes,72,Costa Rica,0,0,0,0,1,0,1,0,0,0,4,1,0.0,1.0,0.0,1.0,0.0,0.0
358947,1984,Boniek García,72,Honduras,0,0,1,2,2,1,2,7,0,0,36,2,1.0,1.0,1.0,0.0,1.0,0.0
359225,1986,Marcelo Díaz,67,Chile,0,0,5,1,2,4,5,1,0,0,147,13,3.0,0.0,0.0,0.0,0.0,0.0
359237,1983,Martín Silva,80,Uruguay,0,0,0,0,0,0,0,0,0,0,0,0,0.0,2.0,0.0,0.0,0.0,0.0
359240,1984,Álvaro González,72,Uruguay,0,2,5,1,1,2,1,1,0,0,35,12,1.0,1.0,1.0,0.0,0.0,0.0
359247,1984,Maximiliano Maxi Pereira,70,Uruguay,0,0,0,0,0,2,2,2,0,0,38,8,1.0,0.0,0.0,0.0,0.0,1.0
359280,1985,Hernanes,76,Brazil,0,0,0,0,0,1,0,1,0,0,5,3,0.0,2.0,0.0,1.0,0.0,0.0
359475,1986,Diego Godín,78,Uruguay,0,1,6,0,0,0,5,4,0,1,38,9,2.0,0.0,0.0,0.0,1.0,0.0
359565,1988,Héctor Moreno,80,Mexico,0,6,4,0,0,1,2,0,0,0,85,5,2.0,0.0,0.0,0.0,1.0,0.0
359610,1987,Arturo Vidal,75,Chile,0,0,3,0,1,1,6,3,0,0,66,11,2.0,1.0,2.0,0.0,1.0,0.0
359665,1983,Victor,84,Brazil,0,0,0,0,0,0,0,0,0,0,0,0,0.0,2.0,0.0,0.0,0.0,0.0
359808,1985,Jose Fuenzalida,67,Chile,0,0,0,0,0,0,0,0,0,0,0,0,0.0,3.0,0.0,0.0,0.0,0.0
359932,1988,Mauricio Isla,72,Chile,0,9,3,1,2,1,3,5,0,1,146,15,3.0,0.0,0.0,0.0,0.0,0.0
359948,1988,Ángel Di María,70,Argentina,0,1,1,4,5,20,1,3,0,0,93,8,2.0,0.0,0.0,0.0,0.0,0.0
360028,1987,Sammir,77,Croatia,0,0,3,1,2,0,2,1,0,0,23,3,1.0,1.0,1.0,0.0,0.0,0.0
360044,1983,Eduardo,72,Croatia,0,0,1,1,1,0,0,0,0,1,8,1,0.0,2.0,0.0,1.0,1.0,0.0
360062,1986,Blerim Dzemaili,73,Switzerland,0,0,3,1,2,0,2,1,1,0,41,1,0.0,2.0,0.0,1.0,0.0,0.0
360063,1985,Luka Modric,65,Croatia,0,1,3,2,2,3,1,4,0,0,93,17,2.0,0.0,0.0,0.0,0.0,0.0
360095,1981,Amir Hossein Sadeghi,78,Iran,0,2,0,0,0,0,1,1,0,0,23,7,2.0,0.0,0.0,0.0,0.0,0.0
360304,1978,Gianluigi Buffon,83,Italy,0,0,0,0,0,0,0,0,0,0,0,0,1.0,0.0,0.0,0.0,0.0,0.0
362160,1985,Mark Milligan,78,Australia,0,1,4,1,1,0,2,0,0,0,26,2,1.0,1.0,0.0,0.0,1.0,0.0
363468,1981,Jorge Guagua,75,Ecuador,0,1,3,0,0,0,1,2,0,0,34,7,2.0,0.0,0.0,0.0,0.0,0.0
363473,1979,Walter Ayoví,68,Ecuador,2,3,0,0,2,10,3,0,0,0,100,15,2.0,0.0,0.0,0.0,0.0,0.0
363537,1977,Noel Valladares,80,Honduras,0,0,0,0,0,0,0,0,0,0,0,0,1.0,0.0,0.0,0.0,0.0,0.0
363591,1986,Emilio Izaguirre,77,Honduras,0,0,2,0,0,2,2,0,0,0,44,7,2.0,0.0,1.0,0.0,0.0,0.0
364421,1984,Makoto Hasebe,65,Japan,0,0,1,0,1,0,2,2,0,0,68,5,2.0,0.0,2.0,0.0,1.0,0.0
367842,1982,Aleksandr Kerzhakov,76,Russia,0,0,0,1,1,0,1,0,1,0,2,0,0.0,2.0,0.0,2.0,0.0,0.0
367870,1984,Austin Ejide,90,Nigeria,0,0,0,0,0,0,0,0,0,0,0,0,0.0,2.0,0.0,0.0,0.0,0.0
367871,1982,Vincent Enyeama,87,Nigeria,0,0,0,0,0,0,0,0,0,0,0,0,1.0,0.0,0.0,0.0,0.0,0.0
368221,1981,José de Jesús Corona,82,Mexico,0,0,0,0,0,0,0,0,0,0,0,0,0.0,2.0,0.0,0.0,0.0,0.0
368436,1981,Francisco Rodríguez,84,Mexico,0,1,3,0,0,0,2,0,0,0,101,9,2.0,0.0,0.0,0.0,0.0,0.0
368530,1980,Hugo Campagnaro,85,Argentina,0,1,1,0,0,0,0,2,0,0,34,1,1.0,1.0,0.0,0.0,0.0,0.0
369575,1984,Oribe Peralta,68,Mexico,0,1,4,2,2,0,4,1,1,3,27,2,2.0,0.0,2.0,0.0,0.0,0.0
370625,1984,Henri Bedimo,80,Cameroon,0,0,0,0,0,0,0,0,0,0,0,0,0.0,2.0,0.0,0.0,0.0,0.0
370693,1983,Diego Benaglio,83,Switzerland,0,0,0,0,0,0,0,0,0,0,0,0,2.0,0.0,0.0,0.0,0.0,0.0
371070,1985,Juan Zuniga,72,Colombia,0,4,1,0,0,0,2,5,0,0,64,12,2.0,0.0,0.0,0.0,0.0,0.0
371264,1981,Agustín Orión,83,Argentina,0,0,0,0,0,0,0,0,0,0,0,0,0.0,2.0,0.0,0.0,0.0,0.0
371511,1982,Alfredo Talavera,86,Mexico,0,0,0,0,0,0,0,0,0,0,0,0,0.0,2.0,0.0,0.0,0.0,0.0
372059,1985,Guillermo Ochoa,78,Mexico,0,0,0,0,0,0,0,0,0,0,0,0,1.0,0.0,0.0,0.0,0.0,0.0
372134,1983,Jorge Valdivia,71,Chile,0,0,5,2,2,3,1,3,1,1,44,2,1.0,2.0,1.0,2.0,0.0,0.0
372141,1980,Esteban Paredes,78,Chile,0,0,0,0,0,0,0,0,0,0,0,0,0.0,3.0,0.0,0.0,0.0,0.0
372417,1986,Enzo Pérez,77,Argentina,0,0,0,0,0,0,0,0,0,0,0,0,0.0,2.0,0.0,0.0,0.0,0.0
372472,1987,Alessio Cerci,78,Italy,0,0,0,0,0,1,0,0,0,2,4,0,0.0,2.0,0.0,0.0,0.0,0.0
372560,1983,Luis Saritama,76,Ecuador,0,0,0,0,0,0,0,0,0,0,0,0,0.0,2.0,0.0,0.0,0.0,0.0
372583,1983,Júnior Díaz,76,Costa Rica,1,5,8,0,0,5,5,6,0,0,67,15,2.0,0.0,0.0,0.0,0.0,0.0
372953,1982,Rodrigo Palacio,70,Argentina,0,0,0,1,1,2,0,0,0,0,3,0,0.0,2.0,0.0,0.0,0.0,0.0
372986,1985,Ezequiel Lavezzi,75,Argentina,1,0,0,0,0,4,0,0,0,0,6,1,0.0,2.0,0.0,1.0,0.0,0.0
373064,1986,Ignazio Abate,73,Italy,0,0,0,0,0,1,3,2,0,1,30,7,1.0,1.0,0.0,0.0,0.0,0.0
373065,1984,Giorgio Chiellini,76,Italy,0,4,9,0,1,0,1,5,0,0,120,24,2.0,0.0,0.0,0.0,0.0,0.0
373114,1983,Oswaldo Minda,78,Ecuador,0,1,3,0,0,0,0,0,0,0,38,9,1.0,1.0,1.0,0.0,0.0,0.0
373570,1986,Christian Stuani,76,Uruguay,0,0,3,0,0,1,5,2,0,0,20,4,1.0,1.0,0.0,1.0,0.0,0.0
373573,1984,Walter Gargano,65,Uruguay,0,0,1,0,0,0,2,0,0,0,36,5,1.0,1.0,0.0,0.0,1.0,0.0
373592,1984,José María Basanta,78,Argentina,0,0,0,0,0,0,0,0,0,0,0,0,0.0,2.0,0.0,0.0,0.0,0.0
373844,1987,Sergio Romero,88,Argentina,0,0,0,0,0,0,0,0,0,0,0,0,2.0,0.0,0.0,0.0,0.0,0.0
373900,1986,Francisco Silva,80,Chile,0,0,4,0,0,0,5,6,0,0,91,20,2.0,1.0,1.0,0.0,0.0,0.0
373962,1986,Andrés Guardado,67,Mexico,0,1,2,1,4,5,4,4,0,0,54,6,2.0,0.0,1.0,0.0,0.0,0.0
373972,1984,Sejad Salihovic,79,Bosnia-Herzegovina,0,0,1,0,0,3,0,0,0,0,11,2,0.0,1.0,0.0,1.0,0.0,0.0
374090,1986,Fernando Gago,72,Argentina,0,0,4,0,0,2,2,4,0,0,149,7,1.0,1.0,0.0,0.0,0.0,0.0
374178,1982,Yoshito Okubo,73,Japan,0,0,3,3,5,1,4,5,0,0,27,1,1.0,1.0,0.0,1.0,0.0,0.0
374302,1986,Pablo Armero,81,Colombia,0,2,1,1,1,3,2,2,1,1,46,12,2.0,0.0,2.0,0.0,0.0,0.0
374316,1986,Adrián Ramos,74,Colombia,0,0,0,0,0,0,0,0,0,0,0,0,0.0,2.0,0.0,0.0,0.0,0.0
374514,1986,Jackson Martínez,85,Colombia,0,0,1,0,0,0,2,1,0,0,1,0,0.0,2.0,0.0,1.0,0.0,0.0
374546,1981,Johnny Herrera,81,Chile,0,0,0,0,0,0,0,0,0,0,0,0,0.0,3.0,0.0,0.0,0.0,0.0
374561,1983,Jose Rojas,77,Chile,0,0,0,0,0,0,0,0,0,0,0,0,0.0,3.0,0.0,0.0,0.0,0.0
374579,1982,Óscar Bagüí,65,Ecuador,0,0,0,0,0,0,0,0,0,0,0,0,0.0,2.0,0.0,0.0,0.0,0.0
374914,1984,Mehdi Lacen,72,Algeria,0,0,3,0,0,0,1,1,0,0,11,3,0.0,1.0,0.0,2.0,0.0,0.0
375130,1983,Mariano Andújar,88,Argentina,0,0,0,0,0,0,0,0,0,0,0,0,0.0,2.0,0.0,0.0,0.0,0.0
375263,1986,Augusto Fernández,74,Argentina,0,0,0,0,0,0,0,0,0,0,0,0,0.0,2.0,0.0,0.0,0.0,0.0
375405,1987,Leonardo Bonucci,82,Italy,0,0,0,0,0,0,0,0,0,0,0,0,0.0,2.0,0.0,0.0,0.0,0.0
375518,1986,Paul Aguilar,65,Mexico,0,1,6,0,1,6,4,5,0,0,56,3,2.0,0.0,0.0,0.0,0.0,0.0
375578,1988,Miguel Layún,64,Mexico,0,2,2,1,4,8,1,1,0,0,57,8,2.0,0.0,0.0,0.0,0.0,0.0
375735,1985,Gonzalo Jara,79,Chile,0,2,4,0,1,1,5,2,0,0,166,37,3.0,0.0,0.0,0.0,0.0,0.0
375843,1984,Thiago Silva,79,Brazil,0,2,4,1,1,0,1,2,0,0,106,13,2.0,0.0,0.0,0.0,1.0,0.0
375893,1988,Javier Hernández,62,Mexico,0,0,0,0,2,1,1,4,0,0,3,1,0.0,2.0,0.0,2.0,0.0,0.0
375927,1989,Ron-Robert Zieler,83,Germany,0,0,0,0,0,0,0,0,0,0,0,0,0.0,2.0,0.0,0.0,0.0,0.0
375970,1982,Patrick Pemberton,80,Costa Rica,0,0,0,0,0,0,0,0,0,0,0,0,0.0,2.0,0.0,0.0,0.0,0.0
376173,1989,Eduardo Vargas,69,Chile,1,4,0,3,4,0,0,1,1,1,54,6,3.0,0.0,3.0,0.0,0.0,0.0
376177,1989,Charles Aranguiz,66,Chile,1,2,2,1,1,2,1,4,1,1,101,12,3.0,0.0,1.0,0.0,1.0,0.0
376241,1989,Daniel Sturridge,76,England,0,0,1,6,8,2,1,5,1,1,38,1,2.0,0.0,1.0,0.0,0.0,0.0
376672,1982,Madjid Bouguerra,89,Algeria,0,3,5,0,0,0,1,2,0,0,56,21,2.0,0.0,1.0,0.0,1.0,0.0
376673,1988,Jerome Boateng,90,Germany,0,4,1,0,0,2,2,2,0,0,59,7,2.0,0.0,1.0,0.0,0.0,0.0
377035,1990,Mamadou Sakho,74,France,0,4,0,0,0,0,0,0,0,0,106,12,2.0,0.0,1.0,0.0,0.0,0.0
377080,1988,Diego Costa,81,Spain,0,0,0,2,4,1,1,2,0,2,22,1,2.0,1.0,2.0,0.0,0.0,0.0
378278,1988,Benedikt Howedes,80,Germany,1,5,4,0,0,0,0,1,0,1,74,18,2.0,0.0,0.0,0.0,0.0,0.0
378639,1989,César Azpilicueta,70,Spain,0,0,1,0,0,4,2,0,0,0,96,12,2.0,1.0,0.0,0.0,0.0,0.0
381448,1990,Georginio Wijnaldum,74,Netherlands,0,0,0,1,2,0,3,2,0,0,27,7,1.0,2.0,0.0,2.0,0.0,0.0
385942,1983,Michael Barrantes,71,Costa Rica,0,0,0,0,0,0,1,1,0,0,0,0,0.0,1.0,0.0,1.0,0.0,0.0
386041,1986,Jorge Claros,70,Honduras,0,1,6,0,1,0,0,2,0,0,60,6,1.0,1.0,0.0,1.0,0.0,0.0
386314,1989,Giovanni Sio,77,Ivory Coast,0,0,0,0,0,0,0,0,0,0,0,0,0.0,2.0,0.0,0.0,0.0,0.0
387207,1987,Martín Cáceres,77,Uruguay,0,1,5,1,1,4,4,5,0,0,78,17,2.0,0.0,0.0,0.0,1.0,0.0
387218,1987,Michael Arroyo,72,Ecuador,0,0,0,1,1,0,0,1,0,0,7,1,0.0,1.0,0.0,1.0,0.0,0.0
387226,1988,Jaime Ayoví,61,Ecuador,0,0,0,0,0,0,0,0,0,0,0,0,0.0,2.0,0.0,0.0,0.0,0.0
387261,1986,Fabián Orellana,69,Chile,0,0,0,0,0,0,0,0,0,0,0,0,0.0,3.0,0.0,0.0,0.0,0.0
387348,1986,Fernando Muslera,77,Uruguay,0,0,0,0,0,0,0,0,0,0,0,0,2.0,0.0,0.0,0.0,0.0,0.0
388493,1988,Willian,70,Brazil,0,0,0,0,0,0,0,1,0,0,3,1,0.0,2.0,0.0,1.0,0.0,0.0
389706,1988,Cristopher Toselli,76,Chile,0,0,0,0,0,0,0,0,0,0,0,0,0.0,3.0,0.0,0.0,0.0,0.0
389856,1982,Egidio Arévalo Ríos,68,Uruguay,0,0,7,1,1,1,4,1,0,0,70,21,2.0,0.0,0.0,0.0,0.0,0.0
390012,1987,Gary Medel,74,Chile,0,0,4,0,1,1,3,6,0,0,209,37,3.0,0.0,0.0,0.0,0.0,0.0
390080,1989,Giovani Dos Santos,71,Mexico,0,1,1,3,3,2,2,3,0,2,50,4,2.0,0.0,1.0,0.0,0.0,0.0
390097,1987,Joo-Ho Park,69,Korea Republic,0,0,0,0,0,0,0,0,0,0,0,0,0.0,2.0,0.0,0.0,0.0,0.0
390270,1988,Dave Myrie,79,Costa Rica,0,0,0,0,0,0,0,0,0,0,0,0,0.0,2.0,0.0,0.0,0.0,0.0
390272,1988,Giancarlo González,83,Costa Rica,0,2,5,0,3,0,1,3,0,0,43,20,2.0,0.0,0.0,0.0,0.0,0.0
390295,1987,José Cubero,70,Costa Rica,0,1,2,0,0,0,1,0,0,0,7,2,0.0,2.0,0.0,2.0,1.0,0.0
390305,1988,Celso Borges,82,Costa Rica,0,1,0,1,3,1,0,1,0,0,70,13,2.0,0.0,0.0,0.0,0.0,0.0
390332,1987,Carlos Carmona,68,Chile,0,0,0,0,0,0,0,0,0,0,1,0,0.0,2.0,0.0,1.0,0.0,0.0
390339,1988,Atsuto Uchida,62,Japan,0,3,4,1,2,13,1,3,0,1,68,8,2.0,0.0,0.0,0.0,0.0,0.0
390340,1989,Shinji Kagawa,63,Japan,0,2,7,0,0,0,2,2,0,0,62,6,1.0,1.0,1.0,1.0,0.0,0.0
390345,1987,Morishige Masato,76,Japan,0,3,1,0,0,0,2,1,0,0,30,1,1.0,1.0,0.0,0.0,1.0,0.0
392604,1988,Efe Ambrose,70,Nigeria,0,0,2,0,0,8,1,3,0,0,91,13,2.0,0.0,0.0,0.0,0.0,0.0
392800,1988,Fabio Coentrão,70,Portugal,0,1,1,0,0,4,1,0,0,0,31,4,1.0,0.0,1.0,0.0,0.0,0.0
394208,1989,Morgan Schneiderlin,75,France,0,0,0,0,0,0,0,0,0,0,0,0,0.0,2.0,0.0,0.0,0.0,0.0
394566,1986,Shinji Okazaki,76,Japan,0,0,2,0,0,0,7,3,0,0,29,4,2.0,0.0,0.0,0.0,0.0,0.0
394585,1986,Keisuke Honda,76,Japan,0,0,1,6,7,6,2,6,1,0,96,5,2.0,0.0,0.0,0.0,0.0,0.0
394603,1988,Yoshida Maya,78,Japan,0,3,2,0,1,2,4,1,0,0,92,11,2.0,0.0,0.0,0.0,1.0,0.0
394651,1986,Aoyama Toshihiro,73,Japan,0,0,0,0,0,0,0,0,0,0,0,0,0.0,2.0,0.0,0.0,0.0,0.0
394780,1983,Yasuyuki Konno,73,Japan,0,2,1,0,0,0,3,0,0,0,78,7,1.0,1.0,0.0,0.0,0.0,0.0
394835,1990,Kakitani Yoichiro,68,Japan,0,0,0,0,0,0,0,0,0,0,1,0,0.0,2.0,0.0,1.0,0.0,0.0
395037,1986,Shusaku Nishikawa,81,Japan,0,0,0,0,0,0,0,0,0,0,0,0,0.0,2.0,0.0,0.0,0.0,0.0
395122,1989,Shuichi Gonda,85,Japan,0,0,0,0,0,0,0,0,0,0,0,0,0.0,2.0,0.0,0.0,0.0,0.0
395125,1985,Inoha Masahiko,74,Japan,0,0,0,0,0,0,0,0,0,0,0,0,0.0,2.0,0.0,0.0,0.0,0.0
395130,1986,Yuto Nagatomo,68,Japan,1,2,3,0,0,18,2,1,0,0,77,15,2.0,0.0,0.0,0.0,0.0,0.0
395310,1983,Eiji Kawashima,82,Japan,0,0,0,0,0,0,0,0,0,0,0,0,1.0,0.0,0.0,0.0,0.0,0.0
395451,1986,Carlos Sánchez,82,Colombia,0,1,6,1,1,1,2,1,0,0,42,11,2.0,0.0,0.0,0.0,1.0,0.0
395468,1985,Aurelien Chedjou,77,Cameroon,0,0,3,1,2,0,1,1,0,0,50,8,2.0,0.0,1.0,0.0,0.0,0.0
395615,1986,Gelson Fernandes,70,Switzerland,0,0,0,0,0,0,0,0,0,0,0,0,0.0,2.0,0.0,0.0,0.0,0.0
396430,1986,Claudio Marchisio,76,Italy,0,0,3,1,1,0,4,4,1,1,58,7,2.0,0.0,0.0,0.0,0.0,0.0
396446,1988,Juan Mata,61,Spain,0,0,0,2,2,0,1,0,1,0,32,3,0.0,3.0,0.0,1.0,0.0,0.0
396687,1985,Nikica Jelavic,84,Croatia,0,0,1,1,1,1,2,0,0,0,8,0,1.0,1.0,1.0,0.0,0.0,0.0
397447,1987,Dario Vidosic,74,Australia,0,0,0,0,0,0,0,0,0,0,0,0,0.0,3.0,0.0,0.0,0.0,0.0
397482,1990,Toni Kroos,78,Germany,2,2,3,2,4,8,1,6,0,0,150,10,2.0,0.0,0.0,0.0,0.0,0.0
397547,1989,Eric Maxim Choupo-Moting,84,Cameroon,0,2,2,3,3,1,1,0,0,1,32,6,2.0,0.0,1.0,0.0,0.0,0.0
397817,1991,Eden Hazard,56,Belgium,2,0,0,2,2,8,2,6,0,0,56,5,2.0,0.0,0.0,0.0,0.0,0.0
397830,1989,André Ayew,72,Ghana,0,0,2,4,5,2,2,3,2,1,41,7,2.0,0.0,0.0,0.0,0.0,0.0
397897,1990,Yacine Brahimi,68,Algeria,0,0,1,2,3,4,3,1,1,0,36,8,1.0,1.0,1.0,0.0,0.0,0.0
397904,1989,Moussa Sissoko,88,France,0,0,1,1,1,4,2,0,1,0,49,2,1.0,1.0,0.0,1.0,0.0,0.0
398553,1986,Vedran Corluka,84,Croatia,0,4,1,0,1,0,2,1,0,0,64,11,2.0,0.0,0.0,0.0,1.0,0.0
398659,1985,Silvestre Varela,79,Portugal,0,0,0,1,1,1,0,1,1,0,11,1,0.0,2.0,0.0,1.0,0.0,0.0
399085,1988,David Ospina,79,Colombia,0,0,0,0,0,0,0,0,0,0,0,0,2.0,0.0,0.0,0.0,0.0,0.0
400160,1986,Edin Dzeko,80,Bosnia-Herzegovina,0,0,0,4,8,0,2,3,0,2,37,1,2.0,0.0,0.0,0.0,0.0,0.0
400424,1989,Oliver Bozanic,77,Australia,0,1,2,1,1,4,2,2,0,0,33,1,1.0,2.0,1.0,1.0,0.0,0.0
401315,1983,Steve Von Bergen,79,Switzerland,0,0,0,0,0,0,0,2,0,0,32,8,2.0,0.0,1.0,0.0,0.0,0.0
401342,1990,Miralem Pjanic,68,Bosnia-Herzegovina,0,0,2,4,4,3,2,4,0,1,123,11,2.0,0.0,0.0,0.0,0.0,0.0
401897,1989,Anel Hadzic,73,Bosnia-Herzegovina,0,0,0,0,0,0,0,0,0,0,0,0,0.0,2.0,0.0,0.0,0.0,0.0
402037,1984,Djamel Mesbah,74,Algeria,0,2,1,0,0,5,1,2,0,0,47,7,1.0,1.0,0.0,0.0,0.0,0.0
402045,1988,Felipe Caicedo,80,Ecuador,0,0,3,1,1,0,2,1,0,1,28,5,2.0,0.0,2.0,0.0,0.0,0.0
402305,1991,Michael Lang,79,Switzerland,0,0,0,0,0,0,0,0,0,0,0,0,0.0,2.0,0.0,0.0,0.0,0.0
402360,1987,Antonio Candreva,72,Italy,1,2,0,2,5,10,0,0,0,1,42,1,2.0,0.0,2.0,0.0,0.0,0.0
402362,1984,Gokhan Inler,80,Switzerland,1,1,1,2,4,1,3,4,0,0,118,19,2.0,0.0,0.0,0.0,0.0,0.0
402366,1989,Valentin Stocker,73,Switzerland,0,0,0,0,1,0,1,0,0,0,9,0,1.0,1.0,1.0,0.0,0.0,0.0
406401,1989,Ryan McGowan,75,Australia,1,1,5,0,0,2,2,3,0,0,84,9,2.0,1.0,0.0,1.0,0.0,0.0
408109,1988,Adam Lallana,73,England,0,1,1,0,0,0,0,1,0,0,19,2,0.0,1.0,0.0,2.0,0.0,0.0
408160,1984,José Holebas,79,Greece,0,1,2,2,2,9,5,1,0,0,55,12,2.0,0.0,0.0,0.0,0.0,0.0
408161,1987,Fabian Johnson,74,United States,0,1,0,1,2,2,1,2,0,1,54,7,2.0,0.0,0.0,0.0,0.0,0.0
409107,1984,Didier Ya Konan,74,Ivory Coast,0,0,0,0,0,0,0,1,0,0,8,0,0.0,2.0,0.0,1.0,0.0,0.0
409124,1988,Konstantinos Mitroglou,94,Greece,0,0,0,2,2,1,0,0,0,1,4,0,1.0,1.0,1.0,1.0,0.0,0.0
409126,1985,Vasilis Torosidis,80,Greece,0,2,1,1,3,9,3,3,0,0,56,5,2.0,0.0,0.0,0.0,1.0,0.0
409128,1987,David Luiz,84,Brazil,0,2,3,2,3,1,2,0,0,0,87,12,2.0,0.0,0.0,0.0,0.0,0.0
409159,1987,Jo,78,Brazil,0,0,0,0,1,0,0,0,0,1,2,0,0.0,2.0,0.0,1.0,0.0,0.0
410479,1987,Luiz Gustavo,80,Brazil,0,2,5,0,1,0,3,8,0,0,90,22,2.0,0.0,0.0,0.0,1.0,0.0
415166,1984,Igor Denisov,70,Russia,0,0,1,1,1,0,0,0,0,0,18,0,0.0,2.0,0.0,1.0,0.0,0.0
415170,1989,Alexey Ionov,68,Russia,0,0,0,0,0,0,0,0,0,0,0,0,0.0,2.0,0.0,0.0,0.0,0.0
415208,1984,Alexander Samedov,75,Russia,0,0,0,0,1,12,0,3,0,0,64,7,2.0,0.0,1.0,0.0,0.0,0.0
415209,1980,Emir Spahic,77,Bosnia-Herzegovina,0,1,5,0,0,0,2,1,0,0,87,29,2.0,0.0,0.0,0.0,0.0,0.0
415334,1986,Mario Mandzukic,84,Croatia,0,0,1,2,4,0,2,2,2,2,15,2,1.0,0.0,0.0,0.0,0.0,0.0
415336,1985,Gordon Schildenfeld,90,Croatia,0,0,0,0,0,0,0,0,0,0,0,0,0.0,2.0,0.0,0.0,0.0,0.0
415338,1983,Ognjen Vukojevic,85,Croatia,0,0,0,0,0,0,0,0,0,0,0,0,0.0,2.0,0.0,0.0,0.0,0.0
415506,1986,Ioannis Maniatis,68,Greece,0,4,1,2,2,3,2,3,0,0,63,6,2.0,0.0,0.0,0.0,0.0,0.0
415581,1984,Joao Pereira,64,Portugal,0,1,4,0,0,4,2,0,0,0,74,12,2.0,0.0,0.0,0.0,0.0,0.0
416523,1990,Victor Moses,73,Nigeria,0,0,0,1,1,1,1,0,0,0,7,0,1.0,1.0,1.0,0.0,0.0,0.0
418066,1985,Senijad Ibricic,79,Bosnia-Herzegovina,0,0,0,0,0,0,0,0,0,0,0,0,0.0,2.0,0.0,0.0,0.0,0.0
419772,1989,Marco Fabián,65,Mexico,0,0,0,0,0,0,1,1,0,0,15,1,0.0,1.0,0.0,2.0,0.0,0.0
421720,1990,Leroy Fer,79,Netherlands,0,0,1,1,1,0,1,0,1,0,6,2,0.0,3.0,0.0,1.0,0.0,0.0
422411,1987,Max Gradel,69,Ivory Coast,0,1,0,1,1,4,2,2,0,0,15,3,1.0,1.0,1.0,0.0,0.0,0.0
422655,1982,Rickie Lambert,77,England,0,0,0,0,0,0,1,0,0,0,0,1,0.0,2.0,0.0,1.0,0.0,0.0
435987,1990,Mario Balotelli,88,Italy,0,0,2,4,6,0,4,1,1,6,26,2,2.0,0.0,1.0,0.0,1.0,0.0
437140,1987,Pedro,64,Spain,0,0,2,1,1,1,2,6,0,0,30,2,1.0,2.0,1.0,0.0,0.0,0.0
437146,1987,Edinson Cavani,71,Uruguay,1,0,2,2,6,3,3,0,1,4,36,6,2.0,0.0,0.0,0.0,0.0,0.0
439302,1986,Roger Espinoza,73,Honduras,0,0,3,2,3,1,3,1,0,0,53,5,2.0,0.0,0.0,0.0,0.0,0.0
439571,1985,Geoff Cameron,84,United States,0,2,0,0,0,0,1,1,0,0,54,8,2.0,0.0,0.0,0.0,0.0,0.0
440563,1989,Sofiane Feghouli,71,Algeria,1,0,3,1,2,3,2,4,1,0,37,7,2.0,0.0,0.0,0.0,0.0,0.0
440565,1986,Olivier Giroud,88,France,1,1,0,2,4,1,2,2,1,0,17,0,1.0,1.0,1.0,1.0,0.0,0.0
440827,1987,Ramires,73,Brazil,1,0,3,0,0,1,2,1,0,0,10,2,1.0,1.0,1.0,0.0,1.0,0.0
441046,1987,Albert Adomah,74,Ghana,0,1,1,0,0,1,0,0,0,0,7,1,0.0,2.0,0.0,1.0,0.0,0.0
441986,1985,Ruben Amorim,78,Portugal,0,0,0,0,0,0,0,0,0,0,0,0,0.0,2.0,0.0,0.0,0.0,0.0
442081,1987,Eder,81,Portugal,0,0,1,2,6,2,2,4,0,0,36,2,0.0,1.0,0.0,2.0,0.0,0.0
442366,1986,Viktor Fayzulin,72,Russia,0,0,1,3,4,5,1,6,0,0,83,10,2.0,0.0,0.0,0.0,0.0,0.0
442973,1983,Jefferson,93,Brazil,0,0,0,0,0,0,0,0,0,0,0,0,0.0,2.0,0.0,0.0,0.0,0.0
443052,1989,Nacer Chadli,80,Belgium,0,0,2,2,3,0,2,0,0,0,27,0,1.0,1.0,1.0,0.0,0.0,0.0
443066,1987,Dries Mertens,61,Belgium,0,0,1,2,4,9,3,3,1,1,23,6,1.0,1.0,1.0,1.0,0.0,0.0
443126,1989,Daryl Janmaat,80,Netherlands,1,1,5,0,0,3,6,1,0,0,83,27,3.0,0.0,0.0,0.0,0.0,0.0
445051,1986,Lazaros Christodoulopoulos,77,Greece,0,0,0,0,0,0,0,0,0,0,0,0,0.0,2.0,0.0,0.0,0.0,0.0
445071,1986,Panagiotis Glykos,77,Greece,0,0,0,0,0,0,0,0,0,0,0,0,0.0,2.0,0.0,0.0,0.0,0.0
445324,1987,Georgios Tzavelas,80,Greece,0,0,0,0,0,0,0,0,0,0,0,0,0.0,2.0,0.0,0.0,0.0,0.0
445387,1990,Saito Manabu,68,Japan,0,0,0,0,0,0,0,0,0,0,0,0,0.0,2.0,0.0,0.0,0.0,0.0
445416,1990,Hiroki Sakai,70,Japan,0,0,0,0,0,0,0,0,0,0,0,0,0.0,2.0,0.0,0.0,0.0,0.0
445461,1989,Hiroshi Kiyotake,63,Japan,0,0,0,0,0,0,0,0,0,0,0,0,0.0,2.0,0.0,0.0,0.0,0.0
446266,1989,Jordi Alba,69,Spain,0,1,0,1,3,5,1,3,0,0,185,24,3.0,0.0,0.0,0.0,0.0,0.0
446775,1988,Kwadwo Asamoah,78,Ghana,0,0,3,2,2,5,0,4,0,0,111,17,2.0,0.0,0.0,0.0,0.0,0.0
447020,1991,Gotoku Sakai,74,Japan,0,0,0,0,0,0,0,0,0,0,0,0,0.0,2.0,0.0,0.0,0.0,0.0
447916,1990,Danny Welbeck,73,England,0,1,3,0,1,3,1,3,0,0,46,6,2.0,0.0,2.0,0.0,0.0,0.0
454635,1988,Ricardo Álvarez,84,Argentina,0,0,0,0,0,0,0,0,0,0,0,0,0.0,2.0,0.0,0.0,0.0,0.0
456926,1986,Henrique,73,Brazil,0,0,0,0,0,0,0,0,0,0,0,0,0.0,2.0,0.0,0.0,0.0,0.0
457028,1986,Senad Lulic,75,Bosnia-Herzegovina,1,0,5,2,2,4,2,1,0,2,47,6,2.0,0.0,1.0,0.0,0.0,0.0
457102,1990,Roman Burki,83,Switzerland,0,0,0,0,0,0,0,0,0,0,0,0,0.0,2.0,0.0,0.0,0.0,0.0
457113,1991,Admir Mehmedi,76,Switzerland,0,0,0,3,4,1,0,5,1,0,54,5,1.0,1.0,0.0,1.0,0.0,0.0
457509,1986,Avdija Vrsajevic,75,Bosnia-Herzegovina,0,0,0,0,0,0,0,0,0,0,0,0,0.0,2.0,0.0,0.0,0.0,0.0
457705,1982,Victor Bernárdez,86,Honduras,0,1,2,1,2,0,4,1,0,0,25,5,2.0,0.0,1.0,0.0,1.0,0.0
457707,1984,Osman Chávez,91,Honduras,0,1,0,0,0,0,0,1,0,0,10,2,0.0,1.0,0.0,1.0,0.0,0.0
457756,1989,Fede Fernández,81,Argentina,0,2,4,0,1,0,2,5,0,0,95,6,2.0,0.0,0.0,0.0,0.0,0.0
458638,1984,Serey Die,77,Ivory Coast,0,2,3,1,1,1,3,2,0,0,88,5,2.0,0.0,2.0,0.0,0.0,0.0
459424,1983,Mehdi Mostefa,82,Algeria,0,1,3,0,0,0,3,2,0,0,13,4,1.0,1.0,0.0,0.0,0.0,0.0
459434,1985,Laurent Koscielny,75,France,0,1,0,0,0,0,1,0,0,0,7,0,0.0,1.0,0.0,1.0,0.0,0.0
461699,1986,Ousmane Diarrassouba,83,Ivory Coast,0,0,0,0,0,0,0,0,0,0,0,0,0.0,2.0,0.0,0.0,0.0,0.0
461719,1989,Mario Martínez,70,Honduras,0,0,0,2,2,0,0,1,0,0,11,0,0.0,2.0,0.0,1.0,0.0,0.0
461725,1985,Jung Sung-Ryong,85,Korea Republic,0,0,0,0,0,0,0,0,0,0,0,0,1.0,0.0,0.0,0.0,0.0,0.0
461729,1985,Chang-Soo Kim,74,Korea Republic,0,0,0,0,0,0,0,0,0,0,0,0,0.0,2.0,0.0,0.0,0.0,0.0
461735,1985,Keun-Ho Lee,75,Korea Republic,1,0,1,1,2,3,0,1,1,0,18,1,0.0,2.0,0.0,2.0,0.0,0.0
461803,1989,Thomas Müller,75,Germany,1,2,1,4,5,8,3,2,3,1,49,4,2.0,0.0,1.0,0.0,0.0,0.0
461806,1990,Nicolas N'Koulou,77,Cameroon,0,2,3,0,0,0,1,0,0,0,53,8,2.0,0.0,0.0,0.0,0.0,0.0
462543,1986,Constant Djakpa,71,Ivory Coast,0,1,0,0,0,0,0,0,0,0,9,1,0.0,2.0,0.0,1.0,0.0,0.0
462632,1986,Jasmin Fejzic,95,Bosnia-Herzegovina,0,0,0,0,0,0,0,0,0,0,0,0,0.0,2.0,0.0,0.0,0.0,0.0
463178,1985,Carlos Valdés,77,Colombia,0,0,0,0,0,0,0,0,0,0,0,0,0.0,2.0,0.0,0.0,0.0,0.0
464644,1988,Wilfried Bony,88,Ivory Coast,0,1,1,1,4,1,3,1,1,1,26,1,2.0,0.0,2.0,0.0,0.0,0.0
466295,1991,Oscar,66,Brazil,1,1,9,3,4,9,1,4,1,1,63,9,2.0,0.0,1.0,0.0,0.0,0.0
466419,1992,Jack Wilshere,65,England,0,0,0,0,0,0,0,0,0,0,12,0,0.0,2.0,0.0,1.0,0.0,0.0
466739,1989,Milan Badelj,76,Croatia,0,0,0,0,0,0,0,0,0,0,0,0,0.0,1.0,0.0,0.0,0.0,0.0
466741,1989,Dejan Lovren,84,Croatia,0,4,2,0,1,0,4,1,0,0,53,11,2.0,0.0,0.0,0.0,1.0,0.0
468085,1988,Kevin Großkreutz,72,Germany,0,0,0,0,0,0,0,0,0,0,0,0,0.0,2.0,0.0,0.0,0.0,0.0
471072,1989,Ivan Perisic,80,Croatia,1,1,2,3,5,10,3,4,1,0,27,10,2.0,0.0,1.0,0.0,0.0,0.0
471521,1986,Hulk,80,Brazil,0,0,0,0,2,1,0,1,0,0,14,1,1.0,1.0,1.0,0.0,0.0,0.0
473187,1988,Sergio Busquets,73,Spain,0,0,1,0,1,0,1,3,0,0,111,12,2.0,1.0,0.0,0.0,0.0,0.0
473961,1988,Chung-Yong Lee,69,Korea Republic,0,1,4,0,1,7,1,2,0,0,42,7,2.0,0.0,1.0,0.0,0.0,0.0
473962,1989,Sung-Yueng Ki,79,Korea Republic,1,2,5,2,2,7,2,4,0,0,115,5,2.0,0.0,0.0,0.0,1.0,0.0
473970,1982,Jalal Hosseini,80,Iran,0,2,2,0,2,0,0,0,0,0,19,12,2.0,0.0,0.0,0.0,0.0,0.0
473975,1982,Ahmad Alnameh,78,Iran,0,0,0,0,0,0,0,0,0,0,0,0,0.0,2.0,0.0,0.0,0.0,0.0
473977,1990,Ehsan Haji Safi,64,Iran,0,0,6,1,3,6,0,0,0,0,33,7,2.0,0.0,1.0,0.0,0.0,0.0
473978,1984,Masoud Shojaei,73,Iran,0,0,4,0,0,1,5,1,0,0,10,9,1.0,1.0,1.0,1.0,1.0,0.0
474975,1986,Eyong Enoh,70,Cameroon,0,1,3,1,2,0,5,3,0,0,43,4,2.0,0.0,0.0,0.0,0.0,0.0
476950,1985,Chu-Young Park,70,Korea Republic,0,1,3,1,1,0,4,1,0,0,27,5,2.0,0.0,2.0,0.0,0.0,0.0
476984,1990,Mubarak Wakaso,72,Ghana,0,1,1,0,1,0,2,0,0,1,7,0,0.0,2.0,0.0,1.0,0.0,0.0
479360,1990,Jordan Henderson,67,England,0,0,1,3,3,1,1,1,0,0,100,17,2.0,0.0,2.0,0.0,0.0,0.0
479948,1991,Eliaquim Mangala,81,France,0,0,0,0,0,0,0,0,0,0,0,0,0.0,2.0,0.0,0.0,0.0,0.0
481182,1990,Alan Dzagoev,70,Russia,0,0,0,1,2,0,1,0,0,0,15,3,0.0,1.0,0.0,2.0,0.0,0.0
481245,1984,Danijel Subašić,84,Croatia,0,0,0,0,0,0,0,0,0,0,0,0,0.0,2.0,0.0,0.0,0.0,0.0
481280,1980,Sergey Ryzhikov,92,Russia,0,0,0,0,0,0,0,0,0,0,0,0,0.0,2.0,0.0,0.0,0.0,0.0
481609,1984,Mile Jedinak,78,Australia,0,1,3,2,2,0,6,4,1,0,117,21,3.0,0.0,0.0,0.0,2.0,0.0
481610,1981,Eugene Galekovic,91,Australia,0,0,0,0,0,0,0,0,0,0,0,0,0.0,3.0,0.0,0.0,0.0,0.0
481672,1984,Hashem Beikzadeh,78,Iran,0,0,0,0,0,0,0,0,0,0,0,0,0.0,2.0,0.0,0.0,0.0,0.0
481709,1983,Pejman Montazeri,78,Iran,0,6,3,0,0,2,2,1,0,0,43,10,2.0,0.0,0.0,0.0,0.0,0.0
481764,1981,Tae-Hwi Kwak,80,Korea Republic,0,0,0,0,0,0,0,0,0,0,0,0,0.0,2.0,0.0,0.0,0.0,0.0
482076,1987,Adam Kwarasey,84,Ghana,0,0,0,0,0,0,0,0,0,0,0,0,1.0,1.0,0.0,0.0,0.0,0.0
482127,1991,Georgy Shchennikov,69,Russia,0,0,0,0,0,0,0,0,0,0,0,0,0.0,2.0,0.0,0.0,0.0,0.0
482752,1989,Toby Alderweireld,80,Belgium,0,2,9,0,0,6,4,4,0,1,77,17,2.0,0.0,0.0,0.0,1.0,0.0
482753,1990,Daley Blind,72,Netherlands,2,1,10,0,0,4,9,3,0,0,114,21,3.0,0.0,0.0,0.0,1.0,0.0
482764,1989,Jasper Cillessen,82,Netherlands,0,0,0,0,0,0,0,0,0,0,0,0,1.0,0.0,0.0,0.0,0.0,0.0
483710,1991,Kevin De Bruyne,68,Belgium,1,0,2,1,1,6,2,0,0,1,64,13,2.0,0.0,0.0,0.0,0.0,0.0
483865,1990,Timmy Chandler,83,United States,0,0,0,0,0,0,0,0,0,0,0,0,0.0,2.0,0.0,0.0,0.0,0.0
487107,1985,Ha Dae-Sung,73,Korea Republic,0,0,0,0,0,0,0,0,0,0,0,0,0.0,2.0,0.0,0.0,0.0,0.0
487289,1988,Alexis Sánchez,70,Chile,1,1,1,3,5,7,5,17,1,1,80,13,3.0,0.0,0.0,0.0,0.0,0.0
487465,1985,Abel Aguilar,82,Colombia,1,0,7,0,1,1,4,0,0,0,50,4,2.0,0.0,2.0,0.0,0.0,0.0
489160,1990,Ciro Immobile,78,Italy,0,0,0,0,0,0,1,0,0,3,4,0,0.0,2.0,0.0,1.0,0.0,0.0
489253,1984,Jean Beausejour,80,Chile,0,0,1,1,1,5,1,0,1,0,13,2,0.0,2.0,0.0,2.0,0.0,0.0
490027,1989,James Holland,76,Australia,0,0,0,0,0,0,0,0,0,0,0,0,0.0,3.0,0.0,0.0,0.0,0.0
490205,1988,Omar González,95,United States,0,0,0,0,0,0,0,0,0,0,0,0,0.0,2.0,0.0,1.0,0.0,0.0
490210,1987,Matt Besler,77,United States,0,5,4,0,0,0,1,3,0,0,65,14,2.0,0.0,1.0,0.0,0.0,0.0
490225,1986,Graham Zusi,73,United States,2,0,0,0,0,2,1,1,0,0,41,4,1.0,1.0,1.0,1.0,0.0,0.0
490577,1990,Abel Hernández,73,Uruguay,0,0,0,0,0,0,0,0,0,2,1,0,0.0,2.0,0.0,1.0,0.0,0.0
490600,1988,Frickson Erazo,65,Ecuador,0,2,2,0,2,0,1,0,0,1,44,12,2.0,0.0,0.0,0.0,0.0,0.0
490673,1991,Konstantinos Manolas,79,Greece,0,1,4,0,0,0,0,3,0,0,34,14,2.0,0.0,0.0,0.0,0.0,0.0
490689,1988,Juan Cuadrado,66,Colombia,3,0,8,2,4,6,3,6,0,0,49,3,2.0,0.0,0.0,0.0,0.0,0.0
490995,1987,Juan Paredes,72,Ecuador,1,1,7,0,0,5,2,4,0,0,53,15,2.0,0.0,0.0,0.0,1.0,0.0
491194,1982,Carlo Costly,85,Honduras,0,1,1,1,3,2,6,3,1,1,25,1,2.0,0.0,0.0,0.0,0.0,0.0
491576,1982,Rodrigo Munoz,77,Uruguay,0,0,0,0,0,0,0,0,0,0,0,0,0.0,2.0,0.0,0.0,0.0,0.0
491720,1991,James Rodríguez,77,Colombia,0,1,5,7,8,7,4,4,2,0,72,11,2.0,0.0,0.0,0.0,0.0,0.0
492381,1990,Sebastián Coates,85,Uruguay,0,0,0,0,0,0,0,0,0,0,2,0,0.0,2.0,0.0,1.0,0.0,0.0
492491,1991,Panagiotis Tachtsidis,86,Greece,0,0,0,0,0,0,0,0,0,0,0,0,0.0,2.0,0.0,0.0,0.0,0.0
492556,1990,Héctor Herrera,72,Mexico,0,0,3,0,3,3,4,1,0,0,78,6,2.0,0.0,2.0,0.0,0.0,0.0
492564,1990,Marcos Rojo,82,Argentina,0,0,4,1,3,10,4,2,0,0,75,11,2.0,0.0,0.0,0.0,1.0,0.0
492580,1989,Chris Smalling,90,England,0,0,0,0,0,0,0,0,0,0,0,0,0.0,2.0,0.0,0.0,0.0,0.0
492865,1990,Osako Yuya,73,Japan,0,0,0,2,3,1,3,3,0,1,19,0,2.0,0.0,2.0,0.0,0.0,0.0
492909,1990,Yamaguchi Hotaru,72,Japan,0,1,2,1,2,0,2,1,0,0,129,5,2.0,0.0,0.0,0.0,0.0,0.0
493155,1983,Khosro Heydari,61,Iran,0,0,1,0,0,4,0,1,0,0,14,2,1.0,0.0,1.0,1.0,0.0,0.0
493161,1987,Mehrdad Pooladi,70,Iran,0,3,9,0,0,3,1,2,0,0,19,10,2.0,0.0,0.0,0.0,0.0,0.0
493279,1988,Alireza Haghighi,80,Iran,0,0,0,0,0,0,0,0,0,0,0,0,1.0,0.0,0.0,0.0,0.0,0.0
493555,1984,Alex Wilkinson,85,Australia,0,5,3,0,0,0,4,0,0,0,114,12,3.0,0.0,0.0,0.0,0.0,0.0
495207,1983,Matt McKay,65,Australia,0,0,1,0,1,1,3,2,0,0,85,14,2.0,1.0,0.0,0.0,0.0,0.0
495352,1982,Beto,81,Portugal,0,0,0,0,0,0,0,0,0,0,0,0,0.0,1.0,0.0,0.0,0.0,0.0
496415,1992,Thibaut Courtois,91,Belgium,0,0,0,0,0,0,0,0,0,0,0,0,2.0,0.0,0.0,0.0,0.0,0.0
496822,1991,Joel Matip,88,Cameroon,0,1,2,0,0,0,3,1,0,0,24,2,1.0,1.0,0.0,0.0,0.0,0.0
499317,1993,Romelu Lukaku,100,Belgium,0,0,3,1,1,0,2,0,0,1,18,1,2.0,0.0,2.0,0.0,0.0,0.0
499528,1986,Daniel Cambronero,71,Costa Rica,0,0,0,0,0,0,0,0,0,0,0,0,0.0,2.0,0.0,0.0,0.0,0.0
499531,1985,Esteban Granados,74,Costa Rica,0,0,0,0,0,0,0,0,0,0,0,0,0.0,2.0,0.0,0.0,0.0,0.0
499547,1992,Shkodran Mustafi,82,Germany,0,1,1,0,0,2,1,0,0,0,41,4,0.0,2.0,0.0,2.0,0.0,0.0
500102,1983,Marvin Chávez,66,Honduras,0,0,0,0,0,0,0,0,0,0,2,0,0.0,2.0,0.0,1.0,0.0,0.0
501420,1988,Allan Nyom,81,Cameroon,0,0,0,0,0,0,0,0,0,0,0,0,0.0,2.0,0.0,0.0,0.0,0.0
504478,1981,Donis Escober,75,Honduras,0,0,0,0,0,0,0,0,0,0,0,0,0.0,2.0,0.0,0.0,0.0,0.0
504480,1988,Juan Carlos García,76,Honduras,0,3,2,0,0,0,0,3,0,0,22,1,0.0,2.0,0.0,1.0,0.0,0.0
504521,1986,Edder Delgado,70,Honduras,0,0,0,0,0,0,0,0,0,0,0,0,0.0,2.0,0.0,0.0,0.0,0.0
504588,1984,Mensur Mujdza,77,Bosnia-Herzegovina,0,2,2,0,0,4,4,2,0,0,62,3,2.0,0.0,1.0,0.0,0.0,0.0
504595,1990,André Schurrle,63,Germany,0,0,0,0,0,2,1,0,0,1,7,1,0.0,2.0,0.0,1.0,0.0,0.0
504629,1985,Cristhian Noboa,75,Ecuador,0,2,7,2,2,2,6,1,0,0,63,20,2.0,0.0,0.0,0.0,0.0,0.0
505342,1986,Dany Nounkeu,80,Cameroon,0,1,3,0,2,4,2,0,0,0,35,4,0.0,1.0,0.0,1.0,1.0,0.0
505351,1992,Mario Götze,64,Germany,0,2,2,4,6,5,3,2,1,0,63,9,2.0,0.0,1.0,0.0,0.0,0.0
505368,1988,Daniel Davari,85,Iran,0,0,0,0,0,0,0,0,0,0,0,0,0.0,2.0,0.0,0.0,0.0,0.0
505388,1990,Ermin Bicakcic,83,Bosnia-Herzegovina,0,2,0,0,0,4,0,0,0,0,30,3,1.0,1.0,0.0,0.0,0.0,0.0
505420,1989,Jefferson Montero,64,Ecuador,0,0,1,2,2,3,3,4,0,0,48,11,2.0,0.0,2.0,0.0,1.0,0.0
507387,1989,Mario Gavranovic,74,Switzerland,0,0,0,0,0,0,0,0,0,0,0,0,0.0,2.0,0.0,0.0,0.0,0.0
508003,1991,Xherdan Shaqiri,72,Switzerland,0,0,2,7,10,8,3,8,0,0,79,6,2.0,0.0,0.0,0.0,0.0,0.0
508852,1990,Remy Cabella,66,France,0,0,0,0,0,0,0,0,0,0,0,0,0.0,2.0,0.0,0.0,0.0,0.0
508854,1987,John Boye,72,Ghana,0,0,1,0,2,0,0,0,0,0,65,8,2.0,0.0,0.0,0.0,0.0,0.0
509598,1990,Isaac Brizuela,59,Mexico,0,0,0,0,0,0,0,0,0,0,0,0,0.0,2.0,0.0,0.0,0.0,0.0
510647,1985,Gabriel Achilier,83,Ecuador,0,0,0,0,0,0,0,0,0,0,0,0,0.0,1.0,0.0,1.0,0.0,0.0
510665,1989,Joao Rojas,68,Ecuador,0,0,0,0,0,0,1,0,0,1,4,2,0.0,2.0,0.0,1.0,0.0,0.0
513642,1992,Mattia Perin,74,Italy,0,0,0,0,0,0,0,0,0,0,0,0,0.0,2.0,0.0,0.0,0.0,0.0
514025,1985,Marco Parolo,82,Italy,0,1,0,0,0,0,0,1,0,0,7,0,0.0,2.0,0.0,1.0,0.0,0.0
514872,1987,Vladimir Granat,78,Russia,0,0,0,0,0,0,0,0,0,0,0,0,0.0,2.0,0.0,0.0,0.0,0.0
514873,1991,Alexander Kokorin,79,Russia,0,0,1,1,5,2,7,0,0,0,34,1,2.0,0.0,0.0,0.0,0.0,0.0
514875,1987,Dmitry Kombarov,73,Russia,0,4,1,1,1,7,1,1,0,0,68,8,2.0,0.0,0.0,0.0,0.0,0.0
515035,1992,Koke,74,Spain,0,0,2,1,2,0,0,2,0,0,123,6,1.0,2.0,0.0,1.0,0.0,0.0
515121,1992,Phil Jones,71,England,0,0,0,0,0,0,0,0,0,0,0,0,0.0,2.0,0.0,0.0,0.0,0.0
516681,1985,Teófilo Gutiérrez,72,Colombia,1,1,1,2,4,0,3,1,1,2,32,1,2.0,0.0,1.0,0.0,0.0,0.0
517263,1990,Mix Diskerud,71,United States,0,0,0,0,0,0,0,0,0,0,0,0,0.0,2.0,0.0,0.0,0.0,0.0
518541,1992,Ricardo Rodríguez,72,Switzerland,2,1,1,2,2,7,1,3,0,0,96,17,2.0,0.0,0.0,0.0,0.0,0.0
520909,1986,Rafik Halliche,77,Algeria,0,0,3,2,2,0,0,0,1,0,56,23,2.0,0.0,0.0,0.0,0.0,0.0
521485,1990,Sammy N'Djock,85,Cameroon,0,0,0,0,0,0,0,0,0,0,0,0,0.0,2.0,0.0,0.0,0.0,0.0
522545,1990,David De Gea,82,Spain,0,0,0,0,0,0,0,0,0,0,0,0,0.0,2.0,0.0,0.0,0.0,0.0
523580,1992,Stefan De Vrij,78,Netherlands,0,5,5,1,3,1,3,1,1,0,83,24,3.0,0.0,1.0,0.0,1.0,0.0
524262,1991,Antoine Griezmann,68,France,0,1,0,2,3,2,1,1,0,0,33,3,1.0,1.0,0.0,1.0,0.0,0.0
526954,1982,Jerry Palacios,81,Honduras,0,0,0,0,0,0,0,0,0,0,0,0,0.0,2.0,0.0,0.0,0.0,0.0
527802,1991,Jordan Ayew,80,Ghana,0,0,1,4,4,3,3,0,0,1,22,3,1.0,1.0,1.0,0.0,0.0,0.0
531608,1990,Ioannis Fetfatzidis,64,Greece,0,0,3,0,0,1,3,0,0,0,18,2,1.0,1.0,1.0,1.0,0.0,0.0
532928,1987,Gervinho,68,Ivory Coast,0,1,0,5,5,3,1,3,2,4,47,5,2.0,0.0,0.0,0.0,0.0,0.0
533440,1986,Harrison Afful,83,Ghana,1,0,0,0,0,5,0,1,0,0,56,12,1.0,1.0,0.0,0.0,0.0,0.0
533446,1990,Emmanuel Agyemang-Badu,79,Ghana,0,0,0,0,1,0,0,0,0,0,7,1,0.0,1.0,0.0,1.0,0.0,0.0
533450,1985,Fatau Dauda,74,Ghana,0,0,0,0,0,0,0,0,0,0,0,0,0.0,1.0,0.0,0.0,0.0,0.0
533452,1989,Samuel Inkoom,75,Ghana,0,0,0,0,0,0,0,0,0,0,0,0,0.0,2.0,0.0,0.0,0.0,0.0
534471,1988,Benjamin Moukandjo,74,Cameroon,0,2,0,1,3,3,2,3,0,0,32,5,2.0,0.0,0.0,0.0,0.0,0.0
535678,1990,André Almeida,75,Portugal,0,1,0,0,0,1,0,0,0,0,30,7,1.0,1.0,1.0,1.0,0.0,0.0
536032,1992,Serge Aurier,75,Ivory Coast,2,1,9,3,3,13,2,3,0,0,77,15,2.0,0.0,0.0,0.0,0.0,0.0
536847,1985,Mohamed Zemmamouche,82,Algeria,0,0,0,0,0,0,0,0,0,0,0,0,0.0,2.0,0.0,0.0,0.0,0.0
536956,1990,Felipe Gutiérrez,64,Chile,0,0,0,0,3,0,1,2,0,0,46,7,1.0,2.0,1.0,2.0,0.0,0.0
537093,1987,Steven Beitashour,77,Iran,0,0,0,0,0,0,0,0,0,0,0,0,0.0,2.0,0.0,0.0,0.0,0.0
537368,1989,Ja-Cheol Koo,75,Korea Republic,0,0,6,2,3,1,2,6,1,1,59,3,2.0,0.0,0.0,0.0,1.0,0.0
537371,1988,Shin-Wook Kim,94,Korea Republic,0,0,0,1,2,0,0,1,0,0,4,0,0.0,2.0,0.0,1.0,0.0,0.0
537545,1987,Alejandro Bedoya,73,United States,0,1,3,1,2,3,4,1,0,0,42,5,2.0,0.0,2.0,0.0,0.0,0.0
537661,1990,Okechukwu Uchebo,85,Nigeria,0,0,0,0,0,0,0,0,0,0,0,0,0.0,2.0,0.0,0.0,0.0,0.0
537666,1991,Lorenzo Insigne,59,Italy,0,0,0,0,1,0,0,0,0,2,13,3,0.0,2.0,0.0,1.0,0.0,0.0
537827,1989,Enner Valencia,68,Ecuador,0,1,2,4,6,1,5,6,3,2,38,10,2.0,0.0,0.0,0.0,1.0,0.0
537878,1986,Carlos Bacca,77,Colombia,0,0,0,0,0,0,0,0,0,0,0,0,0.0,1.0,0.0,0.0,0.0,0.0
538125,1989,Nicolás Lodeiro,69,Uruguay,0,0,3,0,0,0,1,0,0,0,38,1,1.0,1.0,1.0,1.0,0.0,0.0
538348,1992,Haris Seferovic,83,Switzerland,0,0,0,1,3,0,1,0,1,0,19,0,1.0,1.0,1.0,1.0,0.0,0.0
539244,1983,Ghasem Hadadifar,66,Iran,0,0,0,0,0,0,0,0,0,0,0,0,0.0,2.0,0.0,0.0,0.0,0.0
539492,1991,Mathew Leckie,81,Australia,0,3,2,3,5,5,4,5,0,0,71,10,3.0,0.0,0.0,0.0,0.0,0.0
539545,1988,Mitch Langerak,81,Australia,0,0,0,0,0,0,0,0,0,0,0,0,0.0,3.0,0.0,0.0,0.0,0.0
540218,1991,Alan Pulido,60,Mexico,0,0,0,0,0,0,0,0,0,0,0,0,0.0,2.0,0.0,0.0,0.0,0.0
540313,1990,Kook-Young Han,74,Korea Republic,0,2,8,0,0,0,3,2,0,0,73,4,2.0,0.0,1.0,0.0,1.0,0.0
540398,1989,Bo-Kyung Kim,73,Korea Republic,0,0,0,0,0,0,0,0,0,0,5,0,0.0,2.0,0.0,1.0,0.0,0.0
540414,1990,Kim Young-Gwon,74,Korea Republic,0,6,2,1,1,0,1,3,0,0,99,11,2.0,0.0,0.0,0.0,0.0,0.0
540782,1985,Álvaro Pereira,78,Uruguay,0,2,7,0,0,0,0,2,0,0,22,7,1.0,1.0,0.0,0.0,0.0,0.0
540807,1991,Tommy Oar,73,Australia,0,1,2,0,2,15,1,5,0,0,27,1,3.0,0.0,3.0,0.0,0.0,0.0
541547,1992,Šime Vrsaljko,75,Croatia,0,4,3,0,0,2,2,1,0,0,42,16,1.0,1.0,0.0,0.0,0.0,0.0
541738,1989,Andreas Samaris,80,Greece,0,0,0,0,0,0,0,0,0,0,0,0,0.0,2.0,0.0,0.0,0.0,0.0
541993,1990,Yury Lodygin,77,Russia,0,0,0,0,0,0,0,0,0,0,0,0,0.0,2.0,0.0,0.0,0.0,0.0
542293,1993,Andy Najar,67,Honduras,0,0,1,0,0,1,0,1,0,0,5,1,1.0,1.0,1.0,0.0,0.0,0.0
543904,1992,Saphir Taider,73,Algeria,0,0,2,0,0,1,3,4,0,0,18,7,1.0,1.0,0.0,0.0,0.0,0.0
544125,1990,Carlos Pena,75,Mexico,0,0,0,0,0,0,0,0,0,0,0,0,0.0,2.0,0.0,0.0,0.0,0.0
544205,1992,Bailey Wright,85,Australia,0,0,0,0,0,0,0,0,0,0,0,0,0.0,3.0,0.0,0.0,0.0,0.0
544254,1992,Diego Reyes,65,Mexico,0,0,0,0,0,0,0,0,0,0,0,0,0.0,2.0,0.0,0.0,0.0,0.0
544471,1991,Izet Hajrovic,71,Bosnia-Herzegovina,0,0,0,4,5,2,2,3,0,0,36,3,2.0,0.0,2.0,0.0,0.0,0.0
544490,1987,Jerry Bengtson,75,Honduras,0,0,2,1,1,1,2,1,0,2,25,1,2.0,0.0,0.0,0.0,1.0,0.0
544563,1989,Miguel Ángel Ponce,77,Mexico,0,0,0,0,0,0,0,0,0,0,0,0,0.0,2.0,0.0,0.0,0.0,0.0
545294,1988,Paulinho,71,Brazil,0,1,1,2,4,0,3,0,0,0,39,2,2.0,0.0,1.0,0.0,0.0,0.0
545664,1984,Stephen Adams,78,Ghana,0,0,0,0,0,0,0,0,0,0,0,0,0.0,2.0,0.0,0.0,0.0,0.0
545667,1990,Jonathan Mensah,83,Ghana,0,2,5,0,2,0,0,1,0,0,88,21,2.0,0.0,0.0,0.0,0.0,0.0
546158,1992,Vincent Aboubakar,82,Cameroon,0,0,2,2,5,1,1,1,0,0,15,0,1.0,1.0,1.0,0.0,0.0,0.0
547151,1989,Domagoj Vida,73,Croatia,0,0,0,0,0,0,0,0,0,0,0,0,0.0,2.0,0.0,0.0,0.0,0.0
551140,1991,Jordy Clasie,68,Netherlands,0,0,0,0,0,0,0,0,0,0,0,0,0.0,3.0,0.0,0.0,0.0,0.0
551147,1992,Bruno Martins Indi,76,Netherlands,0,1,1,0,0,0,3,3,0,0,63,9,2.0,1.0,1.0,0.0,0.0,0.0
551863,1990,Daniel Opare,73,Ghana,0,1,1,0,0,8,3,2,0,0,54,10,1.0,1.0,0.0,0.0,0.0,0.0
552821,1990,Javier Aquino,59,Mexico,0,0,0,0,0,0,0,0,0,0,0,0,0.0,2.0,0.0,0.0,0.0,0.0
552969,1992,Granit Xhaka,82,Switzerland,0,3,1,3,7,1,1,2,1,1,77,1,2.0,0.0,0.0,0.0,0.0,0.0
553391,1992,Tino-Sven Susic,77,Bosnia-Herzegovina,0,0,0,0,0,3,0,0,0,0,9,0,0.0,2.0,0.0,1.0,0.0,0.0
554281,1990,Carlos Carbonero,77,Colombia,0,0,0,0,0,0,0,0,0,0,0,0,0.0,2.0,0.0,0.0,0.0,0.0
554701,1985,Máximo Banguera,84,Ecuador,0,0,0,0,0,0,0,0,0,0,0,0,0.0,2.0,0.0,0.0,0.0,0.0
555042,1992,Neymar,65,Brazil,0,0,2,6,7,7,2,7,2,0,61,10,2.0,0.0,0.0,0.0,1.0,0.0
555044,1989,Camilo Vargas,81,Colombia,0,0,0,0,0,0,0,0,0,0,0,0,0.0,2.0,0.0,0.0,0.0,0.0
555210,1989,Mohammed Rabiu,70,Ghana,0,1,3,0,0,0,5,2,0,0,50,10,2.0,0.0,2.0,0.0,1.0,0.0
555407,1990,Gastón Ramírez,77,Uruguay,0,0,0,0,0,0,0,0,0,0,0,0,0.0,2.0,0.0,0.0,0.0,0.0
557536,1990,Fidel Martínez,67,Ecuador,0,0,0,0,0,0,0,0,0,0,0,0,0.0,2.0,0.0,0.0,0.0,0.0
558151,1993,Lucas Digne,74,France,0,0,0,0,0,0,0,0,0,0,0,0,0.0,2.0,0.0,0.0,0.0,0.0
558287,1992,Marco Verratti,60,Italy,1,2,0,0,0,0,2,1,0,0,59,1,1.0,1.0,1.0,0.0,0.0,0.0
558856,1991,Aissa Mandi,78,Algeria,0,0,1,0,0,2,1,3,0,0,33,8,1.0,1.0,0.0,0.0,0.0,0.0
561086,1989,Ognjen Vranjes,74,Bosnia-Herzegovina,0,0,0,0,0,0,0,0,0,0,0,0,0.0,2.0,0.0,0.0,0.0,0.0
561661,1992,Afriyie Acquah,70,Ghana,0,0,0,0,0,0,0,0,0,0,0,0,0.0,2.0,0.0,0.0,0.0,0.0
562261,1988,Eugenio Mena,68,Chile,0,1,1,1,1,5,2,3,0,0,113,18,3.0,0.0,0.0,0.0,1.0,0.0
564033,1991,Christoph Kramer,82,Germany,0,0,0,0,0,0,0,0,0,0,0,0,0.0,2.0,0.0,0.0,0.0,0.0
565008,1994,Stefanos Kapino,81,Greece,0,0,0,0,0,0,0,0,0,0,0,0,0.0,2.0,0.0,0.0,0.0,0.0
565439,1992,William,87,Portugal,0,1,1,0,0,0,2,1,0,0,37,2,0.0,1.0,0.0,1.0,0.0,0.0
566432,1986,Hossein Mahini,70,Iran,0,0,0,0,0,0,0,0,0,0,0,0,0.0,2.0,0.0,0.0,0.0,0.0
566706,1991,Maksim Kanunnikov,77,Russia,0,1,3,2,2,2,4,2,0,0,22,2,1.0,1.0,0.0,0.0,0.0,0.0
567304,1993,Ross Barkley,76,England,0,0,1,1,1,0,0,0,0,0,27,1,0.0,2.0,0.0,1.0,0.0,0.0
567405,1988,Toni Sunjic,93,Bosnia-Herzegovina,0,11,2,0,0,1,1,0,0,0,43,8,1.0,1.0,0.0,0.0,0.0,0.0
568441,1992,Muhamed Besic,78,Bosnia-Herzegovina,0,0,13,1,4,2,3,1,0,0,123,15,2.0,0.0,0.0,0.0,0.0,0.0
568442,1992,Heung-Min Son,76,Korea Republic,0,3,0,3,5,4,3,5,1,0,48,7,2.0,0.0,1.0,0.0,0.0,0.0
569580,1991,Bakhtiar Rahmani,74,Iran,0,0,0,0,0,0,0,0,0,0,0,0,0.0,2.0,0.0,0.0,0.0,0.0
569619,1991,Jason Davidson,74,Australia,0,3,5,0,0,11,7,5,0,0,108,23,3.0,0.0,0.0,0.0,0.0,0.0
569853,1992,Ben Halloran,79,Australia,0,0,0,0,0,2,1,5,0,0,17,2,0.0,2.0,0.0,3.0,0.0,0.0
572654,1993,Raphael Varane,78,France,0,1,1,0,0,0,0,0,0,0,81,17,2.0,0.0,0.0,0.0,0.0,0.0
573604,1990,Mathis Bolly,77,Ivory Coast,0,0,0,0,1,0,0,0,0,0,5,0,0.0,1.0,0.0,1.0,0.0,0.0
575270,1991,Faouzi Ghoulam,80,Algeria,0,2,2,0,0,1,2,0,0,0,23,10,1.0,1.0,0.0,0.0,0.0,0.0
575271,1992,Ahmed Musa,62,Nigeria,0,0,4,4,4,8,3,1,0,1,21,6,2.0,0.0,1.0,0.0,0.0,0.0
577897,1988,Liassine Cadamuro,81,Algeria,0,0,0,0,0,0,0,0,0,0,0,0,0.0,2.0,0.0,0.0,0.0,0.0
578835,1981,Asmir Avdukic,86,Bosnia-Herzegovina,0,0,0,0,0,0,0,0,0,0,0,0,0.0,2.0,0.0,0.0,0.0,0.0
580876,1990,Miiko Albornoz,80,Chile,0,0,0,0,0,0,0,0,0,0,0,0,0.0,3.0,0.0,0.0,0.0,0.0
582489,1994,Mateo Kovacic,75,Croatia,0,0,3,0,1,0,1,0,0,0,28,3,1.0,1.0,1.0,1.0,0.0,0.0
583025,1991,Majeed Waris,70,Ghana,0,0,0,0,0,0,0,0,0,0,0,0,0.0,2.0,0.0,0.0,0.0,0.0
583081,1989,Bum-Young Lee,90,Korea Republic,0,0,0,0,0,0,0,0,0,0,0,0,0.0,2.0,0.0,0.0,0.0,0.0
583083,1989,Jeong-Ho Hong,77,Korea Republic,0,0,0,1,1,1,0,1,0,0,84,15,2.0,0.0,1.0,0.0,0.0,0.0
583084,1990,Kim Seung-Gyu,80,Korea Republic,0,0,0,0,0,0,0,0,0,0,0,0,0.0,2.0,0.0,0.0,0.0,0.0
583088,1990,Suk-Young Yun,74,Korea Republic,0,4,1,0,0,5,0,3,0,0,68,6,2.0,0.0,0.0,0.0,0.0,0.0
583329,1991,Dong-Won Ji,77,Korea Republic,0,0,0,0,1,1,2,0,0,0,1,0,0.0,2.0,0.0,1.0,0.0,0.0
583648,1990,Karim Ansarifard,65,Iran,0,0,0,0,0,0,0,0,0,0,0,0,0.0,2.0,0.0,0.0,0.0,0.0
583756,1990,Marco Urena,70,Costa Rica,0,0,0,2,2,0,3,0,1,0,1,1,0.0,2.0,0.0,2.0,0.0,0.0
583761,1989,Cristian Gamboa,67,Costa Rica,1,0,4,0,0,4,4,3,0,0,52,8,2.0,0.0,0.0,0.0,0.0,0.0
585825,1993,Julian Draxler,74,Germany,0,0,0,0,0,0,0,0,0,0,0,0,0.0,2.0,0.0,0.0,0.0,0.0
586284,1988,Adrián Bone,76,Ecuador,0,0,0,0,0,0,0,0,0,0,0,0,0.0,2.0,0.0,0.0,0.0,0.0
587714,1994,Raheem Sterling,69,England,0,0,2,2,4,6,6,4,0,0,48,2,2.0,0.0,0.0,0.0,1.0,0.0
587719,1994,Memphis Depay,78,Netherlands,1,0,1,3,3,2,3,2,2,0,21,1,0.0,3.0,0.0,2.0,0.0,0.0
588006,1988,Alexander Mejía,78,Colombia,0,0,4,0,0,0,0,0,0,0,7,4,0.0,2.0,0.0,2.0,0.0,0.0
588585,1993,Paul Pogba,80,France,1,0,1,0,0,2,2,4,0,0,55,5,1.0,1.0,1.0,1.0,1.0,0.0
589004,1987,Denis Glushakov,72,Russia,0,1,3,2,4,2,4,2,0,0,42,16,2.0,0.0,1.0,0.0,0.0,0.0
589316,1992,Bernard,52,Brazil,0,1,0,0,0,3,1,1,0,0,20,2,0.0,2.0,0.0,2.0,0.0,0.0
589686,1986,Aleksei Kozlov,78,Russia,0,0,1,0,0,2,1,0,0,0,21,4,1.0,1.0,1.0,0.0,0.0,0.0
589810,1993,Pavel Mogilevets,70,Russia,0,0,0,0,0,0,0,0,0,0,0,0,0.0,2.0,0.0,0.0,0.0,0.0
590168,1980,Rahman Ahmadi,77,Iran,0,0,0,0,0,0,0,0,0,0,0,0,0.0,2.0,0.0,0.0,0.0,0.0
595794,1992,Ismael Diomande,75,Ivory Coast,0,0,0,0,0,0,0,0,0,0,0,0,0.0,2.0,0.0,0.0,0.0,0.0
596331,1985,Brayan Beckeles,80,Honduras,1,1,5,1,2,3,2,1,0,0,46,7,2.0,0.0,0.0,0.0,0.0,0.0
596441,1983,Johnny Acosta,78,Costa Rica,0,0,0,0,0,0,0,0,0,0,0,0,0.0,2.0,0.0,0.0,0.0,0.0
596442,1989,Óscar Duarte,85,Costa Rica,0,3,6,2,3,1,4,2,1,0,70,10,2.0,0.0,0.0,0.0,0.0,0.0
599865,1990,Aron Johannsson,75,United States,0,0,0,1,1,0,0,0,0,0,9,0,0.0,2.0,0.0,1.0,0.0,0.0
602354,1992,Josip Drmic,70,Switzerland,0,0,0,0,0,0,0,0,0,1,13,1,1.0,1.0,1.0,1.0,0.0,0.0
604284,1993,John Brooks,78,United States,0,2,0,1,1,0,0,1,1,0,12,2,0.0,1.0,0.0,1.0,0.0,0.0
604434,1992,Joel Campbell,69,Costa Rica,1,0,1,1,4,4,2,8,1,4,32,5,2.0,0.0,1.0,0.0,0.0,0.0
604437,1991,Diego Calvo,71,Costa Rica,0,0,0,0,0,0,0,0,0,0,0,0,0.0,2.0,0.0,0.0,0.0,0.0
604444,1992,Yeltsin Tejeda,66,Costa Rica,0,0,13,0,0,1,4,1,0,0,56,9,2.0,0.0,2.0,0.0,0.0,0.0
604558,1993,Kenneth Omeruo,71,Nigeria,0,1,3,0,0,0,1,2,0,0,77,25,2.0,0.0,0.0,0.0,0.0,0.0
604564,1991,Uche Nwofor,75,Nigeria,0,0,0,0,0,0,0,0,0,0,0,0,0.0,2.0,0.0,0.0,0.0,0.0
604572,1992,Ramón Azeez,70,Nigeria,0,0,0,0,0,3,0,2,0,0,40,3,1.0,1.0,1.0,0.0,0.0,0.0
604618,1992,Edgar Salli,64,Cameroon,0,0,2,0,0,2,0,0,0,0,7,1,0.0,2.0,0.0,1.0,0.0,0.0
605046,1991,Riyad Mahrez,66,Algeria,0,0,3,0,1,1,3,3,0,0,11,3,1.0,1.0,1.0,0.0,0.0,0.0
605529,1991,Álex Ibarra,70,Ecuador,0,0,0,0,0,0,0,0,0,0,0,0,0.0,2.0,0.0,0.0,0.0,0.0
606860,1984,Andrey Eshchenko,62,Russia,1,1,4,2,3,4,1,0,0,0,72,1,1.0,1.0,0.0,1.0,0.0,0.0
607949,1988,Luis Neto,71,Portugal,0,0,0,0,0,0,0,0,0,0,0,0,0.0,2.0,0.0,0.0,0.0,0.0
608422,1990,Víctor Ibarbo,78,Colombia,0,0,6,0,0,2,5,3,0,0,26,4,2.0,0.0,1.0,0.0,0.0,0.0
608424,1987,Emmanuel Emenike,90,Nigeria,1,1,4,3,6,5,1,1,0,0,32,6,2.0,0.0,0.0,0.0,0.0,0.0
608491,1993,Oliver Zelenika,82,Croatia,0,0,0,0,0,0,0,0,0,0,0,0,0.0,2.0,0.0,0.0,0.0,0.0
612564,1992,Marcelo Brozovic,68,Croatia,0,0,2,1,2,0,1,0,0,0,13,1,0.0,1.0,0.0,1.0,0.0,0.0
615000,1992,Mattia De Sciglio,74,Italy,0,0,0,0,0,0,0,0,0,0,0,0,0.0,1.0,0.0,0.0,0.0,0.0
618109,1991,Raúl Jiménez,76,Mexico,0,0,0,1,1,0,0,0,0,0,1,0,0.0,2.0,0.0,1.0,0.0,0.0
618251,1989,Hwang Seok-Ho,80,Korea Republic,0,0,0,0,0,0,0,0,0,0,8,0,0.0,1.0,0.0,1.0,0.0,0.0
618254,1989,Park Jong-Woo,74,Korea Republic,0,0,0,0,0,0,0,0,0,0,0,0,0.0,2.0,0.0,0.0,0.0,0.0
618262,1992,Christian Atsu,68,Ghana,0,2,1,3,6,5,2,1,0,2,60,3,2.0,0.0,2.0,0.0,0.0,0.0
618613,1992,Massimo Luongo,75,Australia,0,0,0,0,0,0,0,0,0,0,0,0,0.0,3.0,0.0,0.0,0.0,0.0
619042,1995,Luke Shaw,75,England,0,0,0,0,0,0,0,0,0,0,0,0,0.0,2.0,0.0,0.0,0.0,0.0
619171,1987,El Arabi Soudani,75,Algeria,0,1,4,0,0,1,2,2,0,0,5,2,1.0,1.0,1.0,0.0,0.0,0.0
620075,1990,Edin Visca,67,Bosnia-Herzegovina,0,0,0,2,2,2,1,0,0,0,3,0,0.0,2.0,0.0,1.0,0.0,0.0
622285,1984,Chigozie Agbim,83,Nigeria,0,0,0,0,0,0,0,0,0,0,0,0,0.0,2.0,0.0,0.0,0.0,0.0
634279,1992,Maty Ryan,73,Australia,0,0,0,0,0,0,0,0,0,0,0,0,2.0,0.0,0.0,0.0,0.0,0.0
634282,1993,Adam Taggart,69,Australia,0,1,0,0,0,0,1,0,0,1,4,1,1.0,2.0,1.0,1.0,0.0,0.0
635841,1994,Terence Kongolo,70,Netherlands,0,0,2,0,0,0,0,0,0,0,0,0,0.0,3.0,0.0,1.0,0.0,0.0
638926,1992,Jean-Daniel Akpa,70,Ivory Coast,0,0,0,0,0,0,0,0,0,0,0,0,0.0,2.0,0.0,0.0,0.0,0.0
640301,1994,Matthias Ginter,85,Germany,0,0,0,0,0,0,0,0,0,0,0,0,0.0,2.0,0.0,0.0,0.0,0.0
644835,1993,Sead Kolasinac,82,Bosnia-Herzegovina,0,0,3,0,0,2,1,0,0,0,46,3,1.0,1.0,0.0,0.0,0.0,0.0
644865,1992,Joel Veltman,73,Netherlands,0,0,1,0,0,0,2,0,0,0,5,0,0.0,2.0,0.0,1.0,0.0,0.0
648645,1993,Juan Quintero,64,Colombia,0,0,0,2,2,1,0,1,1,0,9,2,0.0,2.0,0.0,1.0,0.0,0.0
649698,1990,Oleg Shatov,64,Russia,0,0,2,1,1,3,2,2,0,0,49,1,2.0,0.0,2.0,0.0,1.0,0.0
650461,1987,Ivan Franjic,77,Australia,1,1,4,0,0,1,0,1,0,0,18,0,1.0,0.0,1.0,0.0,0.0,0.0
650483,1986,Yong Lee,74,Korea Republic,0,2,5,0,0,2,2,1,0,0,88,12,2.0,0.0,0.0,0.0,1.0,0.0
650765,1990,Luis Garrido,73,Honduras,0,1,7,0,0,1,1,1,0,0,55,7,2.0,0.0,1.0,0.0,1.0,0.0
655435,1992,Ogenyi Onazi,73,Nigeria,0,0,11,3,8,4,3,2,0,0,121,23,2.0,0.0,0.0,0.0,0.0,0.0
656341,1990,Juwon Oshaniwa,69,Nigeria,0,3,6,0,0,4,3,4,0,0,51,10,2.0,0.0,0.0,0.0,0.0,0.0
656342,1990,Godfrey Oboabona,85,Nigeria,0,0,0,0,0,0,1,0,0,0,24,4,1.0,0.0,0.0,0.0,0.0,0.0
656343,1989,Azubuike Egwuekwe,91,Nigeria,0,0,0,0,0,0,0,0,0,0,0,0,0.0,2.0,0.0,0.0,0.0,0.0
656351,1990,Ruben Gabriel,86,Nigeria,0,0,0,0,0,0,0,0,0,0,0,0,0.0,2.0,0.0,0.0,0.0,0.0
656358,1988,Ejike Uzoenyi,62,Nigeria,0,0,0,0,1,0,0,0,0,0,0,0,0.0,2.0,0.0,1.0,0.0,0.0
657130,1988,Islam Slimani,79,Algeria,1,0,2,2,4,0,1,1,1,1,24,2,1.0,1.0,0.0,1.0,0.0,0.0
660387,1991,Fabian Schar,85,Switzerland,0,0,0,0,0,0,0,0,0,0,0,0,0.0,2.0,0.0,0.0,0.0,0.0
660520,1990,Waylon Francis,73,Costa Rica,0,0,0,0,0,0,0,0,0,0,0,0,0.0,2.0,0.0,0.0,0.0,0.0
660536,1992,Erik Durm,73,Germany,0,0,0,0,0,0,0,0,0,0,0,0,0.0,2.0,0.0,0.0,0.0,0.0
685141,1988,Jose Vazquez,68,Mexico,0,2,4,0,1,0,4,2,0,0,91,12,2.0,0.0,0.0,0.0,1.0,0.0
688883,1995,Carlos Gruezo,67,Ecuador,0,1,0,0,1,0,2,1,0,0,21,6,1.0,1.0,0.0,1.0,0.0,0.0
698366,1990,Nabil Ghilas,85,Algeria,0,0,0,0,1,0,1,0,0,0,6,5,0.0,2.0,0.0,2.0,0.0,0.0
699302,1996,Fabrice Olinga,66,Cameroon,0,0,0,0,0,0,0,0,0,0,0,0,0.0,2.0,0.0,0.0,0.0,0.0
706676,1989,Esseid Belkalem,90,Algeria,0,0,0,0,0,0,0,0,0,0,0,2,0.0,1.0,0.0,1.0,0.0,0.0
706821,1985,Cedric Si Mohamed,68,Algeria,0,0,0,0,0,0,0,0,0,0,0,0,0.0,2.0,0.0,0.0,0.0,0.0
709617,1989,Andrey Semenov,86,Russia,0,0,0,0,0,0,0,0,0,0,0,0,0.0,2.0,0.0,0.0,0.0,0.0
716865,1992,Santiago Arias,68,Colombia,0,0,0,1,1,0,1,0,0,0,9,3,0.0,2.0,0.0,2.0,0.0,0.0
719156,1987,Abdelmoumene Djabou,66,Algeria,1,0,1,1,2,2,2,3,1,0,19,4,1.0,1.0,1.0,0.0,0.0,0.0
723261,1992,Rashid Sumaila,80,Ghana,0,0,0,0,0,0,0,0,0,0,0,0,0.0,2.0,0.0,0.0,0.0,0.0
723625,1993,DeAndre Yedlin,68,United States,0,1,0,0,0,1,0,0,0,0,5,2,0.0,2.0,0.0,1.0,0.0,0.0
724860,1995,Divock Origi,75,Belgium,0,0,1,3,3,1,1,0,1,2,7,1,0.0,2.0,0.0,2.0,0.0,0.0
724862,1985,Juan Montes,75,Honduras,0,0,0,0,0,0,0,0,0,0,0,0,0.0,2.0,0.0,0.0,0.0,0.0
727328,1993,Éder Balanta,78,Colombia,0,0,0,0,0,0,0,0,0,0,0,0,0.0,2.0,0.0,0.0,0.0,0.0
732955,1995,José María Giménez,80,Uruguay,0,0,5,0,0,0,2,1,0,0,11,8,1.0,1.0,0.0,0.0,0.0,0.0
735697,1991,Ebenezer Odunlami,70,Nigeria,0,0,0,0,0,0,0,0,0,0,0,0,0.0,2.0,0.0,0.0,0.0,0.0
735699,1992,Michael Babatunde,72,Nigeria,0,0,4,2,2,0,0,2,0,2,20,3,1.0,1.0,1.0,0.0,0.0,0.0
735764,1995,Adnan Januzaj,75,Belgium,0,0,0,0,0,0,0,0,0,0,0,0,0.0,2.0,0.0,0.0,0.0,0.0
736396,1987,Rony Martínez,75,Honduras,0,0,0,0,0,0,0,0,0,0,0,0,0.0,2.0,0.0,0.0,0.0,0.0
738854,1993,Ante Rebic,80,Croatia,0,0,0,1,1,0,1,0,0,0,7,1,0.0,1.0,0.0,2.0,0.0,0.0
740234,1993,Alireza Jahanbakhsh,78,Iran,0,0,2,0,0,1,0,0,0,0,5,1,0.0,2.0,0.0,2.0,0.0,0.0
748968,1993,Rafa,66,Portugal,0,0,0,0,0,0,0,0,0,0,0,0,0.0,2.0,0.0,0.0,0.0,0.0
787674,1995,Julian Green,60,United States,0,0,0,0,0,0,0,0,0,0,0,0,0.0,2.0,0.0,0.0,0.0,0.0
794286,1988,Sylvain Gbohouo,82,Ivory Coast,0,0,0,0,0,0,0,0,0,0,0,0,0.0,2.0,0.0,0.0,0.0,0.0
797903,1994,Nabil Bentaleb,68,Algeria,0,3,9,1,1,1,3,1,0,0,57,10,2.0,0.0,0.0,0.0,1.0,0.0
821845,1993,Sayouba Mandé,89,Ivory Coast,0,0,0,0,0,0,0,0,0,0,0,0,0.0,2.0,0.0,0.0,0.0,0.0
826222,1993,Luis López,75,Honduras,0,0,0,0,0,0,0,0,0,0,0,0,0.0,2.0,0.0,0.0,0.0,0.0
826260,1989,Reza Haghighi,80,Iran,0,0,0,0,0,0,0,0,0,0,2,0,0.0,2.0,0.0,1.0,0.0,0.0
826585,1992,Loic Feudjou,86,Cameroon,0,0,0,0,0,0,0,0,0,0,0,0,0.0,2.0,0.0,0.0,0.0,0.0
826586,1992,Cedric Djeugoue,78,Cameroon,0,0,1,0,0,0,0,0,0,0,9,0,1.0,1.0,0.0,0.0,0.0,0.0
