altura,ano_nascimento,assistencias,bloqueios,carrinhos,chutes_certos,chutes_total,cidade_nascimento,codigo,cruzamentos,faltas_cometidas,faltas_sofridas,gols,impedimentos,nome,pais_nascimento,passes,peso,posicao,roubadas,time
1.80,1990,0,0,3,0,2,Mexico City,492556,0,2,0,0,0,Héctor Herrera,Mexico,40,72,Midfielder,5,Mexico
1.64,1988,0,1,3,0,1,Celaya,685141,0,2,1,0,0,Jose Vazquez,Mexico,34,68,Midfielder,6,Mexico
1.67,1986,0,1,1,0,3,Guadalajara,373962,4,3,2,0,0,Andrés Guardado,Mexico,26,67,Defender,6,Mexico
1.79,1989,0,1,1,2,2,Monterrey,390080,1,1,1,0,0,Giovani Dos Santos,Mexico,23,71,Forward,3,Mexico
1.77,1984,0,0,3,0,0,Torreon,369575,0,3,0,0,0,Oribe Peralta,Mexico,13,68,Forward,2,Mexico
1.71,1989,0,0,0,0,0,Guadalajara,419772,0,1,0,0,0,Marco Fabián,Mexico,4,65,Midfielder,0,Mexico
1.75,1988,0,0,0,0,1,Guadalajara,375893,0,0,3,0,0,Javier Hernández,Mexico,1,62,Forward,0,Mexico
1.86,1991,0,0,0,1,1,Tepeji del Rio,618109,0,0,0,0,0,Raúl Jiménez,Mexico,1,76,Forward,0,Mexico
1.76,1980,0,0,0,0,0,Ocotlan,347953,0,0,0,0,0,Carlos Salcido,Mexico,0,70,Defender,0,Mexico
1.73,1990,0,0,0,0,0,Lagos de Moreno,509598,0,0,0,0,0,Isaac Brizuela,Mexico,0,59,Midfielder,0,Mexico
1.76,1991,0,0,0,0,0,Ciudad Victoria,540218,0,0,0,0,0,Alan Pulido,Mexico,0,60,Forward,0,Mexico
1.76,1990,0,0,0,0,0,Ciudad Victoria,544125,0,0,0,0,0,Carlos Pena,Mexico,0,75,Midfielder,0,Mexico
1.89,1992,0,0,0,0,0,Mexico City,544254,0,0,0,0,0,Diego Reyes,Mexico,0,65,Defender,0,Mexico
1.75,1989,0,0,0,0,0,Sacramento,544563,0,0,0,0,0,Miguel Ángel Ponce,United States,0,77,Defender,0,Mexico
1.66,1990,0,0,0,0,0,Oaxaca,552821,0,0,0,0,0,Javier Aquino,Mexico,0,59,Midfielder,0,Mexico
1.88,1982,0,0,0,0,0,Guadalajara,371511,0,0,0,0,0,Alfredo Talavera,Mexico,0,86,Goalkeeper,0,Mexico
1.93,1993,0,0,0,0,0,Abidjan,821845,0,0,0,0,0,Sayouba Mandé,Ivory Coast,0,89,Goalkeeper,0,Ivory Coast
1.83,1986,0,0,0,0,0,Oita,395037,0,0,0,0,0,Shusaku Nishikawa,Japan,0,81,Goalkeeper,0,Japan
1.87,1989,0,0,0,0,0,Tokyo,395122,0,0,0,0,0,Shuichi Gonda,Japan,0,85,Goalkeeper,0,Japan
1.95,1983,0,0,0,0,0,Zurich,370693,0,0,0,0,0,Diego Benaglio,Switzerland,0,83,Goalkeeper,0,Switzerland
1.83,1988,0,0,0,0,0,Morges,349443,0,0,0,0,0,Yann Sommer,Switzerland,0,79,Goalkeeper,0,Switzerland
1.88,1990,0,0,0,0,0,Munsingen,457102,0,0,0,0,0,Roman Burki,Switzerland,0,83,Goalkeeper,0,Switzerland
1.87,1985,0,0,0,0,0,Guayaquil,554701,0,0,0,0,0,Máximo Banguera,Ecuador,0,84,Goalkeeper,0,Ecuador
1.88,1988,0,0,0,0,0,Esmeraldas,586284,0,0,0,0,0,Adrián Bone,Ecuador,0,76,Goalkeeper,0,Ecuador
1.88,1986,0,0,0,0,0,Nice,347765,0,0,0,0,0,Hugo Lloris,France,0,73,Goalkeeper,0,France
1.84,1979,0,0,0,0,0,Machecoul,347486,0,0,0,0,0,Mickael Landreau,France,0,85,Goalkeeper,0,France
1.88,1986,0,0,0,0,0,Bayonne,350484,0,0,0,0,0,Stephane Ruffier,France,0,90,Goalkeeper,0,France
1.78,1977,0,0,0,0,0,Comayagua,363537,0,0,0,0,0,Noel Valladares,Honduras,0,80,Goalkeeper,0,Honduras
1.80,1981,0,0,0,0,0,San Ignacio,504478,0,0,0,0,0,Donis Escober,Honduras,0,75,Goalkeeper,0,Honduras
1.82,1993,0,0,0,0,0,San Pedro Sula,826222,0,0,0,0,0,Luis López,Honduras,0,75,Goalkeeper,0,Honduras
1.92,1987,0,0,0,0,0,Bernardo de Irigoyen,373844,0,0,0,0,0,Sergio Romero,Argentina,0,88,Goalkeeper,0,Argentina
1.90,1981,0,0,0,0,0,Haedo,371264,0,0,0,0,0,Agustín Orión,Argentina,0,83,Goalkeeper,0,Argentina
1.94,1983,0,0,0,0,0,Buenos Aires,375130,0,0,0,0,0,Mariano Andújar,Argentina,0,88,Goalkeeper,0,Argentina
1.98,1986,0,0,0,0,0,Tupkovic,462632,0,0,0,0,0,Jasmin Fejzic,Yugoslavia,0,95,Goalkeeper,0,Bosnia-Herzegovina
1.90,1981,0,0,0,0,0,Breza,578835,0,0,0,0,0,Asmir Avdukic,Yugoslavia,0,86,Goalkeeper,0,Bosnia-Herzegovina
1.93,1986,0,0,0,0,0,Gelsenkirchen-Buer,345666,0,0,0,0,0,Manuel Neuer,West Germany,0,92,Goalkeeper,0,Germany
1.88,1980,0,0,0,0,0,Diez,345366,0,0,0,0,0,Roman Weidenfeller,West Germany,0,85,Goalkeeper,0,Germany
1.87,1989,0,0,0,0,0,Cologne,375927,0,0,0,0,0,Ron-Robert Zieler,West Germany,0,83,Goalkeeper,0,Germany
1.87,1982,0,0,0,0,0,Mirandela,349453,0,0,0,0,0,Eduardo,Portugal,0,84,Goalkeeper,0,Portugal
1.83,1982,0,0,0,0,0,Lisbon,495352,0,0,0,0,0,Beto,Portugal,0,81,Goalkeeper,0,Portugal
1.93,1988,0,0,0,0,0,Tehran,493279,0,0,0,0,0,Alireza Haghighi,Iran,0,80,Goalkeeper,0,Iran
1.93,1988,0,0,0,0,0,Giessen,505368,0,0,0,0,0,Daniel Davari,West Germany,0,85,Goalkeeper,0,Iran
1.82,1980,0,0,0,0,0,Noshahr,590168,0,0,0,0,0,Rahman Ahmadi,Iran,0,77,Goalkeeper,0,Iran
1.86,1984,0,0,0,0,0,Onitsha,367870,0,0,0,0,0,Austin Ejide,Nigeria,0,90,Goalkeeper,0,Nigeria
1.87,1984,0,0,0,0,0,Abuja,622285,0,0,0,0,0,Chigozie Agbim,Nigeria,0,83,Goalkeeper,0,Nigeria
1.90,1987,0,0,0,0,0,Oslo,482076,0,0,0,0,0,Adam Kwarasey,Norway,0,84,Goalkeeper,0,Ghana
1.80,1985,0,0,0,0,0,Obuasi,533450,0,0,0,0,0,Fatau Dauda,Ghana,0,74,Goalkeeper,0,Ghana
1.77,1984,0,0,0,0,0,Khumasi,545664,0,0,0,0,0,Stephen Adams,Ghana,0,78,Goalkeeper,0,Ghana
1.82,1979,0,0,0,0,0,Montclair,274846,0,0,0,0,0,Nick Rimando,United States,0,86,Goalkeeper,0,United States
1.93,1984,0,0,0,0,0,Homer Glen,322494,0,0,0,0,0,Brad Guzan,United States,0,95,Goalkeeper,0,United States
1.84,1991,0,2,2,0,0,Saint-Priest-en-Jarez,575270,1,2,0,0,0,Faouzi Ghoulam,France,23,80,Defender,10,Algeria
1.79,1992,0,0,2,0,0,Castres,543904,1,3,4,0,0,Saphir Taider,France,18,73,Midfielder,7,Algeria
1.80,1985,0,0,2,0,1,Lyon,347810,0,1,1,0,0,Carl Medjani,France,11,77,Defender,3,Algeria
1.89,1994,0,1,3,0,0,Lille,797903,1,2,0,0,0,Nabil Bentaleb,France,21,68,Midfielder,4,Algeria
1.77,1989,0,0,1,1,1,Levallois-Perret,440563,1,0,3,1,0,Sofiane Feghouli,France,11,71,Forward,3,Algeria
1.79,1991,0,0,3,0,1,Sarcelles,605046,1,3,3,0,0,Riyad Mahrez,France,11,66,Forward,3,Algeria
1.77,1987,0,1,4,0,0,Chlef,619171,1,2,2,0,0,El Arabi Soudani,Algeria,5,75,Forward,2,Algeria
1.75,1984,0,0,0,0,0,Paris,374914,0,0,1,0,0,Mehdi Lacen,France,2,72,Midfielder,0,Algeria
1.83,1990,0,0,0,0,0,Marseille,698366,0,1,0,0,0,Nabil Ghilas,France,1,85,Forward,0,Algeria
1.88,1988,0,0,0,0,0,Algiers,657130,0,1,0,0,0,Islam Slimani,Algeria,6,79,Forward,0,Algeria
1.88,1984,0,0,0,0,0,Saint-Maurice,347681,0,0,0,0,0,Hassan Yebda,France,0,80,Midfielder,0,Algeria
1.71,1990,0,0,0,0,0,Paris,397897,0,0,0,0,0,Yacine Brahimi,France,0,68,Midfielder,0,Algeria
1.79,1984,0,0,0,0,0,Zighoud Youcef,402037,0,0,0,0,0,Djamel Mesbah,Algeria,0,74,Defender,0,Algeria
1.84,1991,0,0,0,0,0,Chalons-au-Champagne,558856,0,0,0,0,0,Aissa Mandi,France,0,78,Defender,0,Algeria
1.87,1988,0,0,0,0,0,Tolouse,577897,0,0,0,0,0,Liassine Cadamuro,France,0,81,Defender,0,Algeria
1.90,1989,0,0,0,0,0,Mekla,706676,0,0,0,0,0,Esseid Belkalem,Algeria,0,90,Defender,0,Algeria
1.68,1987,0,0,0,0,0,Setif,719156,0,0,0,0,0,Abdelmoumene Djabou,Algeria,0,66,Forward,0,Algeria
1.98,1992,0,0,0,0,0,Bree,496415,0,0,0,0,0,Thibaut Courtois,Belgium,0,91,Goalkeeper,0,Belgium
1.87,1985,0,0,0,0,0,Tielt,346988,0,0,0,0,0,Sammy Bossut,Belgium,0,74,Goalkeeper,0,Belgium
1.93,1988,0,0,0,0,0,Sint-Truiden,347350,0,0,0,0,0,Simon Mignolet,Belgium,0,87,Goalkeeper,0,Belgium
1.87,1985,0,0,0,0,0,Mila,536847,0,0,0,0,0,Mohamed Zemmamouche,Algeria,0,82,Goalkeeper,0,Algeria
1.82,1985,0,0,0,0,0,Roanne,706821,0,0,0,0,0,Cedric Si Mohamed,France,0,68,Goalkeeper,0,Algeria
1.75,1983,0,1,3,0,0,Juazeiro,348634,5,2,2,0,0,Dani Alves,Brazil,47,64,Defender,5,Brazil
1.82,1984,0,1,3,1,1,Rio de Janeiro,375843,0,1,1,0,0,Thiago Silva,Brazil,40,79,Defender,6,Brazil
1.89,1987,0,1,2,1,1,Sao Paulo,409128,0,2,0,0,0,David Luiz,Brazil,37,84,Defender,4,Brazil
1.74,1988,0,1,3,0,1,Rio de Janeiro,356026,4,1,0,0,0,Marcelo,Brazil,51,75,Defender,8,Brazil
1.81,1988,0,1,0,1,2,Sao Paulo,545294,0,2,0,0,0,Paulinho,Brazil,18,71,Midfielder,2,Brazil
1.81,1991,0,1,5,1,2,Americana,466295,1,0,1,0,0,Oscar,Brazil,34,66,Midfielder,4,Brazil
1.88,1987,0,1,4,0,1,Pindamonhangaba,410479,0,1,4,0,0,Luiz Gustavo,Brazil,33,80,Midfielder,8,Brazil
1.81,1987,0,0,2,0,0,Barra do Pirai,440827,1,2,1,0,0,Ramires,Brazil,10,73,Midfielder,1,Brazil
1.86,1983,0,1,0,2,2,Teofilo Otoni,347711,0,0,1,0,4,Fred,Brazil,6,90,Forward,0,Brazil
1.75,1992,0,0,1,2,3,Mogi das Cruzes,555042,6,1,5,0,0,Neymar,Brazil,26,65,Forward,3,Brazil
1.66,1992,0,0,0,0,0,Belo Horizonte,589316,3,1,1,0,0,Bernard,Brazil,11,52,Forward,0,Brazil
1.91,1987,0,0,0,0,1,Sao Paulo,409159,0,0,0,0,1,Jo,Brazil,2,78,Forward,0,Brazil
1.76,1988,0,0,0,0,0,Ribeirao Pires,388493,0,0,1,0,0,Willian,Brazil,3,70,Midfielder,1,Brazil
1.77,1981,0,0,0,0,0,Cachoeiro do Itapemirim,346567,0,0,0,0,0,Maxwell,Brazil,0,73,Defender,0,Brazil
1.86,1981,0,0,0,0,0,Novo Hamburgo,346587,0,0,0,0,0,Maicon,Brazil,0,77,Defender,0,Brazil
1.89,1983,0,0,0,0,0,Salvador de Bahia,347258,0,0,0,0,0,Dante,Brazil,0,87,Defender,0,Brazil
1.79,1985,0,0,0,0,0,Londrina,348958,0,0,0,0,0,Fernandinho,Brazil,0,67,Midfielder,0,Brazil
1.80,1985,0,0,0,0,0,Recife,359280,0,0,0,0,0,Hernanes,Brazil,0,76,Midfielder,0,Brazil
1.86,1986,0,0,0,0,0,Marechal Candido Rondon,456926,0,0,0,0,0,Henrique,Brazil,0,73,Defender,0,Brazil
1.79,1986,0,0,0,0,0,Campina Grande,471521,0,0,0,0,0,Hulk,Brazil,0,80,Forward,0,Brazil
1.78,1986,0,1,4,0,1,Concordia,375518,1,3,3,0,0,Paul Aguilar,Mexico,25,65,Defender,0,Mexico
1.91,1981,0,0,2,0,0,Mazatlan,368436,0,2,0,0,0,Francisco Rodríguez,Mexico,29,84,Defender,3,Mexico
1.84,1979,0,1,3,0,0,Zamora,348468,0,0,2,0,0,Rafael Márquez,Mexico,28,74,Defender,15,Mexico
1.82,1988,0,1,2,0,0,Culiacan,359565,1,0,0,0,0,Héctor Moreno,Mexico,23,80,Defender,3,Mexico
1.78,1988,0,1,2,0,2,Veracruz,375578,3,1,1,0,0,Miguel Layún,Mexico,24,64,Defender,7,Mexico
1.79,1979,0,0,0,0,0,Rio de Janeiro,346589,0,0,0,0,0,Júlio César,Brazil,0,79,Goalkeeper,0,Brazil
1.95,1983,0,0,0,0,0,Santo Anastacio,359665,0,0,0,0,0,Victor,Brazil,0,84,Goalkeeper,0,Brazil
1.90,1983,0,0,0,0,0,Sao Vicente,442973,0,0,0,0,0,Jefferson,Brazil,0,93,Goalkeeper,0,Brazil
1.78,1981,0,0,0,0,0,Guadalajara,368221,0,0,0,0,0,José de Jesús Corona,Mexico,0,82,Goalkeeper,0,Mexico
1.90,1988,0,0,0,0,0,San Pedro,794286,0,0,0,0,0,Sylvain Gbohouo,Ivory Coast,0,82,Goalkeeper,0,Ivory Coast
1.69,1991,0,0,0,5,6,Gnjilane,508003,4,1,6,0,0,Xherdan Shaqiri,Yugoslavia,44,72,Midfielder,3,Switzerland
1.83,1992,0,3,1,1,3,Basel,552969,1,0,1,0,0,Granit Xhaka,Switzerland,43,82,Midfielder,1,Switzerland
1.79,1989,0,0,0,0,1,Kriens,402366,0,1,0,0,0,Valentin Stocker,Switzerland,9,73,Midfielder,0,Switzerland
1.82,1992,0,0,0,0,0,Freienbach,602354,0,0,0,0,1,Josip Drmic,Switzerland,11,70,Forward,1,Switzerland
1.83,1991,0,0,0,2,2,Gostivar,457113,0,0,1,1,0,Admir Mehmedi,Yugoslavia,19,76,Forward,3,Switzerland
1.87,1992,0,0,0,1,1,Sursee,538348,0,0,0,1,0,Haris Seferovic,Switzerland,4,83,Forward,0,Switzerland
1.78,1985,0,0,0,0,0,St Gallen,345642,0,0,0,0,0,Tranquillo Barnetta,Switzerland,0,68,Midfielder,0,Switzerland
1.90,1985,0,0,0,0,0,Geneva,346122,0,0,0,0,0,Philippe Senderos,Switzerland,0,84,Defender,0,Switzerland
1.83,1986,0,0,0,0,0,Nyon,346182,0,0,0,0,0,Reto Ziegler,Switzerland,0,80,Defender,0,Switzerland
1.79,1986,0,0,0,0,0,Tetovo,360062,0,0,0,0,0,Blerim Dzemaili,Yugoslavia,0,73,Midfielder,0,Switzerland
1.79,1986,0,0,0,0,0,Praia,395615,0,0,0,0,0,Gelson Fernandes,Cape Verde,0,70,Midfielder,0,Switzerland
1.85,1991,0,0,0,0,0,Egnach,402305,0,0,0,0,0,Michael Lang,Switzerland,0,79,Defender,0,Switzerland
1.75,1989,0,0,0,0,0,Lugano,507387,0,0,0,0,0,Mario Gavranovic,Switzerland,0,74,Forward,0,Switzerland
1.86,1991,0,0,0,0,0,Wil,660387,0,0,0,0,0,Fabian Schar,Switzerland,0,85,Defender,0,Switzerland
1.79,1987,0,0,5,0,0,Esmeraldas,490995,0,2,0,0,0,Juan Paredes,Ecuador,27,72,Defender,10,Ecuador
1.79,1981,0,1,3,0,0,Esmeraldas,363468,0,0,1,0,0,Jorge Guagua,Ecuador,13,75,Defender,3,Ecuador
1.89,1988,0,2,1,0,1,Esmeraldas,490600,0,0,0,0,1,Frickson Erazo,Ecuador,18,65,Defender,9,Ecuador
1.73,1979,1,2,0,0,1,Esmeraldas,363473,5,3,0,0,0,Walter Ayoví,Ecuador,52,68,Midfielder,10,Ecuador
1.80,1985,0,0,1,1,1,Nueva Loja,345938,1,1,1,0,0,Antonio Valencia,Ecuador,26,78,Midfielder,4,Ecuador
1.71,1995,0,1,0,0,1,Santo Domingo,688883,0,2,1,0,0,Carlos Gruezo,Ecuador,20,67,Midfielder,6,Ecuador
1.81,1985,0,1,3,1,1,Guayaquil,504629,0,2,1,0,0,Cristhian Noboa,Ecuador,29,75,Midfielder,13,Ecuador
1.70,1989,0,0,0,2,2,Babahoyo,505420,2,0,3,0,0,Jefferson Montero,Ecuador,19,64,Midfielder,7,Ecuador
1.79,1989,0,1,2,1,2,San Lorenzo,537827,1,2,1,1,1,Enner Valencia,Ecuador,19,68,Forward,8,Ecuador
1.83,1988,0,0,1,0,0,Guayaquil,402045,0,2,0,0,1,Felipe Caicedo,Ecuador,10,80,Forward,3,Ecuador
1.78,1987,0,0,0,1,1,Guayaquil,387218,0,0,1,0,0,Michael Arroyo,Ecuador,7,72,Midfielder,1,Ecuador
1.73,1989,0,0,0,0,0,La Troncal,510665,0,1,0,0,1,Joao Rojas,Ecuador,4,68,Forward,2,Ecuador
1.75,1979,0,0,0,0,0,Quito,347949,0,0,0,0,0,Edison Méndez,Ecuador,0,68,Midfielder,0,Ecuador
1.75,1983,0,0,0,0,0,Loja,372560,0,0,0,0,0,Luis Saritama,Ecuador,0,76,Midfielder,0,Ecuador
1.83,1983,0,0,0,0,0,Pasaje,373114,0,0,0,0,0,Oswaldo Minda,Ecuador,0,78,Midfielder,0,Ecuador
1.70,1982,0,0,0,0,0,Esmeraldas,374579,0,0,0,0,0,Óscar Bagüí,Ecuador,0,65,Defender,0,Ecuador
1.86,1988,0,0,0,0,0,Eloy Alfaro,387226,0,0,0,0,0,Jaime Ayoví,Ecuador,0,61,Forward,0,Ecuador
1.83,1985,0,0,0,0,0,Machala,510647,0,0,0,0,0,Gabriel Achilier,Ecuador,0,83,Defender,0,Ecuador
1.76,1990,0,0,0,0,0,Sucumbios,557536,0,0,0,0,0,Fidel Martínez,Ecuador,0,67,Midfielder,0,Ecuador
1.71,1991,0,0,0,0,0,Ambuqui,605529,0,0,0,0,0,Álex Ibarra,Ecuador,0,70,Midfielder,0,Ecuador
1.78,1985,0,0,1,2,2,Fretin,347705,6,2,1,0,0,Mathieu Debuchy,France,52,78,Defender,6,France
1.91,1993,0,1,1,0,0,Lille,572654,0,0,0,0,0,Raphael Varane,France,53,78,Defender,10,France
1.86,1990,0,2,0,0,0,Paris,377035,0,0,0,0,0,Mamadou Sakho,France,76,74,Defender,10,France
1.71,1981,0,0,0,0,0,Dakar,346097,4,1,2,0,0,Patrice Evra,Senegal,58,76,Defender,1,France
1.92,1993,0,0,1,0,0,Lagny-sur-Marne,588585,0,1,3,0,0,Paul Pogba,France,43,80,Midfielder,4,France
1.75,1986,0,1,0,0,2,Tourcoing,347716,1,2,0,0,0,Yohan Cabaye,France,75,72,Midfielder,10,France
1.75,1987,0,0,2,0,3,Toulouse,347763,3,2,2,0,0,Blaise Matuidi,France,81,70,Midfielder,2,France
1.67,1984,0,0,0,2,3,Bruges,347887,7,2,3,0,1,Mathieu Valbuena,France,56,58,Midfielder,0,France
1.85,1987,0,0,0,4,7,Lyon,347725,1,1,0,2,0,Karim Benzema,France,30,79,Forward,1,France
1.75,1991,0,1,0,2,3,Macon,524262,2,1,0,0,0,Antoine Griezmann,France,28,68,Forward,3,France
1.92,1986,0,0,0,0,0,Chambery,440565,0,0,1,0,0,Olivier Giroud,France,3,88,Forward,0,France
1.72,1984,0,0,0,0,0,Born at sea,347649,0,1,0,0,0,Rio Mavuba,Angola,26,74,Midfielder,0,France
1.87,1989,0,0,0,0,0,Le Blanc-Mesnil,397904,1,0,0,0,0,Moussa Sissoko,France,25,88,Midfielder,1,France
1.75,1983,0,0,0,0,0,Sens,347680,0,0,0,0,0,Bacary Sagna,France,0,72,Defender,0,France
1.85,1987,0,0,0,0,0,Rillieux-la-Pape,347919,0,0,0,0,0,Loic Remy,France,0,82,Forward,0,France
1.81,1989,0,0,0,0,0,Zellwiller,394208,0,0,0,0,0,Morgan Schneiderlin,France,0,75,Midfielder,0,France
1.85,1985,0,0,0,0,0,Tulle,459434,0,0,0,0,0,Laurent Koscielny,France,0,75,Defender,0,France
1.88,1991,0,0,0,0,0,Paris,479948,0,0,0,0,0,Eliaquim Mangala,France,0,81,Defender,0,France
1.72,1990,0,0,0,0,0,Ajaccio,508852,0,0,0,0,0,Remy Cabella,France,0,66,Forward,0,France
1.79,1993,0,0,0,0,0,Meaux,558151,0,0,0,0,0,Lucas Digne,France,0,74,Defender,0,France
1.86,1985,0,1,2,0,1,La Ceiba,596331,0,2,0,0,0,Brayan Beckeles,Honduras,30,80,Defender,4,Honduras
1.87,1982,0,1,1,0,0,La Ceiba,457705,0,1,0,0,0,Victor Bernárdez,Honduras,9,86,Defender,3,Honduras
1.84,1983,0,4,2,0,1,Jutiapa,358879,0,3,1,0,0,Maynor Figueroa,Honduras,36,82,Defender,11,Honduras
1.77,1986,0,0,1,0,0,Tegucigalpa,363591,1,1,0,0,0,Emilio Izaguirre,Honduras,32,77,Midfielder,6,Honduras
1.70,1993,0,0,1,0,0,Choluteca,542293,1,0,1,0,0,Andy Najar,Honduras,5,67,Midfielder,1,Honduras
1.70,1990,0,1,6,0,0,Juticalpa,650765,0,1,0,0,0,Luis Garrido,Honduras,27,73,Midfielder,4,Honduras
1.81,1984,0,3,1,1,1,La Ceiba,358890,0,3,3,0,0,Wilson Palacios,Honduras,12,71,Midfielder,3,Honduras
1.80,1986,0,0,1,0,0,Puerto Cortes,439302,0,1,1,0,0,Roger Espinoza,Honduras,19,73,Midfielder,4,Honduras
1.87,1987,0,0,0,0,0,Santa Rosa de Aguan,544490,0,0,0,0,2,Jerry Bengtson,Honduras,14,75,Forward,1,Honduras
1.90,1982,0,1,1,0,0,San Pedro Sula,491194,1,1,2,0,0,Carlo Costly,Honduras,14,85,Forward,1,Honduras
1.87,1984,0,1,0,0,0,Santa Fe,457707,0,0,1,0,0,Osman Chávez,Honduras,10,91,Defender,2,Honduras
1.76,1986,0,1,0,0,0,Choloma,386041,0,0,0,0,0,Jorge Claros,Honduras,12,70,Midfielder,4,Honduras
1.76,1984,0,0,1,1,1,Tegucigalpa,358947,0,1,4,0,0,Boniek García,Honduras,11,72,Midfielder,2,Honduras
1.73,1989,0,0,0,0,0,San Pedro Sula,461719,0,0,0,0,0,Mario Martínez,Honduras,0,70,Midfielder,0,Honduras
1.56,1983,0,0,0,0,0,La Ceiba,500102,0,0,0,0,0,Marvin Chávez,Honduras,0,66,Midfielder,0,Honduras
1.75,1988,0,0,0,0,0,Tela,504480,0,0,0,0,0,Juan Carlos García,Honduras,0,76,Defender,0,Honduras
1.79,1986,0,0,0,0,0,San Manuel,504521,0,0,0,0,0,Edder Delgado,Honduras,0,70,Midfielder,0,Honduras
1.81,1982,0,0,0,0,0,La Ceiba,526954,0,0,0,0,0,Jerry Palacios,Honduras,0,81,Midfielder,0,Honduras
1.96,1985,0,0,0,0,0,Sulaco,724862,0,0,0,0,0,Juan Montes,Honduras,0,75,Defender,0,Honduras
1.71,1987,0,0,0,0,0,Olanchito,736396,0,0,0,0,0,Rony Martínez,Honduras,0,75,Forward,0,Honduras
1.74,1985,0,0,1,0,0,Buenos Aires,348661,0,0,3,0,0,Pablo Zabaleta,Argentina,38,74,Defender,7,Argentina
1.81,1980,0,1,1,0,0,Cordoba,368530,0,0,2,0,0,Hugo Campagnaro,Argentina,34,85,Defender,1,Argentina
1.90,1989,0,2,3,0,0,Tres Algarrobos,457756,0,1,2,0,0,Fede Fernández,Argentina,54,81,Defender,2,Argentina
1.86,1986,0,0,2,0,0,Rosario,348765,0,2,0,0,0,Ezequiel Garay,Argentina,57,85,Defender,6,Argentina
1.89,1990,0,0,2,1,1,La Plata,492564,2,2,0,0,0,Marcos Rojo,Argentina,27,82,Defender,2,Argentina
1.80,1981,0,0,1,0,1,Rosario,348535,0,0,0,0,0,Maxi Rodríguez,Argentina,27,74,Midfielder,1,Argentina
1.71,1984,0,2,1,1,1,San Lorenzo,346143,0,2,0,0,0,Javier Mascherano,Argentina,96,74,Midfielder,3,Argentina
1.78,1988,0,1,0,1,1,Rosario,359948,5,1,1,0,0,Ángel Di María,Argentina,53,70,Midfielder,2,Argentina
1.69,1987,0,0,1,1,3,Rosario,348767,3,1,1,1,0,Lionel Messi,Argentina,52,67,Forward,2,Argentina
1.72,1988,0,2,0,1,3,Quilmes,348656,1,1,4,0,0,Sergio Agüero,Argentina,9,69,Forward,0,Argentina
1.75,1986,0,0,0,0,0,Mercedes,347118,0,0,0,0,0,Lucas Biglia,Argentina,3,74,Midfielder,2,Argentina
1.78,1986,0,0,1,0,0,Ciudadela,374090,0,0,0,0,0,Fernando Gago,Argentina,43,72,Midfielder,0,Argentina
1.84,1987,1,1,0,0,1,Brest,356019,1,0,0,0,0,Gonzalo Higuaín,France,20,82,Forward,2,Argentina
1.84,1980,0,0,0,0,0,Justiniano Posse,345565,0,0,0,0,0,Martín Demichelis,Argentina,0,81,Defender,0,Argentina
1.77,1986,0,0,0,0,0,Mendoza,372417,0,0,0,0,0,Enzo Pérez,Argentina,0,77,Midfielder,0,Argentina
1.75,1982,0,0,0,0,0,Bahia Blanca,372953,0,0,0,0,0,Rodrigo Palacio,Argentina,0,70,Forward,0,Argentina
1.73,1985,0,0,0,0,0,Villa Gobernador Galvez,372986,0,0,0,0,0,Ezequiel Lavezzi,Argentina,0,75,Forward,0,Argentina
1.88,1984,0,0,0,0,0,Tres Sargentos,373592,0,0,0,0,0,José María Basanta,Argentina,0,78,Defender,0,Argentina
1.77,1986,0,0,0,0,0,Buenos Aires,375263,0,0,0,0,0,Augusto Fernández,Argentina,0,74,Midfielder,0,Argentina
1.88,1988,0,0,0,0,0,Buenos Aires,454635,0,0,0,0,0,Ricardo Álvarez,Argentina,0,84,Midfielder,0,Argentina
1.84,1984,0,1,1,0,0,Zagreb,504588,1,2,0,0,0,Mensur Mujdza,Yugoslavia,28,77,Midfielder,0,Bosnia-Herzegovina
1.85,1990,0,2,0,0,0,Zvornik,505388,4,0,0,0,0,Ermin Bicakcic,Yugoslavia,30,83,Defender,3,Bosnia-Herzegovina
1.83,1980,0,0,1,0,0,Dubrovnik,415209,0,2,0,0,0,Emir Spahic,Yugoslavia,39,77,Defender,12,Bosnia-Herzegovina
1.83,1993,0,0,3,0,0,Karlsruhe,644835,2,1,0,0,0,Sead Kolasinac,Germany,46,82,Defender,3,Bosnia-Herzegovina
1.77,1992,0,0,3,0,2,Berlin,568441,0,0,1,0,0,Muhamed Besic,Germany,54,78,Midfielder,7,Bosnia-Herzegovina
1.77,1991,0,0,0,3,4,Brugg,544471,2,2,2,0,0,Izet Hajrovic,Switzerland,11,71,Midfielder,2,Bosnia-Herzegovina
1.80,1990,0,0,2,2,2,Tuzla,401342,0,2,1,0,0,Miralem Pjanic,Yugoslavia,58,68,Midfielder,5,Bosnia-Herzegovina
1.80,1982,0,0,0,1,1,Munich,345568,2,0,3,0,0,Zvjezdan Misimovic,West Germany,27,80,Midfielder,1,Bosnia-Herzegovina
1.83,1986,1,0,2,2,2,Mostar,457028,2,2,0,0,2,Senad Lulic,Yugoslavia,26,75,Midfielder,4,Bosnia-Herzegovina
1.92,1986,0,0,0,0,1,Doboj,400160,0,2,2,0,1,Edin Dzeko,Yugoslavia,19,80,Forward,0,Bosnia-Herzegovina
1.89,1984,0,0,0,1,1,Vlasenica,345645,0,0,0,1,0,Vedad Ibisevic,Yugoslavia,7,82,Forward,1,Bosnia-Herzegovina
1.88,1985,0,1,0,0,1,Sarajevo,348218,0,0,0,0,0,Haris Medunjanin,Yugoslavia,23,83,Midfielder,1,Bosnia-Herzegovina
1.72,1990,0,0,0,2,2,Olovo,620075,2,1,0,0,0,Edin Visca,Yugoslavia,3,67,Forward,0,Bosnia-Herzegovina
1.84,1989,0,0,0,0,0,Velika Kladusa,401897,0,0,0,0,0,Anel Hadzic,Yugoslavia,0,73,Midfielder,0,Bosnia-Herzegovina
1.85,1985,0,0,0,0,0,Kotor Varos,418066,0,0,0,0,0,Senijad Ibricic,Yugoslavia,0,79,Midfielder,0,Bosnia-Herzegovina
1.82,1986,0,0,0,0,0,Tesanj,457509,0,0,0,0,0,Avdija Vrsajevic,Yugoslavia,0,75,Midfielder,0,Bosnia-Herzegovina
1.86,1992,0,0,0,0,0,Sarajevo,553391,0,0,0,0,0,Tino-Sven Susic,Yugoslavia,0,77,Midfielder,0,Bosnia-Herzegovina
1.86,1989,0,0,0,0,0,Banja Luka,561086,0,0,0,0,0,Ognjen Vranjes,Yugoslavia,0,74,Defender,0,Bosnia-Herzegovina
1.92,1988,0,0,0,0,0,Mostar,567405,0,0,0,0,0,Toni Sunjic,Yugoslavia,0,93,Defender,0,Bosnia-Herzegovina
1.92,1988,0,3,1,0,0,Berlin,376673,1,2,2,0,0,Jerome Boateng,West Germany,37,90,Defender,6,Germany
1.98,1984,0,3,0,0,0,Hannover,345605,0,2,0,0,0,Per Mertesacker,West Germany,28,90,Defender,5,Germany
1.92,1988,0,1,4,1,1,Bensberg,351086,0,1,0,1,0,Mats Hummels,West Germany,47,90,Defender,8,Germany
1.87,1988,0,3,2,0,0,Haltern,378278,0,0,0,0,1,Benedikt Howedes,West Germany,38,80,Defender,8,Germany
1.89,1987,0,0,0,0,1,Stuttgart,345802,0,0,2,0,0,Sami Khedira,West Germany,41,85,Midfielder,5,Germany
1.70,1983,0,0,3,1,1,Munich,345573,1,0,2,0,0,Philipp Lahm,West Germany,59,66,Midfielder,11,Germany
1.80,1988,0,0,0,1,1,Gelsenkirchen,345762,1,0,1,0,0,Mesut Özil,West Germany,27,76,Midfielder,1,Germany
1.82,1990,2,2,0,1,1,Greifswald,397482,4,0,1,0,0,Toni Kroos,East Germany,64,78,Midfielder,6,Germany
1.76,1992,0,1,2,2,4,Memmingen,505351,2,1,2,0,0,Mario Götze,Germany,33,64,Forward,6,Germany
1.86,1989,0,0,1,3,4,Weilheim,461803,3,1,1,3,0,Thomas Müller,West Germany,21,75,Forward,3,Germany
1.84,1990,0,0,0,0,0,Ludwigshafen,504595,2,1,0,0,1,André Schurrle,Germany,7,63,Forward,1,Germany
1.80,1985,0,0,0,0,0,Gliwice,345608,0,0,0,0,0,Lukas Podolski,Poland,3,83,Forward,0,Germany
1.84,1992,0,1,0,0,0,Bad Hersfeld,499547,0,0,0,0,0,Shkodran Mustafi,Germany,11,82,Defender,1,Germany
1.82,1978,0,0,0,0,0,Opole,345428,0,0,0,0,0,Miroslav Klose,Poland,0,84,Forward,0,Germany
1.83,1984,0,0,0,0,0,Kolbermoor,345535,0,0,0,0,0,Bastian Schweinsteiger,West Germany,0,79,Midfielder,0,Germany
1.86,1988,0,0,0,0,0,Dortmund,468085,0,0,0,0,0,Kevin Großkreutz,West Germany,0,72,Defender,0,Germany
1.89,1991,0,0,0,0,0,Solingen,564033,0,0,0,0,0,Christoph Kramer,Germany,0,82,Midfielder,0,Germany
1.85,1993,0,0,0,0,0,Gladbeck,585825,0,0,0,0,0,Julian Draxler,Germany,0,74,Midfielder,0,Germany
1.87,1994,0,0,0,0,0,Freiburg,640301,0,0,0,0,0,Matthias Ginter,Germany,0,85,Defender,0,Germany
1.83,1992,0,0,0,0,0,Pirmasens,660536,0,0,0,0,0,Erik Durm,Germany,0,73,Defender,0,Germany
1.72,1984,0,1,1,0,0,Lisbon,415581,3,2,0,0,0,Joao Pereira,Portugal,26,64,Defender,6,Portugal
1.87,1981,0,2,1,0,0,Povoa de Varzim,349050,0,1,0,0,0,Bruno Alves,Portugal,43,80,Defender,8,Portugal
1.86,1983,0,0,1,0,0,Maceio,349048,0,2,1,0,0,Pepe,Brazil,18,81,Defender,9,Portugal
1.81,1988,0,1,1,0,0,Vila do Conde,392800,4,1,0,0,0,Fabio Coentrão,Portugal,31,70,Defender,4,Portugal
1.70,1986,0,0,2,0,0,Portimao,348981,1,1,1,0,0,Joao Joao Moutinho,Portugal,41,61,Midfielder,5,Portugal
1.81,1986,0,0,1,1,1,Coimbra,348978,0,0,0,0,0,Miguel Veloso,Portugal,23,78,Midfielder,7,Portugal
1.79,1983,0,2,1,0,0,Aves,349054,0,2,0,0,0,Raul Meireles,Portugal,42,78,Midfielder,7,Portugal
1.75,1986,0,1,3,2,3,Praia,348983,3,2,0,0,0,Nani,Cape Verde,31,66,Forward,1,Portugal
1.93,1984,0,0,0,1,1,Figueira da Foz,345763,0,0,0,0,1,Hugo Almeida,Portugal,4,86,Forward,0,Portugal
1.85,1985,0,0,1,5,7,Madeira,346135,2,0,2,0,0,Cristiano Ronaldo,Portugal,22,80,Forward,3,Portugal
1.90,1987,0,0,0,0,2,Bissau,442081,2,0,3,0,0,Eder,Guinea-Bissau,19,81,Forward,0,Portugal
1.83,1981,0,0,2,0,0,Vila Nova de Gaia,348894,0,0,1,0,0,Ricardo Costa,Portugal,21,80,Defender,6,Portugal
1.85,1990,0,1,0,0,0,Lisbon,535678,0,0,0,0,0,André Almeida,Portugal,6,75,Defender,1,Portugal
1.70,1986,0,0,0,0,0,Guimaraes,349060,0,0,0,0,0,Vieirinha,Portugal,0,73,Forward,0,Portugal
1.82,1982,0,0,0,0,0,Vila do Conde,351268,0,0,0,0,0,Hélder Postiga,Portugal,0,76,Forward,0,Portugal
1.80,1985,0,0,0,0,0,Almada,398659,0,0,0,0,0,Silvestre Varela,Portugal,0,79,Forward,0,Portugal
1.80,1985,0,0,0,0,0,Lisbon,441986,0,0,0,0,0,Ruben Amorim,Portugal,0,78,Midfielder,0,Portugal
1.85,1992,0,0,0,0,0,Luanda,565439,0,0,0,0,0,William,Angola,0,87,Midfielder,0,Portugal
1.86,1988,0,0,0,0,0,Povoa de Varzim,607949,0,0,0,0,0,Luis Neto,Portugal,0,71,Defender,0,Portugal
1.73,1993,0,0,0,0,0,Barreiro,748968,0,0,0,0,0,Rafa,Portugal,0,66,Forward,0,Portugal
1.86,1983,0,1,2,0,0,Ahvaz,481709,0,2,1,0,0,Pejman Montazeri,Iran,24,78,Defender,6,Iran
1.85,1982,0,0,2,0,0,Bandar Anzali,473970,0,0,0,0,0,Jalal Hosseini,Iran,16,80,Defender,8,Iran
1.85,1981,0,0,0,0,0,Tehran,360095,0,1,1,0,0,Amir Hossein Sadeghi,Iran,16,78,Defender,7,Iran
1.80,1987,0,2,6,0,0,Karaj,493161,2,1,1,0,0,Mehrdad Pooladi,Iran,11,70,Defender,5,Iran
1.78,1983,0,0,9,1,2,Tehran,346183,0,6,0,0,0,Andranik Timotian,Iran,18,73,Midfielder,7,Iran
1.88,1980,0,2,0,0,0,Shahr-e-Rey,348756,0,0,1,0,0,Javad Nekounam,Iran,26,78,Midfielder,6,Iran
1.77,1990,0,0,4,1,1,Kashan,473977,3,0,0,0,0,Ehsan Haji Safi,Iran,22,64,Midfielder,1,Iran
1.75,1983,0,0,1,0,0,Tehran,493155,3,0,1,0,0,Khosro Heydari,Iran,12,61,Forward,2,Iran
1.81,1987,0,0,2,1,4,Mashhad,351427,2,7,5,0,0,Reza Ghoochannejhad,Iran,12,76,Forward,1,Iran
1.82,1986,0,1,1,0,0,Tehran,345653,1,1,3,0,1,Ashkan Dejagah,Iran,12,79,Forward,4,Iran
1.85,1984,0,0,0,0,0,Shiraz,473978,1,0,0,0,0,Masoud Shojaei,Iran,0,73,Forward,0,Iran
1.81,1993,0,0,2,0,0,Jirandeh,740234,1,0,0,0,0,Alireza Jahanbakhsh,Iran,2,78,Forward,1,Iran
1.89,1982,0,0,0,0,0,Ahvaz,473975,0,0,0,0,0,Ahmad Alnameh,Iran,0,78,Defender,0,Iran
1.80,1984,0,0,0,0,0,Shiraz,481672,0,0,0,0,0,Hashem Beikzadeh,Iran,0,78,Midfielder,0,Iran
1.78,1987,0,0,0,0,0,San Jose,537093,0,0,0,0,0,Steven Beitashour,United States,0,77,Defender,0,Iran
1.78,1983,0,0,0,0,0,Esfahan,539244,0,0,0,0,0,Ghasem Hadadifar,Iran,0,66,Midfielder,0,Iran
1.82,1986,0,0,0,0,0,Bushehr,566432,0,0,0,0,0,Hossein Mahini,Iran,0,70,Defender,0,Iran
1.79,1991,0,0,0,0,0,Sarpol-e Zahab,569580,0,0,0,0,0,Bakhtiar Rahmani,Iran,0,74,Midfielder,0,Iran
1.85,1990,0,0,0,0,0,Ardabil,583648,0,0,0,0,0,Karim Ansarifard,Iran,0,65,Forward,0,Iran
1.90,1989,0,0,0,0,0,Mashhad,826260,0,0,0,0,0,Reza Haghighi,Iran,0,80,Midfielder,0,Iran
1.90,1988,0,0,0,0,0,Kaduna,392604,4,0,3,0,0,Efe Ambrose,Nigeria,55,70,Defender,6,Nigeria
1.85,1993,0,0,0,0,0,Jos,604558,0,1,2,0,0,Kenneth Omeruo,Nigeria,55,71,Defender,9,Nigeria
1.83,1990,0,0,0,0,0,Akure,656342,0,1,0,0,0,Godfrey Oboabona,Nigeria,24,85,Defender,4,Nigeria
1.84,1990,0,2,3,0,0,Ilorin,656341,3,2,2,0,0,Juwon Oshaniwa,Nigeria,37,69,Defender,5,Nigeria
1.68,1992,0,0,5,1,3,Lagos,655435,3,1,2,0,0,Ogenyi Onazi,Nigeria,83,73,Midfielder,16,Nigeria
1.88,1987,0,0,4,1,1,Jos,330396,0,4,5,0,0,John Obi Mikel,Nigeria,64,86,Midfielder,7,Nigeria
1.70,1992,0,0,0,0,0,Abuya,604572,3,0,2,0,0,Ramón Azeez,Nigeria,40,70,Midfielder,3,Nigeria
1.76,1992,0,0,3,1,1,Bukuru,575271,6,2,0,0,0,Ahmed Musa,Nigeria,12,62,Forward,2,Nigeria
1.82,1987,0,1,2,0,2,Otuocha,608424,3,1,0,0,0,Emmanuel Emenike,Nigeria,8,90,Forward,1,Nigeria
1.77,1990,0,0,0,1,1,Lagos,416523,1,1,0,0,0,Victor Moses,Nigeria,7,73,Midfielder,0,Nigeria
1.81,1981,0,0,0,0,0,Tashkent,347710,0,1,1,0,0,Peter Odemwingie,USSR,10,79,Forward,0,Nigeria
1.88,1981,0,0,0,2,2,Zaria,345955,0,1,0,0,0,Shola Ameobi,Nigeria,5,95,Forward,1,Nigeria
1.94,1990,0,0,0,0,0,Enugu,537661,0,0,0,0,0,Okechukwu Uchebo,Nigeria,0,85,Forward,0,Nigeria
1.77,1991,0,0,0,0,0,Lagos,604564,0,0,0,0,0,Uche Nwofor,Nigeria,0,75,Forward,0,Nigeria
1.95,1989,0,0,0,0,0,Lafia,656343,0,0,0,0,0,Azubuike Egwuekwe,Nigeria,0,91,Defender,0,Nigeria
1.84,1990,0,0,0,0,0,Kaduna,656351,0,0,0,0,0,Ruben Gabriel,Nigeria,0,86,Midfielder,0,Nigeria
1.68,1988,0,0,0,0,0,Aba,656358,0,0,0,0,0,Ejike Uzoenyi,Nigeria,0,62,Midfielder,0,Nigeria
1.87,1991,0,0,0,0,0,indefinido,735697,0,0,0,0,0,Ebenezer Odunlami,Nigeria,0,70,Defender,0,Nigeria
1.65,1992,0,0,0,0,0,Lagos,735699,0,0,0,0,0,Michael Babatunde,Nigeria,0,72,Forward,0,Nigeria
1.72,1990,0,1,1,0,0,Accra,551863,8,3,2,0,0,Daniel Opare,Ghana,54,73,Defender,10,Ghana
1.82,1990,0,1,3,0,1,Accra,545667,0,0,1,0,0,Jonathan Mensah,Ghana,48,83,Defender,9,Ghana
1.85,1987,0,0,0,0,2,Accra,508854,0,0,0,0,0,John Boye,Ghana,40,72,Defender,7,Ghana
1.68,1988,0,0,1,1,1,Accra,446775,3,0,1,0,0,Kwadwo Asamoah,Ghana,64,78,Midfielder,6,Ghana
1.79,1984,0,0,3,0,2,Konongo,346563,5,1,3,0,0,Sulley Muntari,Ghana,52,76,Midfielder,1,Ghana
1.89,1989,0,1,1,0,0,Accra,555210,0,1,0,0,0,Mohammed Rabiu,Ghana,30,70,Midfielder,8,Ghana
1.82,1991,0,0,1,1,1,Marseille,527802,3,2,0,0,0,Jordan Ayew,France,15,80,Forward,1,Ghana
1.65,1992,0,1,0,1,4,Ada Foah,618262,4,0,1,0,1,Christian Atsu,Ghana,35,68,Midfielder,0,Ghana
1.75,1989,0,0,1,2,2,Lille,397830,1,1,2,1,1,André Ayew,France,22,72,Midfielder,2,Ghana
1.86,1985,1,1,0,2,5,Accra,346879,1,1,2,0,1,Asamoah Gyan,Ghana,11,77,Forward,0,Ghana
1.85,1987,0,1,1,0,0,Lambeth,441046,1,0,0,0,0,Albert Adomah,England,7,74,Midfielder,1,Ghana
1.82,1987,0,1,0,0,2,Berlin,345691,0,0,0,0,2,Kevin-Prince Boateng,West Germany,12,86,Forward,0,Ghana
1.80,1982,0,0,1,1,1,Accra,346104,0,1,0,0,0,Michael Essien,Ghana,11,85,Midfielder,1,Ghana
1.71,1990,0,0,0,0,0,Tamale,476984,0,0,0,0,0,Mubarak Wakaso,Ghana,0,72,Midfielder,0,Ghana
1.68,1986,0,0,0,0,0,Kumasi,533440,0,0,0,0,0,Harrison Afful,Ghana,0,83,Defender,0,Ghana
1.73,1990,0,0,0,0,0,Seikwa,533446,0,0,0,0,0,Emmanuel Agyemang-Badu,Ghana,0,79,Midfielder,0,Ghana
1.79,1989,0,0,0,0,0,Sekondi-Takoradi,533452,0,0,0,0,0,Samuel Inkoom,Ghana,0,75,Defender,0,Ghana
1.79,1992,0,0,0,0,0,Accra,561661,0,0,0,0,0,Afriyie Acquah,Ghana,0,70,Midfielder,0,Ghana
1.72,1991,0,0,0,0,0,Tamale,583025,0,0,0,0,0,Majeed Waris,Ghana,0,70,Forward,0,Ghana
1.82,1992,0,0,0,0,0,Cape Coast,723261,0,0,0,0,0,Rashid Sumaila,Ghana,0,80,Defender,0,Ghana
1.82,1987,0,1,0,0,0,Munich,408161,1,1,1,0,0,Fabian Johnson,West Germany,23,74,Defender,1,United States
1.90,1985,0,1,0,0,0,Attleboro,439571,0,0,0,0,0,Geoff Cameron,United States,25,84,Defender,4,United States
1.82,1987,0,3,1,0,0,Overland Park,490210,0,0,1,0,0,Matt Besler,United States,14,77,Defender,3,United States
1.70,1982,0,1,1,0,0,Fort Wayne,274790,1,2,1,0,0,DaMarcus Beasley,United States,29,66,Defender,5,United States
1.81,1982,0,1,6,0,0,Crofton,274879,0,1,2,0,0,Kyle Beckerman,United States,23,75,Midfielder,1,United States
1.84,1981,1,3,4,1,1,Frankfurt am Main,345448,0,3,3,0,0,Jermaine Jones,West Germany,19,78,Midfielder,5,United States
1.85,1983,0,0,0,2,2,Nacogdoches,275213,0,0,1,1,1,Clint Dempsey,United States,17,85,Forward,1,United States
1.85,1987,0,0,0,0,0,Princeton,275241,1,2,0,0,0,Michael Bradley,United States,39,86,Midfielder,4,United States
1.78,1987,0,0,3,1,2,Miami,537545,2,3,0,0,0,Alejandro Bedoya,United States,11,73,Midfielder,3,United States
1.85,1989,0,0,0,1,1,Livingston,322699,0,0,0,0,0,Jozy Altidore,United States,3,72,Forward,0,United States
1.93,1993,0,2,0,1,1,Berlin,604284,0,0,1,1,0,John Brooks,Germany,12,78,Defender,2,United States
1.82,1990,0,0,0,1,1,Reykjavik,599865,0,0,0,0,0,Aron Johannsson,Iceland,9,75,Forward,0,United States
1.77,1986,1,0,0,0,0,Longwood,490225,0,0,0,0,0,Graham Zusi,United States,7,73,Midfielder,1,United States
1.80,1981,0,0,0,0,0,St. Charles,275001,0,0,0,0,0,Brad Davis,United States,0,75,Midfielder,0,United States
1.82,1983,0,0,0,0,0,Livermore,322579,0,0,0,0,0,Chris Wondolowski,United States,0,75,Forward,0,United States
1.86,1990,0,0,0,0,0,Frankfurt am Main,483865,0,0,0,0,0,Timmy Chandler,West Germany,0,83,Defender,0,United States
1.95,1988,0,0,0,0,0,Dallas,490205,0,0,0,0,0,Omar González,United States,0,95,Defender,0,United States
1.82,1990,0,0,0,0,0,Oslo,517263,0,0,0,0,0,Mix Diskerud,Norway,0,71,Midfielder,0,United States
1.75,1993,0,0,0,0,0,Seattle,723625,0,0,0,0,0,DeAndre Yedlin,United States,0,68,Defender,0,United States
1.72,1995,0,0,0,0,0,Tampa,787674,0,0,0,0,0,Julian Green,United States,0,60,Midfielder,0,United States
1.86,1989,0,0,3,0,0,Wilrijk,482752,4,1,2,0,1,Toby Alderweireld,Belgium,42,80,Defender,13,Belgium
1.96,1978,0,0,1,1,2,Chimay,345514,0,1,1,0,0,Daniel Van Buyten,Belgium,83,95,Defender,27,Belgium
1.90,1986,0,0,0,0,0,Ukkel,345773,0,0,0,0,0,Vincent Kompany,Belgium,67,85,Defender,7,Belgium
1.89,1987,0,0,3,0,2,Sint-Niklaas,348329,2,3,1,0,0,Jan Vertonghen,Belgium,49,86,Defender,7,Belgium
1.83,1989,0,0,4,2,3,Liege,347225,0,2,5,0,0,Axel Witsel,Belgium,68,76,Midfielder,9,Belgium
1.85,1987,0,0,2,0,1,Wilrijk,348248,0,4,2,0,0,Moussa Dembele,Belgium,48,82,Midfielder,4,Belgium
1.87,1989,0,0,2,2,3,Liege,443052,0,2,0,0,0,Nacer Chadli,Belgium,27,80,Midfielder,0,Belgium
1.81,1991,1,0,1,1,1,Drongen,483710,4,1,0,0,0,Kevin De Bruyne,Belgium,37,68,Midfielder,6,Belgium
1.72,1991,1,0,0,0,0,La Louviere,397817,4,1,4,0,0,Eden Hazard,Belgium,31,56,Midfielder,3,Belgium
1.90,1993,0,0,2,0,0,Antwerp,499317,0,1,0,0,0,Romelu Lukaku,Belgium,10,100,Forward,0,Belgium
1.94,1987,0,0,0,2,2,Etterbeek,347213,0,1,0,1,2,Marouane Fellaini,Belgium,5,85,Midfielder,1,Belgium
1.64,1987,0,0,0,1,1,Leuven,443066,4,2,2,1,0,Dries Mertens,Belgium,7,61,Midfielder,3,Belgium
1.85,1995,0,0,1,1,1,Ostend,724860,1,1,0,0,0,Divock Origi,Belgium,1,75,Forward,0,Belgium
1.88,1985,0,0,0,0,0,Bruges,347082,0,0,0,0,0,Nicolas Lombaerts,Belgium,0,83,Defender,0,Belgium
1.85,1987,0,0,0,0,0,Likasi,347131,0,0,0,0,0,Anthony Vanden Borre,DR Congo,0,89,Defender,0,Belgium
1.73,1988,0,0,0,0,0,Mechelen,347218,0,0,0,0,0,Steven Defour,Belgium,0,70,Midfielder,0,Belgium
1.80,1985,0,0,0,0,0,Farciennes,347254,0,0,0,0,0,Laurent Ciman,Belgium,0,70,Defender,0,Belgium
1.79,1987,0,0,0,0,0,Liege,347734,0,0,0,0,0,Kevin Mirallas,Belgium,0,72,Forward,0,Belgium
1.78,1985,0,0,0,0,0,Kapellen,348168,0,0,0,0,0,Thomas Vermaelen,Belgium,0,75,Defender,0,Belgium
1.80,1995,0,0,0,0,0,Brussels,735764,0,0,0,0,0,Adnan Januzaj,Belgium,0,75,Midfielder,0,Belgium
1.82,1983,0,1,3,0,0,Dijon,459424,0,3,2,0,0,Mehdi Mostefa,France,13,82,Midfielder,4,Algeria
1.89,1982,0,1,1,0,0,Longvic,376672,0,0,2,0,0,Madjid Bouguerra,France,25,89,Defender,9,Algeria
1.87,1986,0,0,1,0,0,Algiers,520909,0,0,0,0,0,Rafik Halliche,Algeria,16,77,Defender,6,Algeria
1.75,1983,0,0,2,1,2,Juazeiro,348634,5,0,0,0,0,Dani Alves,Brazil,70,64,Defender,12,Brazil
1.82,1984,0,1,1,0,0,Rio de Janeiro,375843,0,0,1,0,0,Thiago Silva,Brazil,66,79,Defender,7,Brazil
1.89,1987,0,1,1,1,2,Sao Paulo,409128,1,0,0,0,0,David Luiz,Brazil,50,84,Defender,8,Brazil
1.74,1988,0,2,2,0,0,Rio de Janeiro,356026,2,0,5,0,0,Marcelo,Brazil,52,75,Defender,8,Brazil
1.81,1988,0,0,1,1,2,Sao Paulo,545294,0,1,0,0,0,Paulinho,Brazil,21,71,Midfielder,0,Brazil
1.88,1987,0,1,1,0,0,Pindamonhangaba,410479,0,2,4,0,0,Luiz Gustavo,Brazil,57,80,Midfielder,14,Brazil
1.79,1986,0,0,0,0,2,Campina Grande,471521,1,0,1,0,0,Hulk,Brazil,14,80,Forward,1,Brazil
1.81,1991,1,0,4,2,2,Americana,466295,8,1,3,1,1,Oscar,Brazil,29,66,Midfielder,5,Brazil
1.75,1992,0,0,1,4,4,Mogi das Cruzes,555042,1,1,2,2,0,Neymar,Brazil,35,65,Forward,7,Brazil
1.86,1983,0,0,0,0,0,Teofilo Otoni,347711,1,0,2,0,0,Fred,Brazil,8,90,Forward,1,Brazil
1.81,1987,1,0,1,0,0,Barra do Pirai,440827,0,0,0,0,0,Ramires,Brazil,0,73,Midfielder,1,Brazil
1.80,1985,0,0,0,0,0,Recife,359280,1,0,1,0,0,Hernanes,Brazil,5,76,Midfielder,3,Brazil
1.66,1992,0,1,0,0,0,Belo Horizonte,589316,0,0,0,0,0,Bernard,Brazil,9,52,Forward,2,Brazil
1.77,1981,0,0,0,0,0,Cachoeiro do Itapemirim,346567,0,0,0,0,0,Maxwell,Brazil,0,73,Defender,0,Brazil
1.86,1981,0,0,0,0,0,Novo Hamburgo,346587,0,0,0,0,0,Maicon,Brazil,0,77,Defender,0,Brazil
1.89,1983,0,0,0,0,0,Salvador de Bahia,347258,0,0,0,0,0,Dante,Brazil,0,87,Defender,0,Brazil
1.79,1985,0,0,0,0,0,Londrina,348958,0,0,0,0,0,Fernandinho,Brazil,0,67,Midfielder,0,Brazil
1.76,1988,0,0,0,0,0,Ribeirao Pires,388493,0,0,0,0,0,Willian,Brazil,0,70,Midfielder,0,Brazil
1.91,1987,0,0,0,0,0,Sao Paulo,409159,0,0,0,0,0,Jo,Brazil,0,78,Forward,0,Brazil
1.86,1986,0,0,0,0,0,Marechal Candido Rondon,456926,0,0,0,0,0,Henrique,Brazil,0,73,Defender,0,Brazil
1.82,1982,0,2,1,0,0,Metkovic,348951,2,2,1,0,0,Darijo Srna,Yugoslavia,23,72,Defender,10,Croatia
1.92,1986,0,0,1,0,1,Derventa,398553,0,2,0,0,0,Vedran Corluka,Yugoslavia,26,84,Defender,8,Croatia
1.88,1989,0,1,1,0,1,Zenica,466741,0,3,1,0,0,Dejan Lovren,Yugoslavia,16,84,Defender,9,Croatia
1.83,1992,0,4,3,0,0,Zara,541547,2,2,1,0,0,Šime Vrsaljko,Croatia,42,75,Defender,16,Croatia
1.73,1985,0,0,1,1,1,Zadar,360063,1,0,2,0,0,Luka Modric,Yugoslavia,54,65,Midfielder,13,Croatia
1.84,1988,0,2,4,0,0,Mohlin,349448,0,2,0,0,0,Ivan Rakitic,Switzerland,40,76,Midfielder,13,Croatia
1.87,1989,0,1,2,1,2,Split,471072,4,3,0,0,0,Ivan Perisic,Yugoslavia,13,80,Midfielder,7,Croatia
1.81,1994,0,0,2,0,1,Linz,582489,0,0,0,0,0,Mateo Kovacic,Austria,17,75,Midfielder,2,Croatia
1.83,1979,0,1,5,0,1,Davor,351270,4,3,0,0,0,Ivica Olic,Yugoslavia,11,85,Forward,6,Croatia
1.87,1985,0,0,1,1,1,Capljina,396687,1,2,0,0,0,Nikica Jelavic,Yugoslavia,8,84,Forward,0,Croatia
1.81,1992,0,0,2,1,2,Zagreb,612564,0,1,0,0,0,Marcelo Brozovic,Croatia,13,68,Midfielder,1,Croatia
1.85,1993,0,0,0,0,0,Split,738854,0,1,0,0,0,Ante Rebic,Croatia,4,80,Forward,1,Croatia
1.72,1981,0,0,0,0,0,Nasice,348254,0,0,0,0,0,Danijel Pranjic,Yugoslavia,0,70,Defender,0,Croatia
1.78,1987,0,0,0,0,0,Itabuna,360028,0,0,0,0,0,Sammir,Brazil,0,77,Midfielder,0,Croatia
1.77,1983,0,0,0,0,0,Rio de Janeiro,360044,0,0,0,0,0,Eduardo,Brazil,0,72,Forward,0,Croatia
1.91,1985,0,0,0,0,0,Sibenik,415336,0,0,0,0,0,Gordon Schildenfeld,Yugoslavia,0,90,Defender,0,Croatia
1.84,1983,0,0,0,0,0,Bjelovar,415338,0,0,0,0,0,Ognjen Vukojevic,Yugoslavia,0,85,Midfielder,0,Croatia
1.84,1989,0,0,0,0,0,Donji Miholjac,547151,0,0,0,0,0,Domagoj Vida,Yugoslavia,0,73,Defender,0,Croatia
1.79,1979,0,0,0,0,0,Rio de Janeiro,346589,0,0,0,0,0,Júlio César,Brazil,0,79,Goalkeeper,0,Brazil
1.95,1983,0,0,0,0,0,Santo Anastacio,359665,0,0,0,0,0,Victor,Brazil,0,84,Goalkeeper,0,Brazil
1.90,1983,0,0,0,0,0,Sao Vicente,442973,0,0,0,0,0,Jefferson,Brazil,0,93,Goalkeeper,0,Brazil
1.91,1984,0,0,0,0,0,Zadar,481245,0,0,0,0,0,Danijel Subašić,Yugoslavia,0,84,Goalkeeper,0,Croatia
1.91,1993,0,0,0,0,0,Zagreb,608491,0,0,0,0,0,Oliver Zelenika,Croatia,0,82,Goalkeeper,0,Croatia
1.78,1986,0,0,2,0,0,Concordia,375518,5,1,2,0,0,Paul Aguilar,Mexico,31,65,Defender,3,Mexico
1.91,1981,0,1,1,0,0,Mazatlan,368436,0,0,0,0,0,Francisco Rodríguez,Mexico,72,84,Defender,6,Mexico
1.84,1979,0,1,0,0,1,Zamora,348468,2,0,0,0,0,Rafael Márquez,Mexico,55,74,Defender,7,Mexico
1.82,1988,0,5,2,0,0,Culiacan,359565,0,2,0,0,0,Héctor Moreno,Mexico,62,80,Defender,2,Mexico
1.78,1988,0,1,0,1,2,Veracruz,375578,5,0,0,0,0,Miguel Layún,Mexico,33,64,Defender,1,Mexico
1.80,1990,0,0,0,0,1,Mexico City,492556,3,2,1,0,0,Héctor Herrera,Mexico,38,72,Midfielder,1,Mexico
1.64,1988,0,1,1,0,0,Celaya,685141,0,2,1,0,0,Jose Vazquez,Mexico,57,68,Midfielder,6,Mexico
1.67,1986,0,0,1,1,1,Guadalajara,373962,1,1,2,0,0,Andrés Guardado,Mexico,28,67,Defender,0,Mexico
1.79,1989,0,0,0,1,1,Monterrey,390080,1,1,2,0,2,Giovani Dos Santos,Mexico,27,71,Forward,1,Mexico
1.77,1984,0,1,1,2,2,Torreon,369575,0,1,1,1,3,Oribe Peralta,Mexico,14,68,Forward,0,Mexico
1.76,1980,0,0,0,0,0,Ocotlan,347953,0,0,0,0,0,Carlos Salcido,Mexico,0,70,Defender,0,Mexico
1.71,1989,0,0,0,0,0,Guadalajara,419772,0,0,1,0,0,Marco Fabián,Mexico,11,65,Midfielder,1,Mexico
1.75,1988,0,0,0,0,1,Guadalajara,375893,1,1,1,0,0,Javier Hernández,Mexico,2,62,Forward,1,Mexico
1.73,1990,0,0,0,0,0,Lagos de Moreno,509598,0,0,0,0,0,Isaac Brizuela,Mexico,0,59,Midfielder,0,Mexico
1.76,1991,0,0,0,0,0,Ciudad Victoria,540218,0,0,0,0,0,Alan Pulido,Mexico,0,60,Forward,0,Mexico
1.76,1990,0,0,0,0,0,Ciudad Victoria,544125,0,0,0,0,0,Carlos Pena,Mexico,0,75,Midfielder,0,Mexico
1.89,1992,0,0,0,0,0,Mexico City,544254,0,0,0,0,0,Diego Reyes,Mexico,0,65,Defender,0,Mexico
1.75,1989,0,0,0,0,0,Sacramento,544563,0,0,0,0,0,Miguel Ángel Ponce,United States,0,77,Defender,0,Mexico
1.66,1990,0,0,0,0,0,Oaxaca,552821,0,0,0,0,0,Javier Aquino,Mexico,0,59,Midfielder,0,Mexico
1.86,1991,0,0,0,0,0,Tepeji del Rio,618109,0,0,0,0,0,Raúl Jiménez,Mexico,0,76,Forward,0,Mexico
1.75,1992,0,0,1,0,0,Mankwa,826586,0,0,0,0,0,Cedric Djeugoue,Cameroon,9,78,Defender,0,Cameroon
1.85,1990,0,1,2,0,0,Yaounde,461806,0,1,0,0,0,Nicolas N'Koulou,Cameroon,23,77,Defender,5,Cameroon
1.85,1985,0,0,2,1,2,Douala,395468,0,0,1,0,0,Aurelien Chedjou,Cameroon,33,77,Defender,5,Cameroon
1.78,1984,0,0,0,1,2,Arras,346150,4,2,1,0,0,Benoit Assou-Ekotto,France,34,70,Defender,2,Cameroon
1.90,1986,0,1,0,0,1,Yaounde,347769,0,1,3,0,0,Stephane Mbia,Cameroon,36,85,Midfielder,3,Cameroon
1.83,1987,0,1,1,0,0,Douala,346175,1,2,2,0,0,Alex Song,Cameroon,31,74,Midfielder,2,Cameroon
1.80,1986,0,0,1,0,1,Kumba,474975,0,3,1,0,0,Eyong Enoh,Cameroon,20,70,Midfielder,1,Cameroon
1.78,1988,0,1,0,1,1,Douala,534471,2,1,0,0,0,Benjamin Moukandjo,Cameroon,13,74,Forward,4,Cameroon
1.81,1981,0,0,1,0,2,Nkon,348449,0,0,1,0,2,Samuel Eto'o,Cameroon,15,75,Forward,0,Cameroon
1.90,1989,0,2,2,1,1,Hamburg,397547,0,1,0,0,1,Eric Maxim Choupo-Moting,West Germany,18,84,Forward,5,Cameroon
1.83,1986,0,0,2,0,0,Yaounde,505342,4,1,0,0,0,Dany Nounkeu,Cameroon,22,80,Defender,4,Cameroon
1.80,1982,0,1,0,0,0,Bafoussam,348691,0,0,0,0,0,Pierre Webó,Cameroon,1,78,Forward,0,Cameroon
1.70,1983,0,0,0,0,0,Yaounde,347594,0,0,0,0,0,Jean Makoun,Cameroon,0,65,Midfielder,0,Cameroon
1.76,1984,0,0,0,0,0,Douala,370625,0,0,0,0,0,Henri Bedimo,Cameroon,0,80,Defender,0,Cameroon
1.94,1991,0,0,0,0,0,Bochum,496822,0,0,0,0,0,Joel Matip,Germany,0,88,Midfielder,0,Cameroon
1.70,1988,0,0,0,0,0,Neuilly Sur Seine,501420,0,0,0,0,0,Allan Nyom,France,0,81,Defender,0,Cameroon
1.76,1992,0,0,0,0,0,Yaounde,546158,0,0,0,0,0,Vincent Aboubakar,Cameroon,0,82,Forward,0,Cameroon
1.63,1992,0,0,0,0,0,Garoua,604618,0,0,0,0,0,Edgar Salli,Cameroon,0,64,Midfielder,0,Cameroon
1.77,1996,0,0,0,0,0,Douala,699302,0,0,0,0,0,Fabrice Olinga,Cameroon,0,66,Forward,0,Cameroon
1.85,1985,0,0,0,0,0,Guadalajara,372059,0,0,0,0,0,Guillermo Ochoa,Mexico,0,78,Goalkeeper,0,Mexico
1.78,1981,0,0,0,0,0,Guadalajara,368221,0,0,0,0,0,José de Jesús Corona,Mexico,0,82,Goalkeeper,0,Mexico
1.88,1982,0,0,0,0,0,Guadalajara,371511,0,0,0,0,0,Alfredo Talavera,Mexico,0,86,Goalkeeper,0,Mexico
1.78,1990,0,0,0,0,0,Yaounde,521485,0,0,0,0,0,Sammy N'Djock,Cameroon,0,85,Goalkeeper,0,Cameroon
1.78,1992,0,0,0,0,0,Douala,826585,0,0,0,0,0,Loic Feudjou,Cameroon,0,86,Goalkeeper,0,Cameroon
1.78,1989,0,0,1,0,0,Pamplona,378639,2,0,0,0,0,César Azpilicueta,Spain,40,70,Defender,6,Spain
1.83,1986,0,1,1,0,1,Camas,348704,0,0,1,0,0,Sergio Ramos,Spain,52,75,Defender,11,Spain
1.92,1987,0,1,1,0,0,Barcelona,348781,1,1,1,0,0,Gerard Piqué,Spain,53,85,Defender,3,Spain
1.70,1989,0,1,0,0,0,L'Hospitalet de Llobregat,446266,1,0,2,0,0,Jordi Alba,Spain,54,69,Defender,5,Spain
1.70,1980,0,0,0,0,0,Terrassa,348442,0,0,0,0,0,Xavi,Spain,67,68,Midfielder,1,Spain
1.89,1988,0,0,1,0,0,Sabadell,473187,0,1,2,0,0,Sergio Busquets,Spain,62,73,Midfielder,3,Spain
1.83,1981,0,0,1,1,1,Tolosa,346081,0,1,2,1,0,Xabi Alonso,Spain,52,77,Midfielder,3,Spain
1.70,1986,0,3,2,2,2,Arguineguin,348798,0,0,1,0,1,David Silva,Spain,39,67,Midfielder,3,Spain
1.88,1988,0,0,0,1,2,Lagarto,377080,1,0,2,0,2,Diego Costa,Brazil,13,81,Forward,0,Spain
1.70,1984,0,0,0,1,2,Fuentealbilla,348501,1,1,4,0,0,Andrés Iniesta,Spain,58,65,Midfielder,3,Spain
1.75,1987,0,0,0,0,0,Arenys de Mar,346178,0,0,0,0,0,Cesc Fabregas,Spain,7,75,Midfielder,2,Spain
1.69,1987,0,0,0,1,1,Santa Cruz de Tenerife,437140,1,1,2,0,0,Pedro,Spain,7,64,Forward,0,Spain
1.86,1984,0,0,0,0,0,Madrid,348509,1,0,0,0,2,Fernando Torres,Spain,5,70,Forward,2,Spain
1.75,1981,0,0,0,0,0,Tuilla,348651,0,0,0,0,0,David Villa,Spain,0,69,Forward,0,Spain
1.69,1984,0,0,0,0,0,Lugo de Llanera,348696,0,0,0,0,0,Santi Cazorla,Spain,0,66,Midfielder,0,Spain
1.80,1985,0,0,0,0,0,Crevillente,348703,0,0,0,0,0,Juanfran,Spain,0,72,Defender,0,Spain
1.87,1985,0,0,0,0,0,Villamarchante,348737,0,0,0,0,0,Raúl Albiol,Spain,0,82,Defender,0,Spain
1.90,1988,0,0,0,0,0,Estella-Lizarra,348840,0,0,0,0,0,Javi Martínez,Spain,0,81,Midfielder,0,Spain
1.71,1988,0,0,0,0,0,Burgos,396446,0,0,0,0,0,Juan Mata,Spain,0,61,Forward,0,Spain
1.78,1992,0,0,0,0,0,Madrid,515035,0,0,0,0,0,Koke,Spain,0,74,Midfielder,0,Spain
1.86,1989,0,0,2,0,0,Leidschendam,443126,1,2,0,0,0,Daryl Janmaat,Netherlands,27,80,Defender,6,Netherlands
1.90,1992,0,2,5,1,2,Ouderkerk aan den IJssel,523580,1,3,0,1,0,Stefan De Vrij,Netherlands,22,78,Defender,5,Netherlands
1.90,1985,0,3,2,0,0,Hensbroek,348219,0,1,0,0,0,Ron Vlaar,Netherlands,28,79,Defender,2,Netherlands
1.86,1992,0,1,0,0,0,Barreiro,551147,0,1,0,0,0,Bruno Martins Indi,Portugal,39,76,Defender,5,Netherlands
1.80,1990,2,1,1,0,0,Amsterdam,482753,2,0,0,0,0,Daley Blind,Netherlands,50,72,Defender,3,Netherlands
1.74,1987,0,0,0,0,0,Toronto,348270,2,2,0,0,0,Jonathan De Guzmán,Canada,12,65,Midfielder,3,Netherlands
1.71,1984,2,0,1,2,2,Utrecht,348116,2,1,1,0,0,Wesley Sneijder,Netherlands,27,67,Midfielder,5,Netherlands
1.74,1984,0,0,2,1,1,Amsterdam,345537,0,1,1,0,0,Nigel De Jong,Netherlands,32,72,Midfielder,7,Netherlands
1.84,1983,0,0,1,3,4,Rotterdam,346086,0,2,0,2,4,Robin Van Persie,Netherlands,15,71,Forward,4,Netherlands
1.80,1984,0,0,0,3,3,Bedum,330393,0,1,1,2,1,Arjen Robben,Netherlands,20,80,Forward,2,Netherlands
1.83,1992,0,0,1,0,0,Velsen,644865,0,2,0,0,0,Joel Veltman,Netherlands,5,73,Defender,0,Netherlands
1.75,1990,0,0,0,1,1,Rotterdam,381448,0,0,1,0,0,Georginio Wijnaldum,Netherlands,10,74,Midfielder,2,Netherlands
1.78,1987,0,0,0,0,0,Amsterdam,348308,0,2,0,0,0,Jeremain Lens,Netherlands,5,73,Forward,0,Netherlands
1.84,1980,0,0,0,0,0,Leiden,346090,0,0,0,0,0,Dirk Kuyt,Netherlands,0,84,Forward,0,Netherlands
1.87,1983,0,0,0,0,0,Voor-Drempt,348048,0,0,0,0,0,Klaas-Jan Huntelaar,Netherlands,0,78,Forward,0,Netherlands
1.78,1983,0,0,0,0,0,Kronenberg,348199,0,0,0,0,0,Paul Verhaegh,Netherlands,0,72,Defender,0,Netherlands
1.88,1990,0,0,0,0,0,Zoetermeer,421720,0,0,0,0,0,Leroy Fer,Netherlands,0,79,Midfielder,0,Netherlands
1.69,1991,0,0,0,0,0,Haarlem,551140,0,0,0,0,0,Jordy Clasie,Netherlands,0,68,Midfielder,0,Netherlands
1.77,1994,0,0,0,0,0,Moordrecht,587719,0,0,0,0,0,Memphis Depay,Netherlands,0,78,Forward,0,Netherlands
1.83,1994,0,0,0,0,0,Fribourg,635841,0,0,0,0,0,Terence Kongolo,Switzerland,0,70,Defender,0,Netherlands
1.85,1981,0,0,0,0,0,Mostoles,348438,0,0,0,0,0,Iker Casillas,Spain,0,84,Goalkeeper,0,Spain
1.87,1982,0,0,0,0,0,Madrid,346084,0,0,0,0,0,Pepe Reina,Spain,0,92,Goalkeeper,0,Spain
1.90,1990,0,0,0,0,0,Madrid,522545,0,0,0,0,0,David De Gea,Spain,0,82,Goalkeeper,0,Spain
1.93,1988,0,0,0,0,0,The Hague,346316,0,0,0,0,0,Tim Krul,Netherlands,0,84,Goalkeeper,0,Netherlands
1.83,1983,0,0,0,0,0,IJsselstein,348335,0,0,0,0,0,Michel Vorm,Netherlands,0,84,Goalkeeper,0,Netherlands
1.77,1988,0,5,2,1,1,Santiago,359932,1,2,2,0,0,Mauricio Isla,Chile,67,72,Defender,6,Chile
1.71,1987,0,0,1,0,0,Santiago,390012,1,2,2,0,0,Gary Medel,Chile,72,74,Defender,4,Chile
1.77,1985,0,0,0,0,0,Santiago,375735,1,0,1,0,0,Gonzalo Jara,Chile,72,79,Defender,13,Chile
1.74,1988,0,0,1,1,1,Vina del Mar,562261,0,1,2,0,0,Eugenio Mena,Chile,61,68,Defender,3,Chile
1.71,1989,0,1,1,0,0,Puente Alto,376177,1,1,1,0,0,Charles Aranguiz,Chile,55,66,Midfielder,4,Chile
1.68,1986,0,0,2,1,1,Santiago,359225,0,0,1,0,0,Marcelo Díaz,Chile,71,67,Midfielder,2,Chile
1.78,1987,0,0,3,0,1,Santiago,359610,0,1,1,0,0,Arturo Vidal,Chile,35,75,Midfielder,1,Chile
1.73,1983,0,0,5,2,2,Maracay,372134,2,1,1,1,0,Jorge Valdivia,Venezuela,31,71,Midfielder,2,Chile
1.75,1989,1,2,0,1,1,Santiago,376173,0,0,0,0,1,Eduardo Vargas,Chile,28,69,Forward,1,Chile
1.69,1988,1,0,1,1,2,Tocopilla,487289,3,0,6,1,0,Alexis Sánchez,Chile,33,70,Forward,1,Chile
1.78,1984,0,0,1,1,1,Santiago,489253,4,0,0,1,0,Jean Beausejour,Chile,5,80,Midfielder,0,Chile
1.75,1990,0,0,0,0,0,Valparaiso,536956,0,1,1,0,0,Felipe Gutiérrez,Chile,17,64,Midfielder,0,Chile
1.85,1984,0,0,0,1,1,San Bernardo,345016,0,0,0,0,0,Mauricio Pinilla,Chile,0,75,Forward,0,Chile
1.70,1985,0,0,0,0,0,Santiago,359808,0,0,0,0,0,Jose Fuenzalida,Chile,0,67,Midfielder,0,Chile
1.79,1980,0,0,0,0,0,Santiago,372141,0,0,0,0,0,Esteban Paredes,Chile,0,78,Forward,0,Chile
1.78,1986,0,0,0,0,0,Quillota,373900,0,0,0,0,0,Francisco Silva,Chile,0,80,Midfielder,0,Chile
1.74,1983,0,0,0,0,0,Talagante,374561,0,0,0,0,0,Jose Rojas,Chile,0,77,Defender,0,Chile
1.68,1986,0,0,0,0,0,Santiago de Chile,387261,0,0,0,0,0,Fabián Orellana,Chile,0,69,Forward,0,Chile
1.79,1987,0,0,0,0,0,Coquimbo,390332,0,0,0,0,0,Carlos Carmona,Chile,0,68,Midfielder,0,Chile
1.80,1990,0,0,0,0,0,Stockholm,580876,0,0,0,0,0,Miiko Albornoz,Sweden,0,80,Defender,0,Chile
1.80,1987,1,1,4,0,0,Melbourne,650461,1,0,1,0,0,Ivan Franjic,Australia,18,77,Defender,0,Australia
1.83,1984,0,1,2,0,0,Sydney,493555,0,0,0,0,0,Alex Wilkinson,Australia,17,85,Defender,1,Australia
1.88,1988,0,2,1,0,0,Geelong,357416,0,1,0,0,0,Matthew Spiranovic,Australia,22,87,Defender,3,Australia
1.79,1991,0,1,1,0,0,Melbourne,569619,3,2,3,0,0,Jason Davidson,Australia,33,74,Defender,5,Australia
1.88,1984,0,0,1,0,0,Sydney,481609,0,4,2,0,0,Mile Jedinak,Australia,25,78,Midfielder,4,Australia
1.78,1985,0,1,4,1,1,Sydney,362160,0,2,0,0,0,Mark Milligan,Australia,26,78,Midfielder,2,Australia
1.81,1991,0,1,1,1,2,Melbourne,539492,4,2,0,0,0,Mathew Leckie,Australia,30,81,Forward,3,Australia
1.82,1980,0,0,1,2,3,Melbourne,346537,2,2,0,0,0,Mark Bresciano,Australia,32,75,Midfielder,0,Australia
1.70,1991,0,0,0,0,2,Southport,540807,5,0,1,0,0,Tommy Oar,Australia,12,73,Midfielder,0,Australia
1.80,1979,0,0,1,2,5,Sydney,346168,0,4,0,1,1,Tim Cahill,Australia,21,75,Forward,0,Australia
1.80,1992,0,0,0,0,0,Cairns,569853,0,0,1,0,0,Ben Halloran,Australia,4,79,Forward,0,Australia
1.85,1989,0,1,2,0,0,Adelaide,406401,0,0,0,0,0,Ryan McGowan,Australia,10,75,Defender,0,Australia
1.77,1988,0,0,1,0,0,Adelaide,349901,0,1,0,0,0,James Troisi,Australia,3,81,Midfielder,0,Australia
1.85,1987,0,0,0,0,0,Osijek,397447,0,0,0,0,0,Dario Vidosic,Yugoslavia,0,74,Midfielder,0,Australia
1.67,1989,0,0,0,0,0,Sydney,400424,0,0,0,0,0,Oliver Bozanic,Australia,0,77,Midfielder,0,Australia
1.80,1989,0,0,0,0,0,Sydney,490027,0,0,0,0,0,James Holland,Australia,0,76,Midfielder,0,Australia
1.74,1983,0,0,0,0,0,Brisbane,495207,0,0,0,0,0,Matt McKay,Australia,0,65,Midfielder,0,Australia
1.84,1992,0,0,0,0,0,Melbourne,544205,0,0,0,0,0,Bailey Wright,Australia,0,85,Defender,0,Australia
1.76,1992,0,0,0,0,0,Sydney,618613,0,0,0,0,0,Massimo Luongo,Australia,0,75,Midfielder,0,Australia
1.72,1993,0,0,0,0,0,Perth,634282,0,0,0,0,0,Adam Taggart,Australia,0,69,Forward,0,Australia
1.85,1983,0,0,0,0,0,Santiago de Chile,348611,0,0,0,0,0,Claudio Bravo,Chile,0,84,Goalkeeper,0,Chile
1.83,1981,0,0,0,0,0,Angol,374546,0,0,0,0,0,Johnny Herrera,Chile,0,81,Goalkeeper,0,Chile
1.81,1988,0,0,0,0,0,Antofagasta,389706,0,0,0,0,0,Cristopher Toselli,Chile,0,76,Goalkeeper,0,Chile
1.86,1981,0,0,0,0,0,Melbourne,481610,0,0,0,0,0,Eugene Galekovic,Australia,0,91,Goalkeeper,0,Australia
1.91,1988,0,0,0,0,0,Emerald,539545,0,0,0,0,0,Mitch Langerak,Australia,0,81,Goalkeeper,0,Australia
1.71,1985,0,2,1,0,0,Chigorodo,371070,0,2,3,0,0,Camilo Zuniga,Colombia,33,72,Defender,3,Colombia
1.87,1986,0,1,3,0,0,Padilla,346357,0,0,0,0,0,Cristian Zapata,Colombia,48,82,Defender,4,Colombia
1.86,1976,0,3,2,0,0,Cali,347398,0,1,1,0,0,Mario Yepes,Colombia,22,83,Defender,1,Colombia
1.74,1986,0,1,1,1,1,Tumaco,374302,1,1,1,1,0,Pablo Armero,Colombia,18,81,Defender,3,Colombia
1.87,1985,1,0,4,0,1,Santa Fe de Bogota,487465,1,2,0,0,0,Abel Aguilar,Colombia,20,82,Midfielder,2,Colombia
1.82,1986,0,0,3,0,0,Quibdo,395451,1,2,0,0,0,Carlos Sánchez,Colombia,14,82,Midfielder,4,Colombia
1.78,1988,2,0,6,0,2,Necocli,490689,1,2,1,0,0,Juan Cuadrado,Colombia,25,66,Midfielder,2,Colombia
1.80,1991,0,1,2,5,6,Cucuta,491720,3,1,4,1,0,James Rodríguez,Colombia,38,77,Midfielder,5,Colombia
1.88,1990,0,0,4,0,0,Santiago de Cali,608422,1,4,3,0,0,Víctor Ibarbo,Colombia,17,78,Forward,3,Colombia
1.80,1985,0,0,1,1,1,Barranquilla,516681,0,2,0,1,1,Teófilo Gutiérrez,Colombia,19,72,Forward,1,Colombia
1.71,1992,0,0,0,1,1,Medellin,716865,0,0,0,0,0,Santiago Arias,Colombia,4,68,Defender,2,Colombia
1.79,1988,0,0,3,0,0,Barranquilla,588006,0,0,0,0,0,Alexander Mejía,Colombia,7,78,Midfielder,3,Colombia
1.86,1986,0,0,1,0,0,Quibdo,374514,0,2,1,0,0,Jackson Martínez,Colombia,1,85,Forward,0,Colombia
1.84,1986,0,0,0,0,0,Santander de Quilichao,374316,0,0,0,0,0,Adrián Ramos,Colombia,0,74,Forward,0,Colombia
1.89,1985,0,0,0,0,0,Cali,463178,0,0,0,0,0,Carlos Valdés,Colombia,0,77,Defender,0,Colombia
1.81,1986,0,0,0,0,0,Puerto Colombia,537878,0,0,0,0,0,Carlos Bacca,Colombia,0,77,Forward,0,Colombia
1.80,1990,0,0,0,0,0,Bogota,554281,0,0,0,0,0,Carlos Carbonero,Colombia,0,77,Midfielder,0,Colombia
1.68,1993,0,0,0,0,0,Medellin,648645,0,0,0,0,0,Juan Quintero,Colombia,0,64,Midfielder,0,Colombia
1.81,1993,0,0,0,0,0,Bogota,727328,0,0,0,0,0,Éder Balanta,Colombia,0,78,Defender,0,Colombia
1.85,1985,0,0,0,0,1,Xanthi,409126,9,1,2,0,0,Vasilis Torosidis,Greece,40,80,Defender,1,Greece
1.86,1991,0,0,2,0,0,Naxos,490673,0,0,1,0,0,Konstantinos Manolas,Greece,26,79,Defender,6,Greece
1.86,1988,0,1,2,0,0,Kalamata,349081,0,1,2,0,0,Sokratis Papastathopoulos,Greece,31,85,Defender,6,Greece
1.84,1984,0,0,1,1,1,Aschaffenburg,408160,5,1,0,0,0,José Holebas,West Germany,37,79,Defender,4,Greece
1.71,1981,0,0,1,1,1,Thessaloniki,349417,3,2,1,0,1,Dimitrios Salpingidis,Greece,9,74,Forward,0,Greece
1.78,1986,0,0,1,2,2,Livadia,415506,0,2,2,0,0,Ioannis Maniatis,Greece,41,68,Midfielder,2,Greece
1.83,1979,0,0,0,0,0,Patras,348947,0,0,1,0,0,Kostas Katsouranis,Greece,58,81,Midfielder,7,Greece
1.84,1987,0,0,2,1,3,Tirana,349158,2,1,1,0,0,Panagiotis Koné,Albania,27,74,Midfielder,1,Greece
1.92,1985,0,0,2,1,2,Heraklion,346109,2,2,5,0,0,Georgios Samaras,Greece,23,86,Forward,3,Greece
1.79,1980,0,0,0,0,1,Larissa,345322,0,1,0,0,1,Theofanis Gekas,Greece,9,72,Forward,2,Greece
1.76,1977,0,0,0,0,0,Pyrgos,353049,0,1,2,0,0,Giorgos Karagounis,Greece,4,74,Midfielder,0,Greece
1.64,1990,0,0,0,0,0,Drama,531608,0,2,0,0,0,Ioannis Fetfatzidis,Greece,8,64,Forward,2,Greece
1.88,1988,0,0,0,1,1,Kavala,409124,0,0,0,0,1,Konstantinos Mitroglou,Greece,3,94,Forward,0,Greece
1.93,1981,0,0,0,0,0,Larissa,349077,0,0,0,0,0,Vangelis Moras,Greece,0,78,Defender,0,Greece
1.84,1981,0,0,0,0,0,Albrechtice,349387,0,0,0,0,0,Loukas Vyntra,Czechoslovakia,0,76,Defender,0,Greece
1.90,1985,0,0,0,0,0,Katerini,349396,0,0,0,0,0,Alexandros Tziolis,Greece,0,84,Midfielder,0,Greece
1.82,1986,0,0,0,0,0,Thessaloniki,445051,0,0,0,0,0,Lazaros Christodoulopoulos,Greece,0,77,Midfielder,0,Greece
1.83,1987,0,0,0,0,0,Athens,445324,0,0,0,0,0,Georgios Tzavelas,Greece,0,80,Defender,0,Greece
1.94,1991,0,0,0,0,0,Nafplio,492491,0,0,0,0,0,Panagiotis Tachtsidis,Greece,0,86,Midfielder,0,Greece
1.90,1989,0,0,0,0,0,Patras,541738,0,0,0,0,0,Andreas Samaris,Greece,0,80,Midfielder,0,Greece
1.83,1988,0,0,0,0,0,Medellin,399085,0,0,0,0,0,David Ospina,Colombia,0,79,Goalkeeper,0,Colombia
1.91,1971,0,0,0,0,0,Cali,348901,0,0,0,0,0,Faryd Mondragón,Colombia,0,94,Goalkeeper,0,Colombia
1.85,1989,0,0,0,0,0,Bogota,555044,0,0,0,0,0,Camilo Vargas,Colombia,0,81,Goalkeeper,0,Colombia
1.90,1986,0,0,0,0,0,Volos,445071,0,0,0,0,0,Panagiotis Glykos,Greece,0,77,Goalkeeper,0,Greece
1.96,1994,0,0,0,0,0,Athens,565008,0,0,0,0,0,Stefanos Kapino,Greece,0,81,Goalkeeper,0,Greece
1.73,1984,0,0,0,0,0,Montevideo,359247,2,2,2,0,0,Maximiliano Maxi Pereira,Uruguay,38,70,Defender,8,Uruguay
1.88,1980,0,0,1,0,0,Canelones,349238,1,1,3,0,0,Diego Lugano,Uruguay,32,83,Defender,4,Uruguay
1.85,1986,0,0,4,0,0,Rosario,359475,0,2,3,0,1,Diego Godín,Uruguay,32,78,Defender,7,Uruguay
1.78,1987,0,1,1,1,1,Montevideo,387207,1,2,3,0,0,Martín Cáceres,Uruguay,53,77,Defender,10,Uruguay
1.86,1986,0,0,2,0,0,Tala,373570,0,5,2,0,0,Christian Stuani,Uruguay,15,76,Forward,4,Uruguay
1.68,1982,0,0,3,1,1,Paysandu,389856,1,3,0,0,0,Egidio Arévalo Ríos,Uruguay,52,68,Midfielder,10,Uruguay
1.68,1984,0,0,1,0,0,Paysandu,373573,0,2,0,0,0,Walter Gargano,Uruguay,36,65,Midfielder,5,Uruguay
1.78,1985,0,0,1,0,0,Juan Lacaze,347602,2,1,5,0,0,Cristian Rodríguez,Uruguay,25,81,Midfielder,3,Uruguay
1.81,1979,0,0,0,1,3,Montevideo,348451,3,0,0,0,0,Diego Forlán,Uruguay,18,75,Forward,0,Uruguay
1.88,1987,0,0,2,2,4,Salto,437146,1,2,0,1,3,Edinson Cavani,Uruguay,16,71,Forward,5,Uruguay
1.86,1990,0,0,0,0,0,Canelones,490577,0,0,0,0,2,Abel Hernández,Uruguay,1,73,Forward,0,Uruguay
1.73,1989,0,0,1,0,0,Paysandu,538125,0,0,0,0,0,Nicolás Lodeiro,Uruguay,19,69,Midfielder,1,Uruguay
1.75,1984,0,2,1,0,0,Montevideo,359240,1,0,0,0,0,Álvaro González,Uruguay,17,72,Midfielder,2,Uruguay
1.76,1980,0,0,0,0,0,Montevideo,347401,0,0,0,0,0,Diego Pérez,Uruguay,0,81,Midfielder,0,Uruguay
1.81,1987,0,0,0,0,0,Salto,348217,0,0,0,0,0,Luis Suárez,Uruguay,0,81,Forward,0,Uruguay
1.77,1984,0,0,0,0,0,Montevideo,349157,0,0,0,0,0,Jorge Fucile,Uruguay,0,77,Defender,0,Uruguay
1.96,1990,0,0,0,0,0,Montevideo,492381,0,0,0,0,0,Sebastián Coates,Uruguay,0,85,Defender,0,Uruguay
1.82,1985,0,0,0,0,0,Montevideo,540782,0,0,0,0,0,Álvaro Pereira,Uruguay,0,78,Midfielder,0,Uruguay
1.83,1990,0,0,0,0,0,Fray Bentos,555407,0,0,0,0,0,Gastón Ramírez,Uruguay,0,77,Midfielder,0,Uruguay
1.84,1995,0,0,0,0,0,Toledo,732955,0,0,0,0,0,José María Giménez,Uruguay,0,80,Defender,0,Uruguay
1.75,1989,1,0,1,0,0,Liberia,583761,4,3,2,0,0,Cristian Gamboa,Costa Rica,30,67,Defender,5,Costa Rica
1.84,1989,0,1,3,2,2,Masaya,596442,0,3,1,1,0,Óscar Duarte,Nicaragua,45,85,Defender,6,Costa Rica
1.92,1988,0,1,1,0,2,San Jose,390272,0,0,1,0,0,Giancarlo González,Costa Rica,23,83,Defender,7,Costa Rica
1.80,1982,0,0,1,0,0,Santa Ana,322588,0,0,1,0,0,Michael Umana,Costa Rica,31,73,Defender,9,Costa Rica
1.85,1983,0,1,2,0,0,San Jose,372583,2,3,3,0,0,Júnior Díaz,Costa Rica,33,76,Defender,9,Costa Rica
1.87,1985,0,0,1,0,2,Alajuela,346902,0,3,2,0,0,Bryan Ruiz,Costa Rica,27,79,Forward,6,Costa Rica
1.84,1988,0,1,0,0,1,San Jose,390305,0,0,1,0,0,Celso Borges,Costa Rica,32,82,Midfielder,4,Costa Rica
1.79,1992,0,0,8,0,0,Limon,604444,0,2,1,0,0,Yeltsin Tejeda,Costa Rica,28,66,Midfielder,6,Costa Rica
1.78,1984,1,0,1,0,0,San Jose,358846,6,1,0,0,0,Christian Bolanos,Costa Rica,14,67,Midfielder,2,Costa Rica
1.78,1992,1,0,0,1,4,San Jose,604434,2,1,7,1,2,Joel Campbell,Costa Rica,20,69,Forward,3,Costa Rica
1.77,1983,0,0,0,0,0,San Jose,385942,0,1,1,0,0,Michael Barrantes,Costa Rica,0,71,Midfielder,0,Costa Rica
1.79,1990,0,0,0,1,1,San Jose,583756,0,1,0,1,0,Marco Urena,Costa Rica,0,70,Forward,0,Costa Rica
1.78,1987,0,1,0,0,0,Sarchi,390295,0,0,0,0,0,José Cubero,Costa Rica,1,70,Midfielder,1,Costa Rica
1.89,1984,0,0,0,0,0,San Jose,358942,0,0,0,0,0,Roy Miller,Costa Rica,0,77,Defender,0,Costa Rica
1.70,1983,0,0,0,0,0,San Jose,358943,0,0,0,0,0,Randall Brenes,Costa Rica,0,72,Forward,0,Costa Rica
1.85,1988,0,0,0,0,0,Puerto Viejo Limon,390270,0,0,0,0,0,Dave Myrie,Costa Rica,0,79,Defender,0,Costa Rica
1.83,1985,0,0,0,0,0,Cartago,499531,0,0,0,0,0,Esteban Granados,Costa Rica,0,74,Midfielder,0,Costa Rica
1.75,1983,0,0,0,0,0,Alajuela,596441,0,0,0,0,0,Johnny Acosta,Costa Rica,0,78,Defender,0,Costa Rica
1.78,1991,0,0,0,0,0,San Jose,604437,0,0,0,0,0,Diego Calvo,Costa Rica,0,71,Midfielder,0,Costa Rica
1.75,1990,0,0,0,0,0,Limon,660520,0,0,0,0,0,Waylon Francis,Costa Rica,0,73,Defender,0,Costa Rica
1.90,1986,0,0,0,0,0,Buenos Aires,387348,0,0,0,0,0,Fernando Muslera,Argentina,0,77,Goalkeeper,0,Uruguay
1.87,1983,0,0,0,0,0,Montevideo,359237,0,0,0,0,0,Martín Silva,Uruguay,0,80,Goalkeeper,0,Uruguay
1.85,1982,0,0,0,0,0,Montevideo,491576,0,0,0,0,0,Rodrigo Munoz,Uruguay,0,77,Goalkeeper,0,Uruguay
1.78,1982,0,0,0,0,0,Limon,375970,0,0,0,0,0,Patrick Pemberton,Costa Rica,0,80,Goalkeeper,0,Costa Rica
1.81,1986,0,0,0,0,0,Costa Rica,499528,0,0,0,0,0,Daniel Cambronero,Costa Rica,0,71,Goalkeeper,0,Costa Rica
1.80,1984,0,1,1,0,2,Greenwich,346107,3,1,2,0,0,Glen Johnson,England,62,70,Defender,2,England
1.83,1982,0,2,0,0,0,Sale,346291,0,1,0,0,0,Phil Jagielka,England,49,83,Defender,4,England
1.91,1985,0,1,1,0,0,Sheffield,346244,0,1,1,0,0,Gary Cahill,England,42,71,Defender,3,England
1.72,1984,0,1,2,1,1,Kirkby,346217,0,0,0,0,0,Leighton Baines,England,48,75,Defender,5,England
1.85,1980,0,0,1,0,1,Whiston,345844,1,0,0,0,0,Steven Gerrard,England,61,83,Midfielder,4,England
1.87,1990,0,0,0,2,2,Sunderland,479360,0,1,1,0,0,Jordan Henderson,England,46,67,Midfielder,4,England
1.84,1990,0,1,3,0,1,Manchester,447916,2,0,1,0,0,Danny Welbeck,England,28,73,Forward,2,England
1.70,1994,0,0,0,2,4,Kingston,587714,4,3,3,0,0,Raheem Sterling,Jamaica,32,69,Midfielder,1,England
1.76,1985,1,0,1,0,3,Croxteth,346065,2,1,1,0,0,Wayne Rooney,England,28,78,Forward,0,England
1.79,1989,0,0,1,2,3,Birmingham,376241,0,0,2,1,0,Daniel Sturridge,England,19,76,Forward,0,England
1.85,1993,0,0,0,1,1,Liverpool,567304,0,0,0,0,0,Ross Barkley,England,16,76,Midfielder,0,England
1.79,1988,0,1,0,0,0,St Albans,408109,0,0,1,0,0,Adam Lallana,England,6,73,Midfielder,0,England
1.72,1992,0,0,0,0,0,Stevenage,466419,0,0,0,0,0,Jack Wilshere,England,12,65,Midfielder,0,England
1.81,1978,0,0,0,0,0,Romford,330391,0,0,0,0,0,Frank Lampard,England,0,88,Midfielder,0,England
1.75,1986,0,0,0,0,0,Leeds,346078,0,0,0,0,0,James Milner,England,0,70,Midfielder,0,England
1.88,1982,0,0,0,0,0,Liverpool,422655,0,0,0,0,0,Rickie Lambert,England,0,77,Forward,0,England
1.94,1989,0,0,0,0,0,Greenwich,492580,0,0,0,0,0,Chris Smalling,England,0,90,Defender,0,England
1.85,1992,0,0,0,0,0,Preston,515121,0,0,0,0,0,Phil Jones,England,0,71,Defender,0,England
1.84,1995,0,0,0,0,0,Kingston upon Tyme,619042,0,0,0,0,0,Luke Shaw,England,0,75,Defender,0,England
1.82,1989,0,1,1,1,2,Legnano,353630,3,1,0,0,0,Matteo Darmian,Italy,36,70,Defender,0,Italy
1.86,1981,0,1,0,0,0,Fiesole,346590,0,1,0,0,0,Andrea Barzagli,Italy,51,79,Defender,0,Italy
1.87,1986,0,3,1,0,0,Longchamps,346195,0,0,0,0,0,Gabriel Paletta,Argentina,36,88,Defender,2,Italy
1.92,1984,0,0,4,0,1,Pisa,373065,0,1,3,0,0,Giorgio Chiellini,Italy,54,76,Defender,4,Italy
1.79,1986,0,0,0,1,1,Turin,396430,0,3,0,1,0,Claudio Marchisio,Italy,35,76,Midfielder,0,Italy
1.82,1983,0,0,4,0,0,Rome,346573,0,3,0,0,0,Daniele De Rossi,Italy,105,83,Midfielder,4,Italy
1.68,1992,1,2,0,0,0,Pescara,558287,0,2,1,0,0,Marco Verratti,Italy,59,60,Midfielder,1,Italy
1.80,1987,1,1,0,1,4,Rome,402360,7,0,0,0,1,Antonio Candreva,Italy,33,72,Midfielder,0,Italy
1.77,1979,0,0,0,0,1,Brescia,346422,0,0,1,0,0,Andrea Pirlo,Italy,103,68,Midfielder,0,Italy
1.89,1990,0,0,1,2,3,Palermo,435987,0,0,1,1,3,Mario Balotelli,Italy,16,88,Forward,1,Italy
1.87,1982,0,0,0,0,0,Sao Bernardo,348502,0,0,1,0,0,Thiago Motta,Brazil,26,83,Midfielder,0,Italy
1.84,1990,0,0,0,0,0,Torre Annunziata,489160,0,1,0,0,3,Ciro Immobile,Italy,4,78,Forward,0,Italy
1.86,1985,0,1,0,0,0,Gallarate,514025,0,0,1,0,0,Marco Parolo,Italy,7,82,Midfielder,0,Italy
1.84,1984,0,0,0,0,0,Rome,346703,0,0,0,0,0,Alberto Aquilani,Italy,0,77,Midfielder,0,Italy
1.75,1982,0,0,0,0,0,Bari,348402,0,0,0,0,0,Antonio Cassano,Italy,0,78,Forward,0,Italy
1.77,1987,0,0,0,0,0,Velletri,372472,0,0,0,0,0,Alessio Cerci,Italy,0,78,Forward,0,Italy
1.80,1986,0,0,0,0,0,Sant Agata de Goti,373064,0,0,0,0,0,Ignazio Abate,Italy,0,73,Defender,0,Italy
1.90,1987,0,0,0,0,0,Viterbo,375405,0,0,0,0,0,Leonardo Bonucci,Italy,0,82,Defender,0,Italy
1.63,1991,0,0,0,0,0,Naples,537666,0,0,0,0,0,Lorenzo Insigne,Italy,0,59,Forward,0,Italy
1.91,1987,0,0,0,0,0,Shrewsbury,346315,0,0,0,0,0,Joe Hart,England,0,80,Goalkeeper,0,England
1.93,1983,0,0,0,0,0,Leamington,345815,0,0,0,0,0,Ben Foster,England,0,90,Goalkeeper,0,England
2.01,1988,0,0,0,0,0,Hexham,353505,0,0,0,0,0,Fraser Forster,England,0,76,Goalkeeper,0,England
1.88,1992,0,0,0,0,0,Latina,513642,0,0,0,0,0,Mattia Perin,Italy,0,74,Goalkeeper,0,Italy
1.76,1992,2,0,5,0,0,Ouragahio,536032,5,2,1,0,0,Serge Aurier,Ivory Coast,45,75,Defender,10,Ivory Coast
1.83,1980,0,0,2,0,0,Abidjan,346161,0,0,0,0,0,Didier Zokora,Ivory Coast,61,70,Defender,1,Ivory Coast
1.90,1985,0,1,2,0,0,Ivry-sur-Seine,345298,0,1,0,0,0,Souleymane Bamba,France,61,89,Defender,6,Ivory Coast
1.66,1983,0,0,1,2,3,Abidjan,345644,1,0,1,0,0,Arthur Boka,Ivory Coast,29,67,Defender,2,Ivory Coast
1.75,1986,0,1,3,0,0,Yamoussoukro,347134,0,2,1,0,0,Cheick Tioté,Ivory Coast,63,86,Midfielder,5,Ivory Coast
1.79,1984,0,1,1,0,0,Facobly,458638,0,0,2,0,0,Serey Die,Ivory Coast,47,77,Midfielder,1,Ivory Coast
1.75,1985,0,1,1,1,4,Oume,331043,2,3,0,0,0,Salomon Kalou,Ivory Coast,28,77,Forward,0,Ivory Coast
1.89,1983,0,0,0,0,2,Sekoura Bouake,347384,1,0,2,0,0,Yaya Touré,Ivory Coast,42,90,Midfielder,0,Ivory Coast
1.79,1987,0,1,0,4,4,Anyama,532928,2,1,2,1,2,Gervinho,Ivory Coast,19,68,Forward,0,Ivory Coast
1.82,1988,0,0,0,1,4,Bingerville,464644,1,1,0,1,1,Wilfried Bony,Ivory Coast,17,88,Forward,0,Ivory Coast
1.77,1986,0,1,0,0,0,Abidjan,462543,0,0,0,0,0,Constant Djakpa,Ivory Coast,9,71,Defender,1,Ivory Coast
1.80,1978,0,0,0,1,2,Abidjan,330398,1,2,3,0,0,Didier Drogba,Ivory Coast,5,91,Forward,0,Ivory Coast
1.74,1984,0,0,0,0,0,Abidjan,409107,0,0,1,0,0,Didier Ya Konan,Ivory Coast,8,74,Midfielder,0,Ivory Coast
1.83,1981,0,0,0,0,0,Sokoura Bouake,346029,0,0,0,0,0,Kolo Touré,Ivory Coast,0,74,Defender,0,Ivory Coast
1.80,1989,0,0,0,0,0,Saint-Sebastien-sur-Loire,386314,0,0,0,0,0,Giovanni Sio,France,0,77,Forward,0,Ivory Coast
1.77,1987,0,0,0,0,0,Abidjan,422411,0,0,0,0,0,Max Gradel,Ivory Coast,0,69,Midfielder,0,Ivory Coast
1.86,1986,0,0,0,0,0,Daloa,461699,0,0,0,0,0,Ousmane Diarrassouba,Ivory Coast,0,83,Defender,0,Ivory Coast
1.85,1990,0,0,0,0,0,Oslo,573604,0,0,0,0,0,Mathis Bolly,Norway,0,77,Midfielder,0,Ivory Coast
1.80,1992,0,0,0,0,0,Abidjan,595794,0,0,0,0,0,Ismael Diomande,Ivory Coast,0,75,Midfielder,0,Ivory Coast
1.80,1992,0,0,0,0,0,Toulouse,638926,0,0,0,0,0,Jean-Daniel Akpa,France,0,70,Defender,0,Ivory Coast
1.76,1988,0,1,1,1,1,Kannami,390339,3,0,2,0,1,Atsuto Uchida,Japan,30,62,Defender,4,Japan
1.89,1988,0,3,2,0,0,Nagasaki,394603,0,1,1,0,0,Yoshida Maya,Japan,28,78,Defender,2,Japan
1.83,1987,0,3,1,0,0,Hiroshima,390345,0,2,1,0,0,Morishige Masato,Japan,30,76,Defender,1,Japan
1.70,1986,1,1,3,0,0,Ehime,395130,3,2,0,0,0,Yuto Nagatomo,Japan,25,68,Defender,7,Japan
1.73,1990,0,1,1,0,1,Mie,492909,0,1,0,0,0,Yamaguchi Hotaru,Japan,41,72,Midfielder,0,Japan
1.80,1984,0,0,0,0,1,Fujieda,364421,0,0,1,0,0,Makoto Hasebe,Japan,25,65,Midfielder,4,Japan
1.74,1986,0,0,2,0,0,Takarazuka,394566,0,3,3,0,0,Shinji Okazaki,Japan,16,76,Forward,2,Japan
1.82,1986,0,0,0,2,3,Osaka,394585,2,0,1,1,0,Keisuke Honda,Japan,34,76,Forward,3,Japan
1.72,1989,0,1,6,0,0,Kobe,390340,0,2,1,0,0,Shinji Kagawa,Japan,40,63,Forward,3,Japan
1.82,1990,0,0,0,0,0,Kagoshima,492865,1,0,1,0,0,Osako Yuya,Japan,8,73,Forward,0,Japan
1.78,1980,0,0,2,0,0,Kagoshima,358760,0,2,0,0,0,Yasuhito Endo,Japan,23,75,Midfielder,0,Japan
1.77,1990,0,0,0,0,0,Osaka,394835,0,0,0,0,0,Kakitani Yoichiro,Japan,1,68,Forward,0,Japan
1.70,1982,0,0,0,1,1,Fukuoka,374178,0,0,0,0,0,Yoshito Okubo,Japan,6,73,Forward,0,Japan
1.74,1986,0,0,0,0,0,Okayama,394651,0,0,0,0,0,Aoyama Toshihiro,Japan,0,73,Midfielder,0,Japan
1.78,1983,0,0,0,0,0,Sendai,394780,0,0,0,0,0,Yasuyuki Konno,Japan,0,73,Defender,0,Japan
1.79,1985,0,0,0,0,0,Miyazaki,395125,0,0,0,0,0,Inoha Masahiko,Japan,0,74,Defender,0,Japan
1.69,1990,0,0,0,0,0,Kanagawa,445387,0,0,0,0,0,Saito Manabu,Japan,0,68,Forward,0,Japan
1.85,1990,0,0,0,0,0,Kashiwa,445416,0,0,0,0,0,Hiroki Sakai,Japan,0,70,Defender,0,Japan
1.72,1989,0,0,0,0,0,Oita,445461,0,0,0,0,0,Hiroshi Kiyotake,Japan,0,63,Forward,0,Japan
1.76,1991,0,0,0,0,0,New York,447020,0,0,0,0,0,Gotoku Sakai,United States,0,74,Defender,0,Japan
1.80,1979,0,0,0,0,0,Marcory,347065,0,0,0,0,0,Boubacar Barry,Ivory Coast,0,69,Goalkeeper,0,Ivory Coast
1.80,1984,0,4,1,0,1,Adligenswil,347791,5,3,1,0,0,Stephan Lichtsteiner,Switzerland,53,77,Defender,5,Switzerland
1.92,1987,0,2,4,0,0,Abidjan,346236,0,1,0,0,0,Johan Djourou,Ivory Coast,59,87,Defender,7,Switzerland
1.83,1983,0,0,0,0,0,Schattenhalb,401315,0,0,1,0,0,Steve Von Bergen,Switzerland,30,79,Defender,8,Switzerland
1.80,1992,2,1,1,1,1,Zurich,518541,6,0,2,0,0,Ricardo Rodríguez,Switzerland,40,72,Defender,9,Switzerland
1.84,1985,0,1,2,1,1,Mitrovica,346358,0,2,1,0,0,Valon Behrami,Yugoslavia,76,78,Midfielder,9,Switzerland
1.81,1984,0,0,1,1,2,Olten,402362,0,1,1,0,0,Gokhan Inler,Switzerland,55,80,Midfielder,9,Switzerland
1.77,1984,0,0,3,2,2,Irkutsk,606860,4,1,0,0,0,Andrey Eshchenko,USSR,41,62,Defender,1,Russia
1.86,1979,0,1,2,1,1,Moscow,348910,0,1,0,0,0,Sergey Ignashevich,USSR,58,75,Defender,2,Russia
1.88,1982,0,1,2,0,1,Moscow,349032,1,0,0,0,0,Vasily Berezutskiy,USSR,50,83,Defender,3,Russia
1.82,1987,0,1,0,1,1,Moscow,514875,5,0,0,0,0,Dmitry Kombarov,USSR,25,73,Defender,3,Russia
1.82,1987,0,1,1,1,1,Millerovo,589004,1,3,1,0,0,Denis Glushakov,USSR,16,72,Midfielder,4,Russia
1.78,1984,0,0,1,0,1,Moscow,415208,7,0,2,0,0,Alexander Samedov,USSR,32,75,Forward,3,Russia
1.76,1986,0,0,0,1,1,Nakhodka,442366,1,1,3,0,0,Viktor Fayzulin,USSR,27,72,Midfielder,4,Russia
1.80,1983,0,1,0,0,1,Tambov,349037,1,0,0,0,0,Yury Zhirkov,USSR,14,75,Forward,2,Russia
1.76,1990,0,0,1,0,0,Nizhny Tagil,649698,1,1,0,0,0,Oleg Shatov,USSR,13,64,Midfielder,1,Russia
1.82,1991,0,0,0,1,3,Moscow,514873,1,6,0,0,0,Alexander Kokorin,USSR,18,79,Forward,1,Russia
1.76,1984,0,0,1,1,1,St. Petersburg,415166,0,0,1,0,0,Igor Denisov,USSR,13,70,Midfielder,0,Russia
1.78,1990,0,0,0,0,1,Beslan,481182,0,1,0,0,0,Alan Dzagoev,USSR,9,70,Midfielder,0,Russia
1.75,1982,0,0,0,2,2,Kingisepp,367842,0,1,0,1,0,Aleksandr Kerzhakov,USSR,2,76,Forward,0,Russia
1.78,1989,0,0,0,0,0,Kingisepp,415170,0,0,0,0,0,Alexey Ionov,USSR,0,68,Forward,0,Russia
1.79,1991,0,0,0,0,0,Moscow,482127,0,0,0,0,0,Georgy Shchennikov,USSR,0,69,Defender,0,Russia
1.84,1987,0,0,0,0,0,Ulan-Ude,514872,0,0,0,0,0,Vladimir Granat,USSR,0,78,Defender,0,Russia
1.84,1991,0,0,0,0,0,St. Petersburg,566706,0,0,0,0,0,Maksim Kanunnikov,USSR,0,77,Forward,0,Russia
1.85,1986,0,0,0,0,0,Petrozavodsk,589686,0,0,0,0,0,Aleksei Kozlov,USSR,0,78,Defender,0,Russia
1.83,1993,0,0,0,0,0,Kingisepp,589810,0,0,0,0,0,Pavel Mogilevets,Russia,0,70,Midfielder,0,Russia
1.91,1989,0,0,0,0,0,Moscow,709617,0,0,0,0,0,Andrey Semenov,USSR,0,86,Defender,0,Russia
1.80,1986,0,0,0,0,0,Seoul,650483,0,0,0,0,0,Yong Lee,South Korea,22,74,Defender,4,Korea Republic
1.87,1990,0,4,0,1,1,Jeonju,540414,0,0,3,0,0,Kim Young-Gwon,South Korea,51,74,Defender,7,Korea Republic
1.88,1989,0,0,2,1,1,Jeju,583083,0,0,1,0,0,Jeong-Ho Hong,South Korea,32,77,Defender,2,Korea Republic
1.82,1990,0,2,0,0,0,Suwon,583088,2,0,1,0,0,Suk-Young Yun,South Korea,32,74,Defender,4,Korea Republic
1.86,1989,0,1,3,1,1,Gwanju,473962,2,1,3,0,0,Sung-Yueng Ki,South Korea,46,79,Midfielder,4,Korea Republic
1.80,1988,0,1,2,0,1,Seoul,473961,1,1,0,0,0,Chung-Yong Lee,South Korea,24,69,Midfielder,0,Korea Republic
1.83,1990,0,2,4,0,0,Seoul,540313,0,1,2,0,0,Kook-Young Han,South Korea,26,74,Midfielder,1,Korea Republic
1.82,1989,0,0,0,1,2,Chungju,537368,0,2,3,0,0,Ja-Cheol Koo,South Korea,23,75,Forward,1,Korea Republic
1.83,1985,0,1,0,0,0,Daegu,476950,0,1,0,0,0,Chu-Young Park,South Korea,10,70,Forward,1,Korea Republic
1.83,1992,0,3,0,1,3,Chuncheon,568442,0,1,1,0,0,Heung-Min Son,South Korea,18,76,Midfielder,3,Korea Republic
1.82,1989,0,0,0,0,0,Cheongju,618251,0,0,0,0,0,Hwang Seok-Ho,South Korea,6,80,Defender,0,Korea Republic
1.78,1989,0,0,0,0,0,Gurye,540398,0,0,0,0,0,Bo-Kyung Kim,South Korea,0,73,Midfielder,0,Korea Republic
1.77,1985,0,0,0,1,1,Incheon,461735,2,0,0,1,0,Keun-Ho Lee,South Korea,3,75,Forward,0,Korea Republic
1.74,1987,0,0,0,0,0,Seoul,390097,0,0,0,0,0,Joo-Ho Park,South Korea,0,69,Defender,0,Korea Republic
1.79,1985,0,0,0,0,0,Busan,461729,0,0,0,0,0,Chang-Soo Kim,South Korea,0,74,Defender,0,Korea Republic
1.85,1981,0,0,0,0,0,Chilgok,481764,0,0,0,0,0,Tae-Hwi Kwak,South Korea,0,80,Defender,0,Korea Republic
1.82,1985,0,0,0,0,0,Incheon,487107,0,0,0,0,0,Ha Dae-Sung,South Korea,0,73,Midfielder,0,Korea Republic
1.96,1988,0,0,0,0,0,Gwacheon,537371,0,0,0,0,0,Shin-Wook Kim,South Korea,0,94,Forward,0,Korea Republic
1.86,1991,0,0,0,0,0,Jeju,583329,0,0,0,0,0,Dong-Won Ji,South Korea,0,77,Midfielder,0,Korea Republic
1.80,1989,0,0,0,0,0,Seongnam,618254,0,0,0,0,0,Park Jong-Woo,South Korea,0,74,Midfielder,0,Korea Republic
1.85,1986,0,0,0,0,0,Vidnoye,348949,0,0,0,0,0,Igor Akinfeev,USSR,0,71,Goalkeeper,0,Russia
1.92,1980,0,0,0,0,0,Shebekino,481280,0,0,0,0,0,Sergey Ryzhikov,USSR,0,92,Goalkeeper,0,Russia
1.86,1990,0,0,0,0,0,Vladimir,541993,0,0,0,0,0,Yury Lodygin,USSR,0,77,Goalkeeper,0,Russia
1.99,1989,0,0,0,0,0,Seoul,583081,0,0,0,0,0,Bum-Young Lee,South Korea,0,90,Goalkeeper,0,Korea Republic
1.87,1990,0,0,0,0,0,Ulsan,583084,0,0,0,0,0,Kim Seung-Gyu,South Korea,0,80,Goalkeeper,0,Korea Republic
