,nome,codigo,time,chutes,passes_completados,bolas_recuperadas,desarmes,defesas,velocidade_maxima,distancia,adversario
0,11   ÉDER,359436,Portugal,1,16,2,0,0,31.4,7516,Gana
1,17   NANI,254167,Portugal,5,42,5,0,0,29.4,11350,Gana
2,18   VALLADARES,178185,Honduras,0,24,0,0,7,15,2995,Suíça
3,3   FIGUEROA,213879,Honduras,2,55,10,3,0,31.6,8529,Suíça
4,5   BERNARDEZ,213878,Honduras,0,33,2,0,0,28.7,7748,Suíça
5,6   J.C. GARCIA,296303,Honduras,1,60,5,4,0,31.1,8949,Suíça
6,8   W. PALACIOS,209827,Honduras,1,77,3,4,0,25.8,7842,Suíça
7,11   BENGTSON,323623,Honduras,3,15,0,1,0,30.2,7812,Suíça
8,13   COSTLY,271414,Honduras,0,8,1,1,0,23.9,3537,Suíça
9,14   BONIEK,237071,Honduras,0,33,1,1,0,29,8085,Suíça
10,15   ESPINOZA,304934,Honduras,1,28,2,1,0,27,4686,Suíça
11,20   CLAROS,230114,Honduras,1,66,7,6,0,29.8,9512,Suíça
12,21   BECKELES,339551,Honduras,2,41,5,5,0,28.8,9470,Suíça
13,9   J. PALACIOS,213953,Honduras,1,13,0,0,0,27.4,5367,Suíça
14,17   NAJAR,330693,Honduras,1,9,0,0,0,25.5,1695,Suíça
15,23   M. CHAVEZ,227839,Honduras,0,17,3,0,0,28.5,3881,Suíça
16,1   BENAGLIO,196633,Suíça,0,15,0,0,3,23.9,4488,Honduras
17,2   LICHTSTEINER,196605,Suíça,0,36,7,4,0,27.4,9149,Honduras
18,8   INLER,261029,Suíça,2,42,6,2,0,28.5,9911,Honduras
19,10   XHAKA,311558,Suíça,3,23,0,4,0,26.9,9039,Honduras
20,11   BEHRAMI,216627,Suíça,0,27,5,3,0,25,10155,Honduras
21,13   RODRIGUEZ,313559,Suíça,0,23,5,9,0,29.8,8943,Honduras
22,18   MEHMEDI,356409,Suíça,1,25,4,2,0,27.8,10184,Honduras
23,19   DRMIC,356399,Suíça,3,12,0,0,0,30.3,8488,Honduras
24,20   DJOUROU,216645,Suíça,0,17,4,2,0,24.6,7838,Honduras
25,22   SCHÄR,356411,Suíça,0,18,4,5,0,24.6,8022,Honduras
26,23   SHAQIRI,321653,Suíça,7,30,2,2,0,28.7,10064,Honduras
27,6   LANG,356407,Suíça,0,4,0,0,0,25,1768,Honduras
28,9   SEFEROVIC,311554,Suíça,0,5,0,0,0,28.8,1901,Honduras
29,15   DZEMAILI,216646,Suíça,0,1,1,0,0,20.5,547,Honduras
30,22   DOMINGUEZ,303419,Equador,0,14,0,0,9,16.8,3164,França
31,2   GUAGUA,181930,Equador,0,24,4,1,0,21.2,8170,França
32,3   ERAZO,349578,Equador,0,23,8,0,0,25.3,9104,França
33,4   PAREDES,349576,Equador,0,29,4,1,0,31.2,9345,França
34,6   NOBOA,279417,Equador,3,21,5,3,0,27.4,11267,França
35,7   MONTERO,290452,Equador,0,6,2,0,0,30.9,7247,França
36,10   W. AYOVI,184447,Equador,1,28,7,0,0,28.1,9202,França
37,13   E. VALENCIA,373400,Equador,2,5,2,0,0,29.1,8017,França
38,14   MINDA,350119,Equador,0,25,6,2,0,26.1,11025,França
39,15   ARROYO,349574,Equador,2,26,4,2,0,30.5,10160,França
40,16   A. VALENCIA,202544,Equador,1,20,1,0,0,26.5,6127,França
41,5   IBARRA,336869,Equador,2,3,1,1,0,27.1,3191,França
42,11   CAICEDO,228715,Equador,0,1,0,0,0,16.5,38,França
43,21   ACHILIER,229450,Equador,0,0,0,0,0,22.7,1049,França
44,1   LLORIS,297105,França,0,18,0,0,2,21.4,4329,Equador
45,5   SAKHO,274135,França,0,39,6,3,0,27.9,5640,Equador
46,10   BENZEMA,297103,França,5,26,0,0,0,29.1,9096,Equador
47,11   GRIEZMANN,336435,França,2,34,0,0,0,26.8,9957,Equador
48,14   MATUIDI,358014,França,1,47,5,0,0,24.8,8159,Equador
49,15   SAGNA,254141,França,0,45,1,1,0,27.6,9581,Equador
50,17   DIGNE,368860,França,0,54,7,0,0,29.4,10170,Equador
51,18   SISSOKO,317056,França,2,36,2,0,0,31.4,10057,Equador
52,19   POGBA,367388,França,7,60,1,1,0,28.7,10579,Equador
53,21   KOSCIELNY,358012,França,0,43,6,0,0,27.4,8503,Equador
54,22   SCHNEIDERLIN,379995,França,1,61,9,3,0,28.7,11769,Equador
55,4   VARANE,359440,França,0,11,1,0,0,27.6,2983,Equador
56,9   GIROUD,358015,França,1,7,0,0,0,28,2673,Equador
57,20   REMY,299878,França,1,2,0,0,0,23.9,1522,Equador
58,22   BETO,214404,Portugal,0,25,0,0,3,25.9,5724,Gana
59,2   B. ALVES,210213,Portugal,0,33,6,0,0,27.8,10211,Gana
60,3   PEPE,275931,Portugal,0,39,8,0,0,27.7,10376,Gana
61,4   MIGUEL,200201,Portugal,0,39,5,0,0,28.8,11233,Gana
62,6   WILLIAM,376349,Portugal,0,53,3,0,0,25.8,11060,Gana
63,7   RONALDO,201200,Portugal,9,27,2,0,0,31.2,9723,Gana
64,8   J. MOUTINHO,200199,Portugal,1,64,5,3,0,27,11525,Gana
65,23   J VAZQUEZ,379264,México,1,29,1,1,0,28.1,10822,Croácia
66,8   M FABIAN,319311,México,1,1,0,0,0,24.7,1306,Croácia
67,14   J HERNANDEZ,228599,México,1,7,0,0,0,26.5,3711,Croácia
68,21   C PEÑA,303394,México,0,1,0,0,0,26.3,1764,Croácia
69,1   COURTOIS,358106,Bélgica,0,21,0,0,3,17.7,4455,Rússia
70,2   ALDERWEIRELD,290864,Bélgica,0,35,3,2,0,25.9,10251,Rússia
71,3   VERMAELEN,216880,Bélgica,0,19,0,0,0,23.8,3286,Rússia
72,4   KOMPANY,216004,Bélgica,0,41,10,0,0,28.5,9539,Rússia
73,6   WITSEL,290821,Bélgica,1,39,2,2,0,30,10493,Rússia
74,7   DE BRUYNE,358120,Bélgica,0,27,3,0,0,30.7,11297,Rússia
75,8   FELLAINI,290902,Bélgica,0,39,7,1,0,30.3,11705,Rússia
76,9   LUKAKU,358112,Bélgica,1,8,0,0,0,27.4,6381,Rússia
77,10   E.HAZARD,273996,Bélgica,2,25,0,0,0,28.1,10226,Rússia
78,14   MERTENS,358114,Bélgica,3,16,0,1,0,26.3,7753,Rússia
79,15   VAN BUYTEN,375523,Bélgica,0,48,7,0,0,31.6,9947,Rússia
80,5   VERTONGHEN,290904,Bélgica,0,27,4,0,0,26.1,5992,Rússia
81,11   MIRALLAS,290903,Bélgica,2,4,0,0,0,26.7,2432,Rússia
82,17   ORIGI,379911,Bélgica,2,6,0,0,0,25.7,4404,Rússia
83,1   AKINFEEV,215017,Rússia,0,16,0,0,1,19.6,3877,Bélgica
84,2   KOZLOV,369983,Rússia,0,21,2,0,0,27.4,7566,Bélgica
85,4   IGNASHEVICH,186787,Rússia,1,38,8,1,0,25.8,10490,Bélgica
86,6   KANUNNIKOV,358885,Rússia,2,22,7,3,0,31.1,11330,Bélgica
87,8   GLUSHAKOV,358049,Rússia,3,24,5,0,0,29.2,11467,Bélgica
88,9   KOKORIN,358048,Rússia,2,16,2,0,0,29,11460,Bélgica
89,14   V. BEREZUTSKIY,186793,Rússia,0,46,6,1,0,28.5,10700,Bélgica
90,17   SHATOV,358891,Rússia,1,30,4,0,0,28.9,11049,Bélgica
91,19   SAMEDOV,216435,Rússia,0,30,4,0,0,29.8,10924,Bélgica
92,20   FAYZULIN,300235,Rússia,3,43,3,0,0,29.1,12255,Bélgica
93,23   D. KOMBAROV,300237,Rússia,0,30,4,0,0,28.9,10963,Bélgica
94,10   DZAGOEV,302539,Rússia,0,2,0,0,0,24.9,1318,Bélgica
95,11   KERZHAKOV,186808,Rússia,0,0,0,0,0,21.7,440,Bélgica
96,22   ESHCHENKO,358893,Rússia,1,11,1,0,0,29.2,3873,Bélgica
97,1   S R JUNG,198546,Coreia do Sul,0,13,0,0,1,13.4,4028,Argélia
98,3   S Y YUN,274283,Coreia do Sul,0,32,3,0,0,30.5,10606,Argélia
99,5   Y G KIM,375754,Coreia do Sul,0,42,6,2,0,25.9,9945,Argélia
100,9   H M SON,307849,Coreia do Sul,2,30,3,0,0,28.5,10560,Argélia
101,10   C Y PARK,207761,Coreia do Sul,1,13,1,2,0,24.7,6655,Argélia
102,12   Y LEE,363578,Coreia do Sul,0,44,10,4,0,28.5,10786,Argélia
103,13   J C KOO,291393,Coreia do Sul,1,31,4,4,0,26.9,11892,Argélia
104,14   K Y HAN,274329,Coreia do Sul,0,26,2,5,0,24.2,9795,Argélia
105,16   S Y KI,268406,Coreia do Sul,1,48,3,2,0,26.9,10856,Argélia
106,17   C Y LEE,268414,Coreia do Sul,0,18,4,4,0,25,8015,Argélia
107,20   J H HONG,312679,Coreia do Sul,0,48,7,0,0,27.4,9969,Argélia
108,11   K H LEE,268149,Coreia do Sul,1,6,1,0,0,26.1,3828,Argélia
109,18   S W KIM,321745,Coreia do Sul,2,4,0,0,0,24.9,3859,Argélia
110,19   D W JI,330689,Coreia do Sul,1,1,0,0,0,27,2113,Argélia
111,23   RAIS,323326,Argélia,0,11,0,0,2,17.2,2740,Coreia do Sul
112,2   BOUGUERRA,215208,Argélia,0,31,3,4,0,29.1,9913,Coreia do Sul
113,5   HALLICHE,296827,Argélia,2,40,8,2,0,27,10544,Coreia do Sul
114,6   MESBAH,323339,Argélia,0,47,2,1,0,31.8,10794,Coreia do Sul
115,10   FEGHOULI,319358,Argélia,1,26,3,2,0,29.2,11317,Coreia do Sul
116,11   BRAHIMI,366309,Argélia,3,36,3,1,0,30.2,10137,Coreia do Sul
117,12   MEDJANI,239237,Argélia,1,20,3,2,0,27.2,11352,Coreia do Sul
118,13   SLIMANI,354859,Argélia,4,18,1,2,0,28.3,11541,Coreia do Sul
119,14   BENTALEB,379939,Argélia,1,36,3,6,0,31,11657,Coreia do Sul
120,18   DJABOU,354875,Argélia,2,19,4,1,0,25.2,8120,Coreia do Sul
121,20   MANDI,376285,Argélia,0,33,3,1,0,27.8,10459,Coreia do Sul
122,4   BELKALEM,356162,Argélia,0,0,0,0,0,17,591,Coreia do Sul
123,8   LACEN,321682,Argélia,0,9,1,3,0,23.2,2175,Coreia do Sul
124,9   GHILAS,367261,Argélia,1,5,0,0,0,26.6,2488,Coreia do Sul
125,1   HOWARD,178420,EUA,0,25,0,0,4,20.5,4006,Portugal
126,4   BRADLEY,233531,EUA,4,65,2,1,0,26.1,12205,Portugal
127,5   BESLER,367433,EUA,0,51,11,4,0,26.3,9517,Portugal
128,7   BEASLEY,175498,EUA,0,51,6,0,0,28.6,9587,Portugal
129,8   DEMPSEY,207851,EUA,5,26,2,0,0,28.3,9546,Portugal
130,11   BEDOYA,296273,EUA,0,31,1,1,0,28.3,9125,Portugal
131,13   JONES,183893,EUA,3,37,4,2,0,27.4,10001,Portugal
132,15   BECKERMAN,175512,EUA,1,64,6,6,0,25.2,10458,Portugal
133,19   ZUSI,360728,EUA,0,34,1,2,0,26.1,11207,Portugal
134,20   CAMERON,321971,EUA,0,29,6,1,0,24.1,9887,Portugal
135,23   JOHNSON,311174,EUA,2,31,3,0,0,33,10240,Portugal
136,2   YEDLIN,368973,EUA,0,5,1,0,0,30.7,2695,Portugal
137,3   GONZALEZ,234405,EUA,0,0,0,0,0,23.2,525,Portugal
138,18   WONDOLOWSKI,339508,EUA,0,4,0,0,0,21.9,1301,Portugal
139,22   BETO,214404,Portugal,0,26,0,0,2,17.8,5495,EUA
140,2   B. ALVES,210213,Portugal,0,41,8,3,0,24.9,9401,EUA
141,4   MIGUEL,200201,Portugal,1,62,4,0,0,30.1,10139,EUA
142,7   RONALDO,201200,Portugal,7,29,4,0,0,25,9309,EUA
143,8   J. MOUTINHO,200199,Portugal,1,80,4,3,0,27,10484,EUA
144,13   R. COSTA,210212,Portugal,0,46,5,1,0,27.2,9075,EUA
145,16   R. MEIRELES,210214,Portugal,2,33,4,1,0,26.1,7950,EUA
146,17   NANI,254167,Portugal,4,31,5,2,0,29.8,10386,EUA
147,19   A. ALMEIDA,375453,Portugal,0,24,4,1,0,31.6,4943,EUA
148,21   J. PEREIRA,214407,Portugal,0,48,2,0,0,26.9,10533,EUA
149,23   H. POSTIGA,187203,Portugal,0,3,0,0,0,21.2,1902,EUA
150,6   WILLIAM,376349,Portugal,0,37,5,3,0,25.8,5435,EUA
151,11   ÉDER,359436,Portugal,4,17,2,0,0,23.9,8609,EUA
152,18   VARELA,254166,Portugal,1,11,2,0,0,27.4,2858,EUA
153,1   BUFFON,159304,Itália,0,21,0,0,4,21.9,5520,Uruguai
154,2   DE SCIGLIO,359223,Itália,0,31,2,1,0,26.9,10487,Uruguai
155,3   CHIELLINI,215274,Itália,0,67,9,0,0,24.5,10220,Uruguai
156,4   DARMIAN,288824,Itália,0,28,5,1,0,25.9,10654,Uruguai
157,8   MARCHISIO,298664,Itália,1,24,1,1,0,26.9,6945,Uruguai
158,9   BALOTELLI,301059,Itália,1,8,0,0,0,33,4718,Uruguai
159,15   BARZAGLI,214377,Itália,1,63,9,1,0,27.8,10092,Uruguai
160,17   IMMOBILE,306780,Itália,2,10,0,0,0,26.5,8149,Uruguai
161,19   BONUCCI,321641,Itália,0,47,6,1,0,26.1,9220,Uruguai
162,21   PIRLO,177876,Itália,3,70,6,0,0,24.1,10746,Uruguai
163,23   VERRATTI,359217,Itália,0,43,5,5,0,25.5,8852,Uruguai
164,5   THIAGO MOTTA,175689,Itália,0,21,2,0,0,20.9,2517,Uruguai
165,10   CASSANO,177927,Itália,0,8,0,0,0,29.8,2277,Uruguai
166,18   PAROLO,378836,Itália,1,11,2,0,0,27.4,6000,Uruguai
167,1   F. MUSLERA,229498,Uruguai,0,14,0,0,1,19.4,3124,Itália
168,3   D. GODIN,229499,Uruguai,1,33,12,2,0,26.1,8909,Itália
169,6   A. PEREIRA,229502,Uruguai,0,21,1,1,0,24.1,6240,Itália
170,7   C. RODRIGUEZ,216567,Uruguai,1,34,3,0,0,28.3,8015,Itália
171,9   L. SUAREZ,270775,Uruguai,6,17,0,2,0,28.7,9573,Itália
172,13   J.M. GIMENEZ,368655,Uruguai,0,24,7,0,0,31.1,9169,Itália
173,14   N. LODEIRO,305378,Uruguai,1,17,1,1,0,26.7,6521,Itália
174,17   E. AREVALO RIOS,286238,Uruguai,0,34,7,1,0,27.8,9857,Itália
175,20   A. GONZALEZ,286259,Uruguai,1,29,4,2,0,26.1,10793,Itália
176,21   E. CAVANI,267834,Uruguai,2,21,1,0,0,31,10652,Itália
177,22   M. CACERES,267829,Uruguai,2,46,8,0,0,28.5,9635,Itália
178,11   C. STUANI,229506,Uruguai,0,5,1,0,0,23,3598,Itália
179,16   M. PEREIRA,286481,Uruguai,0,20,5,1,0,25.2,5703,Itália
180,18   G. RAMIREZ,312116,Uruguai,0,8,1,0,0,31.4,2524,Itália
181,1   NAVAS K.,199175,Costa Rica,0,15,0,0,1,12.5,4292,Inglaterra
182,3   GONZALEZ G.,268821,Costa Rica,0,22,9,0,0,29.4,9899,Inglaterra
183,5   BORGES C.,236530,Costa Rica,1,23,6,0,0,26.9,9622,Inglaterra
184,6   DUARTE O.,312987,Costa Rica,0,41,7,1,0,27.9,10126,Inglaterra
185,9   CAMPBELL J.,307529,Costa Rica,1,21,1,0,0,25.6,6499,Inglaterra
186,10   RUIZ B.,214876,Costa Rica,0,33,4,1,0,26.7,10744,Inglaterra
187,14   BRENES R.,237058,Costa Rica,1,12,0,0,0,26.9,6464,Inglaterra
188,15   DIAZ J.,209940,Costa Rica,0,37,4,2,0,28,10357,Inglaterra
189,16   GAMBOA C.,307026,Costa Rica,0,24,5,3,0,31.2,10032,Inglaterra
190,17   TEJEDA Y.,307541,Costa Rica,0,49,7,2,0,25.8,11811,Inglaterra
191,19   MILLER R.,183798,Costa Rica,0,28,6,3,0,28.5,9702,Inglaterra
192,7   BOLAÑOS C.,183796,Costa Rica,1,12,2,0,0,31.2,4092,Inglaterra
193,11   BARRANTES M.,271182,Costa Rica,0,11,2,0,0,28,2198,Inglaterra
194,21   UREÑA M.,270144,Costa Rica,0,5,1,0,0,30.9,3138,Inglaterra
195,13   FOSTER,253999,Inglaterra,0,23,0,0,2,21.1,4231,Costa Rica
196,5   CAHILL,305764,Inglaterra,0,57,8,0,0,28.5,10206,Costa Rica
197,7   WILSHERE,330565,Inglaterra,0,32,7,2,0,27.7,8370,Costa Rica
198,8   LAMPARD,185385,Inglaterra,1,64,8,1,0,23.5,10855,Costa Rica
199,9   STURRIDGE,306532,Inglaterra,4,15,3,0,0,29.1,9389,Costa Rica
200,12   SMALLING,356748,Inglaterra,0,39,6,3,0,28.5,9683,Costa Rica
201,16   JONES,358009,Inglaterra,0,38,6,1,0,26.7,9644,Costa Rica
202,17   MILNER,207924,Inglaterra,0,21,5,1,0,28,8792,Costa Rica
203,20   LALLANA,361222,Inglaterra,0,13,3,0,0,30.3,7438,Costa Rica
204,21   BARKLEY,369392,Inglaterra,1,32,0,3,0,28.5,11010,Costa Rica
205,23   SHAW,336450,Inglaterra,1,43,7,2,0,31.1,9524,Costa Rica
206,4   GERRARD,214961,Inglaterra,0,10,2,0,0,25.8,2755,Costa Rica
207,10   ROONEY,196842,Inglaterra,1,5,0,0,0,27.6,2120,Costa Rica
208,19   STERLING,336043,Inglaterra,0,12,0,1,0,30.7,3464,Costa Rica
209,1   KAWASHIMA,198117,Japão,0,21,0,0,0,19.8,3705,Colômbia
210,2   UCHIDA,268474,Japão,1,28,5,0,0,26.1,10017,Colômbia
211,4   HONDA,233500,Japão,4,29,1,1,0,30.3,10290,Colômbia
212,5   NAGATOMO,291372,Japão,2,40,3,2,0,30.5,11287,Colômbia
213,9   OKAZAKI,286278,Japão,2,6,2,1,0,28.1,7649,Colômbia
214,10   KAGAWA,268596,Japão,5,37,3,0,0,27.6,9928,Colômbia
215,13   OKUBO,180936,Japão,4,23,0,0,0,27.4,9386,Colômbia
216,14   AOYAMA,268911,Japão,1,25,2,3,0,25.2,7348,Colômbia
217,15   KONNO,184373,Japão,1,49,2,1,0,28.5,9759,Colômbia
218,17   HASEBE,289027,Japão,1,50,8,3,0,26.9,10705,Colômbia
219,22   YOSHIDA,271253,Japão,1,47,11,1,0,27.4,9644,Colômbia
220,8   KIYOTAKE,347716,Japão,0,5,0,0,0,22.4,1333,Colômbia
221,11   KAKITANI,275096,Japão,1,3,1,0,0,25.9,2527,Colômbia
222,16   YAMAGUCHI,356466,Japão,0,16,3,1,0,29.4,3641,Colômbia
223,1   OSPINA,228686,Colômbia,0,16,0,0,5,16.4,3803,Japão
224,4   ARIAS,315614,Colômbia,1,32,7,0,0,31.4,10066,Japão
225,7   P. ARMERO,200213,Colômbia,0,23,3,1,0,29.8,10034,Japão
226,11   CUADRADO,309714,Colômbia,1,10,1,1,0,27.8,5113,Japão
227,13   GUARIN,200219,Colômbia,0,23,6,3,0,29.1,10692,Japão
228,15   A. MEJIA,228691,Colômbia,0,21,5,1,0,24.7,9371,Japão
229,16   A. BALANTA,369546,Colômbia,0,21,6,0,0,27.6,9502,Japão
230,19   RAMOS,200847,Colômbia,2,23,0,1,0,29.6,9836,Japão
231,20   QUINTERO,356704,Colômbia,1,14,2,0,0,23.7,5571,Japão
232,21   JACKSON M.,313832,Colômbia,4,18,2,1,0,29.1,10416,Japão
233,23   VALDES,217117,Colômbia,0,25,8,1,0,25.5,9283,Japão
234,5   C. CARBONERO,349514,Colômbia,1,16,1,2,0,27.4,5453,Japão
235,10   JAMES,269058,Colômbia,3,20,0,1,0,30.9,5268,Japão
236,22   MONDRAGON,94918,Colômbia,0,1,0,0,1,15,406,Japão
237,1   KARNEZIS,228328,Grécia,0,6,0,0,0,7.3,1284,Costa do Marfim
238,2   MANIATIS,321731,Grécia,0,37,8,4,0,28.1,10484,Costa do Marfim
239,4   MANOLAS,323556,Grécia,0,21,5,1,0,30.5,8430,Costa do Marfim
240,7   SAMARAS,297112,Grécia,1,19,0,2,0,29.8,9644,Costa do Marfim
241,8   KONE,360109,Grécia,0,1,2,0,0,21.9,1433,Costa do Marfim
242,10   KARAGOUNIS,168832,Grécia,3,24,1,5,0,24.8,9057,Costa do Marfim
243,14   SALPINGIDIS,215513,Grécia,1,18,2,3,0,30.7,10659,Costa do Marfim
244,15   TOROSIDIS,228336,Grécia,2,27,4,4,0,28.9,9524,Costa do Marfim
245,16   LAZAROS,299086,Grécia,4,19,3,3,0,28.9,9580,Costa do Marfim
246,19   SOKRATIS,299090,Grécia,0,19,2,2,0,25,9021,Costa do Marfim
247,20   CHOLEVAS,358022,Grécia,1,15,2,4,0,29.6,9543,Costa do Marfim
248,12   GLYKOS,360111,Grécia,0,15,0,0,3,23.2,3734,Costa do Marfim
249,17   GEKAS,230517,Grécia,0,0,0,0,0,28.3,1619,Costa do Marfim
250,22   SAMARIS,362649,Grécia,1,37,6,2,0,28.7,9746,Costa do Marfim
251,1   BARRY COPA,178958,Costa do Marfim,0,22,0,0,2,25.2,2669,Grécia
252,3   BOKA,198489,Costa do Marfim,1,40,0,2,0,28.5,8724,Grécia
253,4   T. KOLO,178963,Costa do Marfim,1,33,2,1,0,28.3,8281,Grécia
254,8   KALOU,216970,Costa do Marfim,2,14,2,4,0,29.1,9874,Grécia
255,9   TIOTE,291329,Costa do Marfim,1,34,2,1,0,26.5,7073,Grécia
256,10   GERVINHO,290186,Costa do Marfim,1,21,0,1,0,32.3,7952,Grécia
257,11   DROGBA,212306,Costa do Marfim,0,13,2,3,0,30.2,8011,Grécia
258,17   S. AURIER,370522,Costa do Marfim,0,41,2,1,0,31.2,9429,Grécia
259,19   TOURE YAYA,198106,Costa do Marfim,3,51,1,0,0,28.5,9940,Grécia
260,20   SEREY DIE,367555,Costa do Marfim,0,60,6,10,0,30.7,9288,Grécia
261,22   BAMBA,207946,Costa do Marfim,1,41,6,2,0,29.2,8223,Grécia
262,12   B. WILFRIED,353118,Costa do Marfim,2,1,0,1,0,27,3113,Grécia
263,14   DIOMANDE,376360,Costa do Marfim,0,2,0,0,0,26.8,1635,Grécia
264,21   SIO,332293,Costa do Marfim,1,1,1,1,0,30.2,1232,Grécia
265,1   BEGOVIĆ,230121,Bósnia e Herzegovina,0,19,0,0,1,14.9,4825,Irã
266,2   VRŠAJEVIĆ,359997,Bósnia e Herzegovina,2,42,4,1,0,32.1,10825,Irã
267,4   SPAHIĆ,216069,Bósnia e Herzegovina,0,77,10,2,0,28.9,10268,Irã
268,5   KOLAŠINAC,376230,Bósnia e Herzegovina,1,49,9,0,0,31.1,10413,Irã
269,7   BEŠIĆ,358101,Bósnia e Herzegovina,0,89,6,3,0,29.1,11432,Irã
270,8   PJANIĆ,299198,Bósnia e Herzegovina,3,66,3,0,0,27.6,11056,Irã
271,9   IBIŠEVIĆ,300411,Bósnia e Herzegovina,1,15,1,0,0,26.7,10645,Irã
272,11   DŽEKO,300409,Bósnia e Herzegovina,4,15,1,0,0,24.3,8840,Irã
273,14   SUŠIĆ,379808,Bósnia e Herzegovina,1,48,4,4,0,29.4,9610,Irã
274,15   ŠUNJIĆ,359993,Bósnia e Herzegovina,0,72,6,0,0,27.9,9842,Irã
275,21   HADŽIĆ,374529,Bósnia e Herzegovina,0,29,0,1,0,29.1,7860,Irã
276,6   VRANJEŠ,359995,Bósnia e Herzegovina,0,13,2,1,0,28,3659,Irã
277,19   VIŠĆA,365747,Bósnia e Herzegovina,1,2,0,0,0,25.2,1029,Irã
278,23   SALIHOVIĆ,300407,Bósnia e Herzegovina,0,7,0,0,0,25,1672,Irã
279,12   A. HAGHIGHI,346763,Irã,0,9,0,0,4,16.6,3671,Bósnia e Herzegovina
280,3   HAJI SAFI,288961,Irã,2,12,2,4,0,28.9,7584,Bósnia e Herzegovina
281,4   J. HOSSEINI,278072,Irã,0,17,4,1,0,30.2,9448,Bósnia e Herzegovina
282,5   AMIRHOSSEIN,213124,Irã,0,28,4,4,0,23.2,9535,Bósnia e Herzegovina
283,6   J. NEKOUNAM,185641,Irã,0,26,5,0,0,25.2,10795,Bósnia e Herzegovina
284,7   MASOUD. SH,213170,Irã,1,7,0,0,0,26.6,5274,Bósnia e Herzegovina
285,14   ANDRANIK,237949,Irã,0,38,8,1,0,28.5,10909,Bósnia e Herzegovina
286,15   MONTAZERI,251481,Irã,0,46,9,2,0,28.1,10209,Bósnia e Herzegovina
287,16   REZA,362641,Irã,3,13,2,0,0,28.3,10638,Bósnia e Herzegovina
288,21   DEJAGAH,196812,Irã,0,14,0,1,0,28.5,6990,Bósnia e Herzegovina
289,23   MEHRDAD,267344,Irã,0,33,7,11,0,29.2,9370,Bósnia e Herzegovina
290,2   KH. HEYDARI,306206,Irã,0,20,1,3,0,27.6,5792,Bósnia e Herzegovina
291,9   ALIREZA,379886,Irã,1,8,0,1,0,30,3967,Bósnia e Herzegovina
292,10   KARIM,330659,Irã,0,5,0,0,0,24.9,2984,Bósnia e Herzegovina
293,1   ENYEAMA,189300,Nigéria,0,19,0,0,9,20.3,3554,Argentina
294,2   YOBO,178403,Nigéria,0,23,4,0,0,28.3,8486,Argentina
295,5   AMBROSE,273291,Nigéria,1,42,8,2,0,30,9526,Argentina
296,7   MUSA,344714,Nigéria,4,14,0,0,0,30.9,8997,Argentina
297,8   ODEMWINGIE,214228,Nigéria,1,15,2,0,0,29.1,9003,Argentina
298,9   EMENIKE,364763,Nigéria,1,17,1,0,0,30.9,9981,Argentina
299,10   MIKEL,234463,Nigéria,1,39,4,1,0,26.7,10176,Argentina
300,13   OSHANIWA,356712,Nigéria,0,29,3,1,0,28.1,9682,Argentina
301,17   ONAZI,315429,Nigéria,3,42,4,1,0,29.2,10143,Argentina
302,18   BABATUNDE,312014,Nigéria,0,17,3,1,0,25,8037,Argentina
303,22   OMERUO,315424,Nigéria,0,26,10,2,0,30.7,9417,Argentina
304,19   NWOFOR,338673,Nigéria,0,3,1,0,0,23.8,1528,Argentina
305,20   UCHEBO,306900,Nigéria,1,6,2,1,0,26.1,3825,Argentina
306,1   ROMERO,266783,Argentina,0,12,0,0,1,22.5,2946,Nigéria
307,2   GARAY,200130,Argentina,1,45,5,0,0,26.4,9647,Nigéria
308,4   ZABALETA,182379,Argentina,0,33,3,0,0,26.9,8978,Nigéria
309,5   GAGO,201001,Argentina,0,69,6,3,0,27,10370,Nigéria
310,7   DI MARIA,266800,Argentina,5,60,2,1,0,32.9,9704,Nigéria
311,9   HIGUAIN,271550,Argentina,2,24,0,0,0,30.1,9736,Nigéria
312,10   MESSI,229397,Argentina,4,24,0,0,0,29.6,5922,Nigéria
313,14   MASCHERANO,182372,Argentina,1,78,10,1,0,29.4,9729,Nigéria
314,16   ROJO,318688,Argentina,2,46,9,0,0,28.7,10562,Nigéria
315,17   F. FERNANDEZ,318034,Argentina,1,40,9,4,0,27.8,9397,Nigéria
316,20   AGUERO,228528,Argentina,1,5,0,0,0,28.5,3782,Nigéria
317,6   BIGLIA,200133,Argentina,0,2,0,0,0,13.2,481,Nigéria
318,19   ALVAREZ,349631,Argentina,0,11,1,0,0,30.9,3723,Nigéria
319,22   LAVEZZI,229392,Argentina,1,19,0,0,0,31.6,7092,Nigéria
320,12   JULIO CESAR,179038,Brasil,0,16,0,0,3,20.9,3572,Croácia
321,2   DANI ALVES,190962,Brasil,2,70,5,2,0,25.9,10348,Croácia
322,3   T SILVA,289964,Brasil,0,66,5,0,0,24.2,8079,Croácia
323,4   DAVID LUIZ,271043,Brasil,2,51,6,1,0,27.9,8962,Croácia
324,6   MARCELO,218284,Brasil,0,52,4,2,0,28.9,9211,Croácia
325,7   HULK,318172,Brasil,2,14,0,0,0,28.3,7193,Croácia
326,8   PAULINHO,362727,Brasil,2,21,2,1,0,27,7629,Croácia
327,9   FRED,233952,Brasil,0,8,2,0,0,22.2,9187,Croácia
328,10   NEYMAR JR,314197,Brasil,4,35,3,1,0,26.8,9538,Croácia
329,11   OSCAR,312868,Brasil,2,29,3,4,0,25.6,9931,Croácia
330,17   L GUSTAVO,367918,Brasil,0,57,7,1,0,28.1,11167,Croácia
331,16   RAMIRES,298959,Brasil,0,0,1,1,0,31.1,941,Croácia
332,18   HERNANES,239424,Brasil,0,5,1,0,0,27.6,3420,Croácia
333,20   BERNARD,356669,Brasil,0,9,1,0,0,29.2,2920,Croácia
334,1   PLETIKOSA,179048,Croácia,0,17,0,0,3,11.7,3312,Brasil
335,2   VRSALJKO,336485,Croácia,0,42,8,3,0,29.2,10885,Brasil
336,4   PERIŠIĆ,359381,Croácia,2,13,5,2,0,28.1,10473,Brasil
337,5   CORLUKA,297373,Croácia,1,26,2,1,0,22.3,8861,Brasil
338,6   LOVREN,312432,Croácia,1,16,4,1,0,22.5,9243,Brasil
339,7   RAKITIĆ,296633,Croácia,0,40,6,4,0,27.4,10875,Brasil
340,9   JELAVIĆ,316117,Croácia,1,8,0,1,0,27.4,9285,Brasil
341,10   MODRIĆ,241559,Croácia,1,54,5,1,0,27.8,10430,Brasil
342,11   SRNA,210704,Croácia,0,23,3,1,0,27.4,10572,Brasil
343,18   OLIĆ,187258,Croácia,1,11,4,5,0,29.2,11351,Brasil
344,20   KOVAČIĆ,339987,Croácia,1,17,2,1,0,28,7459,Brasil
345,14   BROZOVIĆ,380000,Croácia,2,13,2,2,0,28.3,4371,Brasil
346,16   REBIĆ,369058,Croácia,0,4,0,0,0,26.7,2055,Brasil
347,13   G OCHOA,215285,México,0,20,0,0,1,13.4,3890,Camarões
348,2   F RODRIGUEZ,209960,México,0,71,4,1,0,22.9,9416,Camarões
349,4   R MARQUEZ,178119,México,1,57,9,0,0,27.6,9014,Camarões
350,6   H HERRERA,329092,México,1,40,5,0,0,26.9,11262,Camarões
351,7   M LAYUN,371044,México,2,36,4,0,0,28.7,10416,Camarões
352,10   G DOS SANTOS,234551,México,1,32,1,0,0,28.8,9523,Camarões
353,15   H MORENO,238112,México,0,66,3,2,0,24.1,8974,Camarões
354,18   A GUARDADO,251352,México,1,28,4,1,0,29.6,8463,Camarões
355,19   O PERALTA,227851,México,2,14,0,1,0,26.8,7521,Camarões
356,22   P AGUILAR,289195,México,0,38,2,2,0,31.1,10117,Camarões
357,23   J VAZQUEZ,379264,México,0,61,3,0,0,27.6,10183,Camarões
358,3   C SALCIDO,218253,México,0,0,0,0,0,20.5,378,Camarões
359,8   M FABIAN,319311,México,0,17,0,0,0,29.4,3116,Camarões
360,14   J HERNANDEZ,228599,México,1,4,0,0,0,29.6,2170,Camarões
361,16   ITANJDE,216990,Camarões,0,13,0,0,3,18.7,3585,México
362,2   ASSOU EKOTTO,306180,Camarões,2,37,5,0,0,27.6,9474,México
363,3   NKOULOU,290931,Camarões,0,23,6,2,0,26.7,8547,México
364,4   DJEUGOUE,380060,Camarões,0,9,2,1,0,28.1,5005,México
365,6   SONG,200261,Camarões,0,31,1,0,0,25.8,8607,México
366,8   MOUKANDJO,296118,Camarões,1,13,2,0,0,30,10534,México
367,9   ETO'O,170667,Camarões,2,14,0,1,0,28.8,7469,México
368,13   CHOUPO-MOTING,312316,Camarões,1,18,3,2,0,28.1,9682,México
369,14   CHEDJOU,278732,Camarões,2,32,9,2,0,28.7,8705,México
370,17   MBIA,200935,Camarões,1,40,3,0,0,26,10626,México
371,18   ENOH,310048,Camarões,1,24,2,1,0,24.4,11186,México
372,5   NOUNKEU,200259,Camarões,0,27,4,2,0,28.5,5058,México
373,15   WEBO,214135,Camarões,0,3,1,0,0,21.8,1594,México
374,1   I. CASILLAS,176644,Espanha,0,15,0,0,5,13.9,3084,Holanda
375,3   PIQUÉ,216973,Espanha,0,57,4,1,0,26.5,9178,Holanda
376,6   A. INIESTA,183857,Espanha,2,63,0,0,0,23.9,9853,Holanda
377,8   XAVI,177855,Espanha,0,73,2,0,0,23.1,11116,Holanda
378,14   ALONSO,207528,Espanha,1,52,2,1,0,27.1,7307,Holanda
379,15   RAMOS,216814,Espanha,1,57,6,1,0,29.4,9366,Holanda
380,16   SERGIO,303034,Espanha,0,66,1,1,0,28.9,9736,Holanda
381,18   JORDI ALBA,306954,Espanha,0,61,5,0,0,31.6,9930,Holanda
382,19   DIEGO COSTA,367920,Espanha,2,13,0,0,0,25,6239,Holanda
383,21   SILVA,200176,Espanha,2,39,4,2,0,24.1,8331,Holanda
384,22   AZPILICUETA,270948,Espanha,0,44,5,1,0,28.7,9297,Holanda
385,9   TORRES,183864,Espanha,0,6,0,0,0,25,3279,Holanda
386,10   FÁBREGAS,200179,Espanha,0,10,1,0,0,29.8,1924,Holanda
387,11   PEDRO,318601,Espanha,1,10,0,1,0,28.3,3406,Holanda
388,1   CILLESSEN,358738,Holanda,0,24,0,0,3,14.7,4801,Espanha
389,2   VLAAR,216715,Holanda,0,28,5,2,0,28,9867,Espanha
390,3   DE VRIJ,313021,Holanda,2,22,4,5,0,25.7,7889,Espanha
391,4   MARTINS INDI,358736,Holanda,0,38,7,0,0,25.4,10229,Espanha
392,5   BLIND,319432,Holanda,0,49,3,0,0,24.9,10694,Espanha
393,6   DE JONG,216964,Holanda,1,32,7,2,0,23.9,10333,Espanha
394,7   JANMAAT,319428,Holanda,0,30,9,2,0,28.1,11014,Espanha
395,8   DE GUZMAN,298677,Holanda,0,12,1,0,0,27.2,7259,Espanha
396,9   V. PERSIE,217315,Holanda,4,15,0,1,0,28.8,8400,Espanha
397,10   SNEIJDER,215002,Holanda,2,27,3,0,0,30.2,10854,Espanha
398,11   ROBBEN,184616,Holanda,3,20,2,0,0,31,10283,Espanha
399,13   VELTMAN,313051,Holanda,0,5,0,3,0,27.2,2032,Espanha
400,17   LENS,298681,Holanda,0,5,0,0,0,29.6,1755,Espanha
401,20   WIJNALDUM,319438,Holanda,1,11,2,0,0,28.7,3976,Espanha
402,1   C. BRAVO,202650,Chile,0,35,0,0,3,24.3,5591,Austrália
403,2   MENA,349592,Chile,1,68,3,1,0,30.6,10783,Austrália
404,4   ISLA,228617,Chile,1,72,8,2,0,28.5,10722,Austrália
405,7   ALEXIS,228627,Chile,2,37,3,1,0,31.1,9511,Austrália
406,8   VIDAL,267543,Chile,1,35,2,3,0,26.4,7037,Austrália
407,10   VALDIVIA,202655,Chile,2,31,1,5,0,27,7358,Austrália
408,11   VARGAS,270301,Chile,1,29,1,0,0,26.7,8853,Austrália
409,17   MEDEL,267527,Chile,0,76,5,1,0,25.3,9808,Austrália
410,18   JARA,229439,Chile,0,76,9,0,0,26.3,9921,Austrália
411,20   CH. ARÁNGUIZ,318150,Chile,0,57,5,1,0,29.1,12341,Austrália
412,21   DIAZ,233530,Chile,1,75,3,2,0,26.5,12718,Austrália
413,9   PINILLA,201787,Chile,1,1,0,0,0,20.3,845,Austrália
414,15   BEAUSEJOUR,209502,Chile,1,5,0,0,0,28.3,2997,Austrália
415,16   GUTIÉRREZ,349588,Chile,0,18,0,0,0,27.2,5072,Austrália
416,1   RYAN,339117,Austrália,0,31,0,0,2,17,6196,Chile
417,2   FRANJIC,370062,Austrália,0,18,2,4,0,26.1,5833,Chile
418,3   DAVIDSON,306364,Austrália,0,38,7,1,0,30.9,10639,Chile
419,4   CAHILL,213001,Austrália,5,23,1,1,0,25,10280,Chile
420,5   MILLIGAN,197411,Austrália,1,30,7,4,0,26.7,11312,Chile
421,6   SPIRANOVIC,229051,Austrália,0,29,5,0,0,26.6,10124,Chile
422,7   LECKIE,321697,Austrália,2,34,6,0,0,31.4,10929,Chile
423,11   OAR,306424,Austrália,2,12,2,0,0,27.4,8281,Chile
424,15   JEDINAK,197514,Austrália,0,29,4,0,0,28.7,11720,Chile
425,22   WILKINSON,182620,Austrália,0,21,3,3,0,24.5,10179,Chile
426,23   BRESCIANO,178299,Austrália,3,32,2,1,0,22.3,10107,Chile
427,10   HALLORAN,379164,Austrália,0,4,0,0,0,28.7,3162,Chile
428,14   TROISI,290605,Austrália,0,8,2,1,0,27.6,2539,Chile
429,19   MCGOWAN,306410,Austrália,0,15,3,2,0,27.7,4596,Chile
430,1   OSPINA,228686,Colômbia,0,22,0,0,4,18.8,4446,Grécia
431,2   C. ZAPATA,200209,Colômbia,0,23,3,1,0,29.6,9586,Grécia
432,3   YEPES,3408,Colômbia,0,22,3,2,0,27.4,9500,Grécia
433,6   C. SANCHEZ,280487,Colômbia,0,18,1,4,0,27.8,10606,Grécia
434,7   P. ARMERO,200213,Colômbia,1,18,3,1,0,31.9,8207,Grécia
435,8   AGUILAR T.,198243,Colômbia,1,21,2,4,0,22.7,8465,Grécia
436,9   TEO,309716,Colômbia,1,19,0,1,0,30.2,8333,Grécia
437,10   JAMES,269058,Colômbia,6,46,2,2,0,29.6,10982,Grécia
438,11   CUADRADO,309714,Colômbia,2,31,1,6,0,31.6,10284,Grécia
439,14   IBARBO,349517,Colômbia,0,21,2,4,0,30.3,9938,Grécia
440,18   C. ZUÑIGA,229443,Colômbia,0,56,8,3,0,29.1,9669,Grécia
441,4   ARIAS,315614,Colômbia,1,16,2,0,0,22.5,2515,Grécia
442,15   A. MEJIA,228691,Colômbia,0,12,2,3,0,29.4,2775,Grécia
443,21   JACKSON M.,313832,Colômbia,0,3,1,1,0,24.4,2317,Grécia
444,1   KARNEZIS,228328,Grécia,0,15,0,0,3,14.3,5326,Colômbia
445,2   MANIATIS,321731,Grécia,2,45,1,1,0,30.2,10667,Colômbia
446,4   MANOLAS,323556,Grécia,0,32,2,2,0,28.8,8383,Colômbia
447,7   SAMARAS,297112,Grécia,2,29,4,2,0,30.7,9898,Colômbia
448,8   KONE,360109,Grécia,3,28,3,2,0,28.7,9657,Colômbia
449,14   SALPINGIDIS,215513,Grécia,1,9,0,1,0,28.1,6565,Colômbia
450,15   TOROSIDIS,228336,Grécia,1,43,3,0,0,29.8,9797,Colômbia
451,17   GEKAS,230517,Grécia,1,8,3,0,0,28.1,6455,Colômbia
452,19   SOKRATIS,299090,Grécia,0,35,5,2,0,25.4,8327,Colômbia
453,20   CHOLEVAS,358022,Grécia,1,44,3,1,0,30.5,9509,Colômbia
454,21   KATSOURANIS,214887,Grécia,0,60,5,1,0,30,10618,Colômbia
455,9   MITROGLOU,318768,Grécia,1,10,0,0,0,27.2,3117,Colômbia
456,10   KARAGOUNIS,168832,Grécia,0,10,1,0,0,21,2023,Colômbia
457,18   FETFATZIDIS,358024,Grécia,0,9,4,0,0,25,4518,Colômbia
458,1   F. MUSLERA,229498,Uruguai,0,18,0,0,1,20.7,3176,Costa Rica
459,2   D. LUGANO,239433,Uruguai,0,34,3,1,0,22.7,8978,Costa Rica
460,3   D. GODIN,229499,Uruguai,0,32,7,4,0,25.6,8841,Costa Rica
461,5   W. GARGANO,276131,Uruguai,0,36,1,1,0,26.7,6663,Costa Rica
462,7   C. RODRIGUEZ,216567,Uruguai,0,25,2,1,0,26.3,8127,Costa Rica
463,10   D. FORLAN,189259,Uruguai,3,18,0,0,0,23.9,6813,Costa Rica
464,11   C. STUANI,229506,Uruguai,0,16,4,2,0,26.3,10885,Costa Rica
465,16   M. PEREIRA,286481,Uruguai,0,43,4,1,0,27.4,10071,Costa Rica
466,17   E. AREVALO RIOS,286238,Uruguai,1,53,7,3,0,25,10276,Costa Rica
467,21   E. CAVANI,267834,Uruguai,4,17,1,2,0,28.1,10368,Costa Rica
468,22   M. CACERES,267829,Uruguai,1,54,7,1,0,30.9,9628,Costa Rica
469,8   A. HERNANDEZ,305372,Uruguai,0,2,0,0,0,23.6,1832,Costa Rica
470,14   N. LODEIRO,305378,Uruguai,0,21,2,1,0,20.7,4457,Costa Rica
471,20   A. GONZALEZ,286259,Uruguai,0,18,2,1,0,29.4,4151,Costa Rica
472,1   NAVAS K.,199175,Costa Rica,0,17,0,0,2,24.1,4569,Uruguai
473,3   GONZALEZ G.,268821,Costa Rica,2,23,6,1,0,25.3,10047,Uruguai
474,4   UMAÑA M.,208120,Costa Rica,0,31,4,1,0,25.4,10031,Uruguai
475,5   BORGES C.,236530,Costa Rica,1,35,3,0,0,28.5,11163,Uruguai
476,6   DUARTE O.,312987,Costa Rica,2,45,6,3,0,23.3,10317,Uruguai
477,7   BOLAÑOS C.,183796,Costa Rica,0,14,2,1,0,29.4,10095,Uruguai
478,9   CAMPBELL J.,307529,Costa Rica,4,21,1,0,0,28,8774,Uruguai
479,10   RUIZ B.,214876,Costa Rica,2,27,1,1,0,25.4,9444,Uruguai
480,15   DIAZ J.,209940,Costa Rica,0,35,3,2,0,28.7,10349,Uruguai
481,16   GAMBOA C.,307026,Costa Rica,0,33,4,1,0,30.1,10112,Uruguai
482,17   TEJEDA Y.,307541,Costa Rica,0,28,2,8,0,21.4,9135,Uruguai
483,11   BARRANTES M.,271182,Costa Rica,0,1,0,0,0,23.4,787,Uruguai
484,21   UREÑA M.,270144,Costa Rica,1,0,0,0,0,28,1365,Uruguai
485,22   CUBERO J.,268822,Costa Rica,0,3,1,0,0,22.3,2423,Uruguai
486,1   HART,299956,Inglaterra,0,18,0,0,1,24.1,3629,Itália
487,2   JOHNSON,197464,Inglaterra,2,62,3,0,0,25.4,10326,Itália
488,3   BAINES,305768,Inglaterra,1,48,4,2,0,27.6,9487,Itália
489,4   GERRARD,214961,Inglaterra,1,61,2,0,0,27.8,10588,Itália
490,5   CAHILL,305764,Inglaterra,0,42,5,2,0,29.4,9876,Itália
491,6   JAGIELKA,299960,Inglaterra,0,49,6,0,0,29.2,8972,Itália
492,9   STURRIDGE,306532,Inglaterra,3,19,1,1,0,29,8669,Itália
493,10   ROONEY,196842,Inglaterra,3,28,0,1,0,28.5,11223,Itália
494,11   WELBECK,274034,Inglaterra,1,28,3,1,0,27.9,7033,Itália
495,14   HENDERSON,356189,Inglaterra,2,46,7,0,0,27.4,8580,Itália
496,19   STERLING,336043,Inglaterra,4,32,0,0,0,27,10476,Itália
497,7   WILSHERE,330565,Inglaterra,0,12,0,1,0,27.8,2533,Itália
498,20   LALLANA,361222,Inglaterra,0,6,0,0,0,24.9,1969,Itália
499,21   BARKLEY,369392,Inglaterra,1,16,0,0,0,29.6,3897,Itália
500,12   SIRIGU,298655,Itália,0,34,0,0,4,20.6,3986,Inglaterra
501,3   CHIELLINI,215274,Itália,1,54,6,4,0,26.5,10583,Inglaterra
502,4   DARMIAN,288824,Itália,2,36,0,1,0,29.1,10879,Inglaterra
503,6   CANDREVA,298662,Itália,4,33,0,0,0,30,9128,Inglaterra
504,8   MARCHISIO,298664,Itália,1,35,2,1,0,26.3,11153,Inglaterra
505,9   BALOTELLI,301059,Itália,3,16,0,1,0,29.6,7592,Inglaterra
506,15   BARZAGLI,214377,Itália,0,51,4,0,0,26.3,10158,Inglaterra
507,16   DE ROSSI,209119,Itália,0,105,7,4,0,25.2,10618,Inglaterra
508,20   PALETTA,233333,Itália,0,43,2,1,0,26.1,8955,Inglaterra
509,21   PIRLO,177876,Itália,1,103,3,0,0,20.2,10544,Inglaterra
510,23   VERRATTI,359217,Itália,0,59,0,0,0,28.7,7639,Inglaterra
511,5   THIAGO MOTTA,175689,Itália,0,26,1,0,0,24.9,4289,Inglaterra
512,17   IMMOBILE,306780,Itália,0,4,0,0,0,29.4,2882,Inglaterra
513,18   PAROLO,378836,Itália,0,7,2,0,0,28.8,2062,Inglaterra
514,1   BARRY COPA,178958,Costa do Marfim,0,22,0,0,2,15.1,2204,Japão
515,3   BOKA,198489,Costa do Marfim,3,29,4,1,0,26.7,7343,Japão
516,5   ZOKORA,176971,Costa do Marfim,0,61,4,2,0,24.7,8267,Japão
517,8   KALOU,216970,Costa do Marfim,4,28,4,0,0,29.8,10326,Japão
518,9   TIOTE,291329,Costa do Marfim,0,63,8,3,0,25.2,10291,Japão
519,10   GERVINHO,290186,Costa do Marfim,4,19,3,0,0,30.7,9097,Japão
520,12   B. WILFRIED,353118,Costa do Marfim,4,17,0,0,0,23.4,7862,Japão
521,17   S. AURIER,370522,Costa do Marfim,0,45,8,5,0,27.2,9772,Japão
522,19   TOURE YAYA,198106,Costa do Marfim,2,42,5,0,0,30.7,9898,Japão
523,20   SEREY DIE,367555,Costa do Marfim,0,47,4,1,0,30.7,6348,Japão
524,22   BAMBA,207946,Costa do Marfim,0,61,3,2,0,31,8360,Japão
525,11   DROGBA,212306,Costa do Marfim,2,5,0,0,0,28.1,3424,Japão
526,13   YA KONAN,297839,Costa do Marfim,0,8,0,0,0,26.7,2027,Japão
527,18   DJAKPA,240718,Costa do Marfim,0,9,1,0,0,24.3,2015,Japão
528,1   KAWASHIMA,198117,Japão,0,19,0,0,4,20.5,3696,Costa do Marfim
529,2   UCHIDA,268474,Japão,1,30,10,1,0,27.2,9776,Costa do Marfim
530,4   HONDA,233500,Japão,3,34,3,0,0,25.9,11007,Costa do Marfim
531,5   NAGATOMO,291372,Japão,0,25,6,3,0,31.1,11258,Costa do Marfim
532,6   MORISHIGE,268594,Japão,0,29,5,1,0,26.3,9473,Costa do Marfim
533,9   OKAZAKI,286278,Japão,0,16,2,2,0,29.8,10586,Costa do Marfim
534,10   KAGAWA,268596,Japão,0,40,5,6,0,26.9,10346,Costa do Marfim
535,16   YAMAGUCHI,356466,Japão,1,41,1,1,0,28.5,10346,Costa do Marfim
536,17   HASEBE,289027,Japão,1,25,3,0,0,26.5,6314,Costa do Marfim
537,18   OSAKO,275136,Japão,0,8,0,0,0,27.4,7435,Costa do Marfim
538,22   YOSHIDA,271253,Japão,0,27,5,2,0,29.2,9773,Costa do Marfim
539,7   ENDO,177768,Japão,0,23,0,2,0,29.1,4557,Costa do Marfim
540,11   KAKITANI,275096,Japão,0,1,0,1,0,28.3,935,Costa do Marfim
541,13   OKUBO,180936,Japão,1,6,1,0,0,21,2757,Costa do Marfim
542,1   BENAGLIO,196633,Suíça,0,25,0,1,3,22.7,5291,Equador
543,2   LICHTSTEINER,196605,Suíça,1,53,2,1,0,29.1,11447,Equador
544,5   VON BERGEN,196620,Suíça,0,30,3,0,0,30.5,9063,Equador
545,8   INLER,261029,Suíça,2,55,4,1,0,26.5,11538,Equador
546,10   XHAKA,311558,Suíça,3,43,0,1,0,27.9,12107,Equador
547,11   BEHRAMI,216627,Suíça,1,76,6,2,0,30.5,11513,Equador
548,13   RODRIGUEZ,313559,Suíça,1,40,7,2,0,30.3,10001,Equador
549,14   STOCKER,297331,Suíça,1,9,1,0,0,22.7,5660,Equador
550,19   DRMIC,356399,Suíça,0,11,0,0,0,29.8,8700,Equador
551,20   DJOUROU,216645,Suíça,0,59,7,4,0,27.8,9426,Equador
552,23   SHAQIRI,321653,Suíça,6,44,0,0,0,27.4,10782,Equador
553,9   SEFEROVIC,311554,Suíça,1,4,0,0,0,23.6,2359,Equador
554,18   MEHMEDI,356409,Suíça,2,19,0,0,0,30.3,5749,Equador
555,22   DOMINGUEZ,303419,Equador,0,22,0,0,5,21,3181,Suíça
556,2   GUAGUA,181930,Equador,0,13,2,3,0,27.8,8556,Suíça
557,3   ERAZO,349578,Equador,1,18,4,1,0,24.8,8578,Suíça
558,4   PAREDES,349576,Equador,0,27,6,5,0,29.4,9796,Suíça
559,6   NOBOA,279417,Equador,1,29,3,4,0,25.2,10543,Suíça
560,7   MONTERO,290452,Equador,2,19,1,0,0,27.6,7652,Suíça
561,10   W. AYOVI,184447,Equador,1,52,6,0,0,30.3,9135,Suíça
562,11   CAICEDO,228715,Equador,0,10,2,1,0,31.1,6679,Suíça
563,13   E. VALENCIA,373400,Equador,2,19,3,1,0,30.2,9535,Suíça
564,16   A. VALENCIA,202544,Equador,1,26,0,1,0,29.8,9958,Suíça
565,23   GRUEZO,332827,Equador,1,20,6,2,0,25.9,10490,Suíça
566,9   ROJAS,305972,Equador,0,4,0,0,0,25.9,2099,Suíça
567,15   ARROYO,349574,Equador,1,7,0,0,0,24.7,2719,Suíça
568,1   LLORIS,297105,França,0,18,0,0,1,21.4,4815,Honduras
569,2   DEBUCHY,358011,França,2,52,7,1,0,26.1,10144,Honduras
570,3   EVRA,212246,França,0,58,2,0,0,29.2,9203,Honduras
571,4   VARANE,359440,França,0,53,6,0,0,32.3,9386,Honduras
572,5   SAKHO,274135,França,0,76,7,0,0,23.7,9100,Honduras
573,6   CABAYE,358013,França,2,75,6,0,0,23.8,7816,Honduras
574,8   VALBUENA,297106,França,3,56,1,0,0,27.4,9352,Honduras
575,10   BENZEMA,297103,França,7,30,1,0,0,28.7,9851,Honduras
576,11   GRIEZMANN,336435,França,3,28,2,0,0,27.7,10875,Honduras
577,14   MATUIDI,358014,França,3,81,2,2,0,29.8,11070,Honduras
578,19   POGBA,367388,França,0,43,0,1,0,24.9,7043,Honduras
579,9   GIROUD,358015,França,0,3,0,0,0,24.9,1891,Honduras
580,12   MAVUBA,214571,França,0,26,0,0,0,23.6,3257,Honduras
581,18   SISSOKO,317056,França,0,25,0,0,0,24.6,4383,Honduras
582,18   VALLADARES,178185,Honduras,0,20,0,0,2,11.2,3513,França
583,3   FIGUEROA,213879,Honduras,1,36,7,3,0,27.6,8959,França
584,5   BERNARDEZ,213878,Honduras,0,9,2,1,0,21,4218,França
585,7   EMILIO,230117,Honduras,0,32,2,1,0,29.1,9233,França
586,8   W. PALACIOS,209827,Honduras,1,12,2,1,0,23,4488,França
587,11   BENGTSON,323623,Honduras,0,14,1,0,0,28.3,5241,França
588,13   COSTLY,271414,Honduras,0,14,1,1,0,28.3,10017,França
589,15   ESPINOZA,304934,Honduras,0,19,4,1,0,27.2,10928,França
590,17   NAJAR,330693,Honduras,0,5,0,1,0,31.6,6338,França
591,19   GARRIDO,270400,Honduras,0,27,6,6,0,29.4,11748,França
592,21   BECKELES,339551,Honduras,1,30,3,2,0,28.7,10230,França
593,2   O. CHAVEZ,297230,Honduras,0,10,2,0,0,26.4,4486,França
594,14   BONIEK,237071,Honduras,1,11,1,1,0,26.9,5109,França
595,20   CLAROS,230114,Honduras,0,12,1,0,0,29,4269,França
596,1   ROMERO,266783,Argentina,0,23,0,0,5,20.2,3361,Bósnia e Herzegovina
597,2   GARAY,200130,Argentina,0,57,9,2,0,27,9812,Bósnia e Herzegovina
598,3   CAMPAGNARO,356612,Argentina,0,34,0,1,0,23.3,5132,Bósnia e Herzegovina
599,4   ZABALETA,182379,Argentina,0,38,3,1,0,28.1,10186,Bósnia e Herzegovina
600,7   DI MARIA,266800,Argentina,1,53,2,0,0,31.1,10773,Bósnia e Herzegovina
601,10   MESSI,229397,Argentina,3,52,1,1,0,28.9,8618,Bósnia e Herzegovina
602,11   M. RODRIGUEZ,184291,Argentina,1,27,3,1,0,23.2,5143,Bósnia e Herzegovina
603,14   MASCHERANO,182372,Argentina,1,96,5,2,0,27.6,10705,Bósnia e Herzegovina
604,16   ROJO,318688,Argentina,1,27,7,2,0,31.8,10739,Bósnia e Herzegovina
605,17   F. FERNANDEZ,318034,Argentina,0,54,4,3,0,28.7,9812,Bósnia e Herzegovina
606,20   AGUERO,228528,Argentina,3,9,1,0,0,29.8,8877,Bósnia e Herzegovina
607,5   GAGO,201001,Argentina,0,43,4,1,0,20.5,5851,Bósnia e Herzegovina
608,6   BIGLIA,200133,Argentina,0,3,1,0,0,22.3,909,Bósnia e Herzegovina
609,9   HIGUAIN,271550,Argentina,1,20,2,0,0,30.7,5520,Bósnia e Herzegovina
610,1   BEGOVIĆ,230121,Bósnia e Herzegovina,0,16,0,0,3,15,5024,Argentina
611,3   BIČAKČIĆ,372989,Bósnia e Herzegovina,0,30,2,0,0,29.2,10861,Argentina
612,4   SPAHIĆ,216069,Bósnia e Herzegovina,0,39,7,2,0,29.6,10725,Argentina
613,5   KOLAŠINAC,376230,Bósnia e Herzegovina,0,46,6,4,0,29.6,10647,Argentina
614,7   BEŠIĆ,358101,Bósnia e Herzegovina,2,54,8,3,0,31.2,12271,Argentina
615,8   PJANIĆ,299198,Bósnia e Herzegovina,2,58,6,2,0,28.7,12182,Argentina
616,10   MISIMOVIĆ,216071,Bósnia e Herzegovina,1,27,1,0,0,25.6,8397,Argentina
617,11   DŽEKO,300409,Bósnia e Herzegovina,1,19,1,0,0,29.4,10154,Argentina
618,13   MUJDŽA,299904,Bósnia e Herzegovina,0,28,5,1,0,29.2,7851,Argentina
619,16   LULIĆ,358099,Bósnia e Herzegovina,2,26,4,2,0,29.4,10532,Argentina
620,20   HAJROVIĆ,356403,Bósnia e Herzegovina,4,16,2,0,0,28.3,7832,Argentina
621,9   IBIŠEVIĆ,300411,Bósnia e Herzegovina,1,7,1,0,0,26.5,3255,Argentina
622,18   MEDUNJANIN,233167,Bósnia e Herzegovina,1,23,3,0,0,26.3,2683,Argentina
623,19   VIŠĆA,365747,Bósnia e Herzegovina,2,3,0,0,0,24.8,3078,Argentina
624,1   NEUER,228912,Alemanha,0,25,0,0,4,18.7,4951,Portugal
625,4   HÖWEDES,311148,Alemanha,0,45,5,2,0,30.5,10251,Portugal
626,5   HUMMELS,311150,Alemanha,1,47,7,4,0,32.3,7715,Portugal
627,6   KHEDIRA,196900,Alemanha,1,47,2,0,0,27.9,11261,Portugal
628,8   ÖZIL,305036,Alemanha,1,27,1,0,0,31,7229,Portugal
629,13   MÜLLER,321722,Alemanha,4,22,1,1,0,29.1,10615,Portugal
630,16   LAHM,196748,Alemanha,1,67,7,3,0,28.7,11137,Portugal
631,17   MERTESACKER,207888,Alemanha,0,29,6,0,0,25.2,8969,Portugal
632,18   KROOS,275162,Alemanha,1,69,4,0,0,25.5,11701,Portugal
633,19   GÖTZE,309316,Alemanha,4,35,3,2,0,27.9,11612,Portugal
634,20   BOATENG,299442,Alemanha,0,40,9,1,0,29.2,9519,Portugal
635,9   SCHÜRRLE,306548,Alemanha,0,9,0,0,0,23.7,3288,Portugal
636,10   PODOLSKI,196789,Alemanha,0,10,1,0,0,23.9,1248,Portugal
637,21   MUSTAFI,309308,Alemanha,0,11,1,0,0,24.2,2161,Portugal
638,12   RUI PATRICIO,269768,Portugal,0,20,0,0,2,21.7,5631,Alemanha
639,2   B. ALVES,210213,Portugal,0,48,2,2,0,27.6,9809,Alemanha
640,3   PEPE,275931,Portugal,0,18,6,1,0,27.2,3977,Alemanha
641,4   MIGUEL,200201,Portugal,1,23,5,1,0,27.7,5541,Alemanha
642,5   F. COENTRÃO,269784,Portugal,0,30,5,1,0,32.2,6734,Alemanha
643,7   RONALDO,201200,Portugal,7,26,0,1,0,30,9134,Alemanha
644,8   J. MOUTINHO,200199,Portugal,0,46,5,2,0,23.8,10921,Alemanha
645,9   H. ALMEIDA,214410,Portugal,1,4,0,0,0,24.5,2948,Alemanha
646,16   R. MEIRELES,210214,Portugal,0,49,3,1,0,29.6,10852,Alemanha
647,17   NANI,254167,Portugal,3,37,3,3,0,27,10527,Alemanha
648,21   J. PEREIRA,214407,Portugal,0,34,3,1,0,26.3,10716,Alemanha
649,11   ÉDER,359436,Portugal,2,23,3,0,0,28.7,6805,Alemanha
650,13   R. COSTA,210212,Portugal,0,21,3,2,0,27.2,4996,Alemanha
651,19   A. ALMEIDA,375453,Portugal,0,12,0,0,0,25.2,3283,Alemanha
652,12   A. HAGHIGHI,346763,Irã,0,13,0,0,4,20.6,4589,Nigéria
653,2   KH. HEYDARI,306206,Irã,0,12,3,1,0,30.3,11577,Nigéria
654,3   HAJI SAFI,288961,Irã,1,22,2,4,0,25.9,10825,Nigéria
655,4   J. HOSSEINI,278072,Irã,0,16,10,2,0,29.1,9061,Nigéria
656,5   AMIRHOSSEIN,213124,Irã,0,16,6,0,0,23.5,9105,Nigéria
657,6   J. NEKOUNAM,185641,Irã,0,27,8,0,0,26.5,10808,Nigéria
658,14   ANDRANIK,237949,Irã,2,20,4,9,0,30.2,10974,Nigéria
659,15   MONTAZERI,251481,Irã,0,24,5,2,0,27.4,10349,Nigéria
660,16   REZA,362641,Irã,4,13,2,2,0,28,10266,Nigéria
661,21   DEJAGAH,196812,Irã,0,12,2,1,0,27.8,8898,Nigéria
662,23   MEHRDAD,267344,Irã,0,13,3,6,0,28.9,9469,Nigéria
663,7   MASOUD. SH,213170,Irã,0,1,0,0,0,23.4,407,Nigéria
664,9   ALIREZA,379886,Irã,0,3,0,2,0,22.1,1965,Nigéria
665,1   ENYEAMA,189300,Nigéria,0,24,0,0,1,14,2829,Irã
666,5   AMBROSE,273291,Nigéria,0,56,4,0,0,30.1,9756,Irã
667,7   MUSA,344714,Nigéria,1,12,1,3,0,31.2,9451,Irã
668,9   EMENIKE,364763,Nigéria,2,9,0,2,0,27,9246,Irã
669,10   MIKEL,234463,Nigéria,1,65,5,4,0,23.2,9632,Irã
670,11   MOSES,274090,Nigéria,1,7,0,0,0,31.4,5833,Irã
671,13   OSHANIWA,356712,Nigéria,0,39,4,2,0,26.3,9697,Irã
672,14   OBOABONA,356459,Nigéria,0,24,0,0,0,25.2,2628,Irã
673,15   AZEEZ,315436,Nigéria,0,40,2,0,0,25.7,9131,Irã
674,17   ONAZI,315429,Nigéria,3,84,12,5,0,29.1,9793,Irã
675,22   OMERUO,315424,Nigéria,0,56,6,0,0,28.7,8864,Irã
676,2   YOBO,178403,Nigéria,0,33,3,2,0,27.2,5986,Irã
677,8   ODEMWINGIE,214228,Nigéria,0,10,0,0,0,26.3,2926,Irã
678,23   AMEOBI,186455,Nigéria,2,5,0,0,0,24.9,4339,Irã
679,12   KWARASEY,353237,Gana,0,22,0,0,4,16.9,4427,EUA
680,3   A. GYAN,208353,Gana,5,12,0,0,0,28,9169,EUA
681,4   D. OPARE,269071,Gana,0,58,9,1,0,28.5,9723,EUA
682,7   ATSU,355997,Gana,4,35,1,0,0,28.5,9481,EUA
683,10   A. AYEW,294620,Gana,2,24,2,1,0,29,10885,EUA
684,11   MUNTARI,183000,Gana,2,53,2,3,0,26.3,11354,EUA
685,13   J. AYEW,353235,Gana,1,15,0,1,0,28.5,7356,EUA
686,17   RABIU,311850,Gana,0,30,2,1,0,28.1,9429,EUA
687,19   JONATHAN,306634,Gana,1,52,9,3,0,27.6,9967,EUA
688,20   K. ASAMOAH,294619,Gana,1,67,9,1,0,29.1,10083,EUA
689,21   BOYE,298582,Gana,2,40,8,0,0,30.2,9943,EUA
690,5   ESSIEN,175524,Gana,1,16,2,2,0,26.3,2660,EUA
691,9   PRINCE,196897,Gana,2,13,0,0,0,30.9,3945,EUA
692,14   ADOMAH,364707,Gana,0,8,0,0,0,26.5,2158,EUA
693,1   HOWARD,178420,EUA,0,35,0,0,3,12.9,4685,Gana
694,4   BRADLEY,233531,EUA,0,42,3,0,0,27.8,12730,Gana
695,5   BESLER,367433,EUA,0,14,3,1,0,25.4,5339,Gana
696,7   BEASLEY,175498,EUA,0,31,5,1,0,28.7,10485,Gana
697,8   DEMPSEY,207851,EUA,2,19,1,0,0,28.8,10699,Gana
698,11   BEDOYA,296273,EUA,2,11,1,3,0,27.8,10133,Gana
699,13   JONES,183893,EUA,1,19,1,4,0,31.4,11203,Gana
700,15   BECKERMAN,175512,EUA,0,24,3,6,0,25.3,11487,Gana
701,17   ALTIDORE,238072,EUA,1,3,0,0,0,23.5,2437,Gana
702,20   CAMERON,321971,EUA,0,27,8,0,0,27.6,10224,Gana
703,23   JOHNSON,311174,EUA,0,26,2,0,0,29.8,11110,Gana
704,6   BROOKS,373555,EUA,1,11,2,0,0,26.9,4977,Gana
705,9   JOHANNSSON,367347,EUA,1,12,1,0,0,26.5,9091,Gana
706,19   ZUSI,360728,EUA,0,7,1,0,0,24.3,2382,Gana
707,1   COURTOIS,358106,Bélgica,0,14,0,0,0,16.4,3449,Argélia
708,2   ALDERWEIRELD,290864,Bélgica,0,52,5,3,0,23,10874,Argélia
709,4   KOMPANY,216004,Bélgica,0,71,5,0,0,22.7,10226,Argélia
710,5   VERTONGHEN,290904,Bélgica,2,56,2,3,0,25.8,9146,Argélia
711,6   WITSEL,290821,Bélgica,3,79,5,4,0,22.1,11108,Argélia
712,7   DE BRUYNE,358120,Bélgica,1,46,3,1,0,24.9,11687,Argélia
713,9   LUKAKU,358112,Bélgica,0,10,0,2,0,26.5,6135,Argélia
714,10   E.HAZARD,273996,Bélgica,0,38,1,0,0,28.1,10385,Argélia
715,15   VAN BUYTEN,375523,Bélgica,2,86,10,1,0,29.9,9654,Argélia
716,19   DEMBELE,290825,Bélgica,1,48,5,2,0,24.7,7541,Argélia
717,22   CHADLI,358108,Bélgica,3,27,0,2,0,25.2,5775,Argélia
718,8   FELLAINI,290902,Bélgica,2,6,0,0,0,27.8,4077,Argélia
719,14   MERTENS,358114,Bélgica,1,11,3,1,0,26.9,5451,Argélia
720,17   ORIGI,379911,Bélgica,1,3,0,1,0,30.1,4458,Argélia
721,23   RAIS,323326,Argélia,0,14,0,0,6,11.3,3319,Bélgica
722,2   BOUGUERRA,215208,Argélia,0,29,5,1,0,28.7,10393,Bélgica
723,3   GHOULAM,364088,Argélia,0,27,4,2,0,30.5,10585,Bélgica
724,5   HALLICHE,296827,Argélia,0,21,3,1,0,26.7,10496,Bélgica
725,10   FEGHOULI,319358,Argélia,1,11,3,1,0,27,10542,Bélgica
726,12   MEDJANI,239237,Argélia,1,13,3,2,0,25.8,9976,Bélgica
727,14   BENTALEB,379939,Argélia,0,21,4,4,0,21.9,10924,Bélgica
728,15   SOUDANI,296994,Argélia,0,6,3,4,0,24.9,8487,Bélgica
729,19   TAIDER,366573,Argélia,0,21,4,3,0,25.6,12735,Bélgica
730,21   MAHREZ,379942,Argélia,1,12,4,3,0,23.9,8740,Bélgica
731,22   MOSTEFA,354873,Argélia,0,17,3,3,0,28.3,9740,Bélgica
732,8   LACEN,321682,Argélia,0,7,0,0,0,26.1,2850,Bélgica
733,9   GHILAS,367261,Argélia,0,2,0,0,0,23.7,1223,Bélgica
734,13   SLIMANI,354859,Argélia,0,5,0,0,0,27.7,3462,Bélgica
735,12   JULIO CESAR,179038,Brasil,0,14,0,0,2,14.5,3395,México
736,2   DANI ALVES,190962,Brasil,0,49,0,3,0,26.1,10138,México
737,3   T SILVA,289964,Brasil,1,43,10,3,0,29.6,7791,México
738,4   DAVID LUIZ,271043,Brasil,1,37,5,2,0,25.4,8257,México
739,6   MARCELO,218284,Brasil,1,54,4,3,0,28.5,9205,México
740,8   PAULINHO,362727,Brasil,2,21,0,0,0,26.8,10341,México
741,9   FRED,233952,Brasil,2,6,0,0,0,27.8,6490,México
742,10   NEYMAR JR,314197,Brasil,3,27,4,1,0,27.2,9401,México
743,11   OSCAR,312868,Brasil,2,35,3,5,0,24.8,8093,México
744,16   RAMIRES,298959,Brasil,0,10,0,2,0,27.8,5334,México
745,17   L GUSTAVO,367918,Brasil,1,35,9,4,0,31.4,9911,México
746,19   WILLIAN,218306,Brasil,0,4,1,0,0,31.1,1105,México
747,20   BERNARD,356669,Brasil,0,14,0,0,0,31.8,5461,México
748,21   JÔ,217172,Brasil,1,3,0,0,0,23.3,2433,México
749,13   G OCHOA,215285,México,0,15,0,0,6,17.5,3977,Brasil
750,2   F RODRIGUEZ,209960,México,0,28,6,3,0,27.4,9189,Brasil
751,4   R MARQUEZ,178119,México,0,29,8,3,0,25.5,8759,Brasil
752,6   H HERRERA,329092,México,2,43,6,3,0,25.3,8882,Brasil
753,7   M LAYUN,371044,México,2,26,6,2,0,28.7,10031,Brasil
754,10   G DOS SANTOS,234551,México,2,18,2,1,0,28.7,8080,Brasil
755,15   H MORENO,238112,México,0,25,10,2,0,29,8955,Brasil
756,18   A GUARDADO,251352,México,3,29,2,1,0,30.9,10910,Brasil
757,19   O PERALTA,227851,México,0,15,3,3,0,23.9,6894,Brasil
758,22   P AGUILAR,289195,México,0,26,1,4,0,29.1,9340,Brasil
759,23   J VAZQUEZ,379264,México,2,38,5,2,0,28.1,9997,Brasil
760,8   M FABIAN,319311,México,0,5,1,0,0,31.8,1919,Brasil
761,9   R JIMENEZ,356731,México,1,0,1,0,0,23.8,1142,Brasil
762,14   J HERNANDEZ,228599,México,1,2,0,0,0,30.9,2165,Brasil
763,1   AKINFEEV,215017,Rússia,0,16,0,0,4,17.9,2783,Coreia do Sul
764,4   IGNASHEVICH,186787,Rússia,1,55,3,2,0,26.8,9660,Coreia do Sul
765,8   GLUSHAKOV,358049,Rússia,1,18,3,2,0,26.5,8645,Coreia do Sul
766,9   KOKORIN,358048,Rússia,3,18,1,1,0,27.6,11515,Coreia do Sul
767,14   V. BEREZUTSKIY,186793,Rússia,1,58,9,0,0,23.4,10513,Coreia do Sul
768,17   SHATOV,358891,Rússia,0,19,4,1,0,25,7794,Coreia do Sul
769,18   ZHIRKOV,216432,Rússia,1,18,2,0,0,28.7,8370,Coreia do Sul
770,19   SAMEDOV,216435,Rússia,1,34,2,0,0,25.6,11017,Coreia do Sul
771,20   FAYZULIN,300235,Rússia,1,40,4,1,0,25.2,11622,Coreia do Sul
772,22   ESHCHENKO,358893,Rússia,2,61,6,4,0,28.9,10886,Coreia do Sul
773,23   D. KOMBAROV,300237,Rússia,1,38,6,0,0,25.9,10907,Coreia do Sul
774,7   DENISOV,216438,Rússia,1,18,4,1,0,20.5,2976,Coreia do Sul
775,10   DZAGOEV,302539,Rússia,2,13,2,0,0,23.9,4469,Coreia do Sul
776,11   KERZHAKOV,186808,Rússia,1,2,0,0,0,27.2,2656,Coreia do Sul
777,1   S R JUNG,198546,Coreia do Sul,0,9,0,0,4,13.4,3400,Rússia
778,3   S Y YUN,274283,Coreia do Sul,0,36,9,1,0,27.4,10001,Rússia
779,5   Y G KIM,375754,Coreia do Sul,1,57,8,0,0,25.5,8947,Rússia
780,9   H M SON,307849,Coreia do Sul,3,18,2,0,0,26.7,9139,Rússia
781,10   C Y PARK,207761,Coreia do Sul,0,14,0,1,0,24.9,6385,Rússia
782,12   Y LEE,363578,Coreia do Sul,0,44,4,1,0,27.2,10074,Rússia
783,13   J C KOO,291393,Coreia do Sul,2,28,2,3,0,28,11339,Rússia
784,14   K Y HAN,274329,Coreia do Sul,0,47,7,3,0,25,11357,Rússia
785,16   S Y KI,268406,Coreia do Sul,1,67,8,3,0,25,10712,Rússia
786,17   C Y LEE,268414,Coreia do Sul,1,45,3,0,0,28.3,11318,Rússia
787,20   J H HONG,312679,Coreia do Sul,1,36,6,0,0,24.7,6783,Rússia
788,6   S H HWANG,356518,Coreia do Sul,0,8,1,0,0,22.4,2299,Rússia
789,7   B K KIM,291389,Coreia do Sul,0,5,1,0,0,22,1487,Rússia
790,11   K H LEE,268149,Coreia do Sul,1,12,0,1,0,26.9,4896,Rússia
791,1   RYAN,339117,Austrália,0,29,0,0,7,21.5,6252,Holanda
792,3   DAVIDSON,306364,Austrália,0,33,5,2,0,27.8,11188,Holanda
793,4   CAHILL,213001,Austrália,2,16,1,1,0,25.4,8246,Holanda
794,6   SPIRANOVIC,229051,Austrália,1,54,6,0,0,23,11035,Holanda
795,7   LECKIE,321697,Austrália,2,27,4,1,0,29.1,11304,Holanda
796,11   OAR,306424,Austrália,0,9,2,2,0,30,9985,Holanda
797,15   JEDINAK,197514,Austrália,2,34,5,0,0,25.4,11863,Holanda
798,17   MCKAY,197409,Austrália,0,37,4,0,0,28,12722,Holanda
799,19   MCGOWAN,306410,Austrália,0,48,2,3,0,26.7,10323,Holanda
800,22   WILKINSON,182620,Austrália,0,50,4,0,0,22.7,10415,Holanda
801,23   BRESCIANO,178299,Austrália,2,24,0,0,0,21.7,6484,Holanda
802,9   TAGGART,368902,Austrália,0,0,0,0,0,21.7,1816,Holanda
803,10   HALLORAN,379164,Austrália,0,3,0,1,0,28.3,3267,Holanda
804,13   BOZANIC,312234,Austrália,1,12,1,0,0,23.5,5662,Holanda
805,1   CILLESSEN,358738,Holanda,0,22,0,0,2,18.9,5300,Austrália
806,2   VLAAR,216715,Holanda,1,42,3,1,0,22.7,10259,Austrália
807,3   DE VRIJ,313021,Holanda,0,53,5,0,0,28.5,10078,Austrália
808,4   MARTINS INDI,358736,Holanda,0,24,2,1,0,27.8,5425,Austrália
809,5   BLIND,319432,Holanda,0,52,4,0,0,27.5,10928,Austrália
810,6   DE JONG,216964,Holanda,1,30,8,4,0,25,10950,Austrália
811,7   JANMAAT,319428,Holanda,0,38,8,2,0,28.3,11314,Austrália
812,8   DE GUZMAN,298677,Holanda,0,33,2,0,0,26.5,9918,Austrália
813,9   V. PERSIE,217315,Holanda,4,11,0,0,0,27.2,10390,Austrália
814,10   SNEIJDER,215002,Holanda,2,42,4,1,0,25.8,11489,Austrália
815,11   ROBBEN,184616,Holanda,5,14,2,0,0,28.7,10836,Austrália
816,17   LENS,298681,Holanda,1,0,0,1,0,25.2,888,Austrália
817,20   WIJNALDUM,319438,Holanda,0,3,1,0,0,19.5,1930,Austrália
818,21   MEMPHIS,336098,Holanda,1,20,0,1,0,29.2,5378,Austrália
819,1   I. CASILLAS,176644,Espanha,0,20,0,0,2,23.9,3160,Chile
820,4   JAVI MARTÍNEZ,270714,Espanha,0,46,4,1,0,31.6,9525,Chile
821,6   A. INIESTA,183857,Espanha,1,51,2,0,0,23.9,9971,Chile
822,11   PEDRO,318601,Espanha,0,23,2,2,0,29.4,8480,Chile
823,14   ALONSO,207528,Espanha,2,33,2,3,0,25.2,5645,Chile
824,15   RAMOS,216814,Espanha,4,60,10,1,0,28.8,10271,Chile
825,16   SERGIO,303034,Espanha,1,59,7,0,0,23.9,10865,Chile
826,18   JORDI ALBA,306954,Espanha,2,66,4,0,0,31.4,11005,Chile
827,19   DIEGO COSTA,367920,Espanha,2,9,0,0,0,25.4,6630,Chile
828,21   SILVA,200176,Espanha,0,58,9,1,0,28.3,11604,Chile
829,22   AZPILICUETA,270948,Espanha,0,61,4,0,0,31.6,10148,Chile
830,9   TORRES,183864,Espanha,0,9,0,0,0,23.9,3421,Chile
831,17   KOKE,313410,Espanha,1,66,5,2,0,25,6201,Chile
832,20   S. CAZORLA,297705,Espanha,2,18,1,0,0,21.9,2341,Chile
833,1   C. BRAVO,202650,Chile,0,23,0,0,6,19.9,5813,Espanha
834,2   MENA,349592,Chile,0,31,8,0,0,28,11157,Espanha
835,4   ISLA,228617,Chile,1,36,4,1,0,28.7,10899,Espanha
836,5   SILVA,349582,Chile,0,37,9,1,0,26.3,10944,Espanha
837,7   ALEXIS,228627,Chile,1,21,6,0,0,30.5,10164,Espanha
838,8   VIDAL,267543,Chile,0,32,5,0,0,24.5,11240,Espanha
839,11   VARGAS,270301,Chile,2,21,3,0,0,27.7,9345,Espanha
840,17   MEDEL,267527,Chile,0,32,11,2,0,25.6,9763,Espanha
841,18   JARA,229439,Chile,1,42,7,1,0,29.6,10219,Espanha
842,20   CH. ARÁNGUIZ,318150,Chile,1,11,3,1,0,26.3,8274,Espanha
843,21   DIAZ,233530,Chile,0,33,6,2,0,25.9,12590,Espanha
844,6   CARMONA,229436,Chile,0,2,0,0,0,23.4,1232,Espanha
845,10   VALDIVIA,202655,Chile,0,1,0,0,0,25.2,1379,Espanha
846,16   GUTIÉRREZ,349588,Chile,1,10,0,0,0,22.8,4579,Espanha
847,16   ITANJDE,216990,Camarões,0,21,0,0,6,16.5,3328,Croácia
848,2   ASSOU EKOTTO,306180,Camarões,0,33,5,0,0,30.3,9370,Croácia
849,3   NKOULOU,290931,Camarões,0,30,2,1,0,31.1,8262,Croácia
850,6   SONG,200261,Camarões,1,20,2,0,0,22.4,4209,Croácia
851,8   MOUKANDJO,296118,Camarões,2,19,2,0,0,30.7,9542,Croácia
852,10   ABOUBAKAR,323698,Camarões,5,15,1,2,0,29.4,6861,Croácia
853,13   CHOUPO-MOTING,312316,Camarões,2,14,3,0,0,24.9,7601,Croácia
854,14   CHEDJOU,278732,Camarões,0,17,3,1,0,23.2,4186,Croácia
855,17   MBIA,200935,Camarões,3,34,3,1,0,28.5,10377,Croácia
856,18   ENOH,310048,Camarões,1,23,1,3,0,27.2,10019,Croácia
857,21   MATIP,320375,Camarões,0,24,3,2,0,30.9,9351,Croácia
858,5   NOUNKEU,200259,Camarões,2,12,2,1,0,31.6,4957,Croácia
859,15   WEBO,214135,Camarões,2,3,1,0,0,24.3,2340,Croácia
860,20   SALLI,336791,Camarões,0,8,1,2,0,26.1,2175,Croácia
861,1   PLETIKOSA,179048,Croácia,0,25,0,0,1,17,3179,Camarões
862,3   PRANJIĆ,210702,Croácia,1,47,4,6,0,27.9,9510,Camarões
863,4   PERIŠIĆ,359381,Croácia,3,14,1,0,0,31.8,8450,Camarões
864,5   CORLUKA,297373,Croácia,0,38,3,0,0,25.4,8566,Camarões
865,6   LOVREN,312432,Croácia,0,38,3,1,0,23.9,8957,Camarões
866,7   RAKITIĆ,296633,Croácia,2,52,7,2,0,29.6,10161,Camarões
867,10   MODRIĆ,241559,Croácia,1,39,3,2,0,27.6,9046,Camarões
868,11   SRNA,210704,Croácia,3,36,1,3,0,33,9945,Camarões
869,17   MANDŽUKIĆ,375518,Croácia,4,15,1,1,0,29.9,9895,Camarões
870,18   OLIĆ,187258,Croácia,3,12,3,5,0,29.8,8511,Camarões
871,19   SAMMIR,359375,Croácia,2,23,1,3,0,30.9,8215,Camarões
872,16   REBIĆ,369058,Croácia,1,3,1,0,0,27.6,1743,Camarões
873,20   KOVAČIĆ,339987,Croácia,0,11,0,1,0,29,2458,Camarões
874,22   EDUARDO,214384,Croácia,1,8,0,1,0,29.1,2829,Camarões
875,1   OSPINA,228686,Colômbia,0,17,0,1,4,21.6,3641,Costa do Marfim
876,2   C. ZAPATA,200209,Colômbia,0,27,5,0,0,27.8,9055,Costa do Marfim
877,3   YEPES,3408,Colômbia,1,27,6,2,0,24.1,9174,Costa do Marfim
878,6   C. SANCHEZ,280487,Colômbia,1,28,3,3,0,30.7,10087,Costa do Marfim
879,7   P. ARMERO,200213,Colômbia,0,28,6,0,0,30.2,7753,Costa do Marfim
880,8   AGUILAR T.,198243,Colômbia,0,30,2,3,0,25,9282,Costa do Marfim
881,9   TEO,309716,Colômbia,3,14,0,0,0,30.7,9529,Costa do Marfim
882,10   JAMES,269058,Colômbia,2,35,4,3,0,29.6,10323,Costa do Marfim
883,11   CUADRADO,309714,Colômbia,2,25,1,2,0,30.2,9683,Costa do Marfim
884,14   IBARBO,349517,Colômbia,0,9,1,2,0,30.5,5748,Costa do Marfim
885,18   C. ZUÑIGA,229443,Colômbia,0,32,3,0,0,30.5,8991,Costa do Marfim
886,4   ARIAS,315614,Colômbia,0,8,1,1,0,26.9,2512,Costa do Marfim
887,15   A. MEJIA,228691,Colômbia,0,1,0,1,0,24.2,1534,Costa do Marfim
888,20   QUINTERO,356704,Colômbia,2,11,1,0,0,22.5,4758,Costa do Marfim
889,1   BARRY COPA,178958,Costa do Marfim,0,13,0,0,4,28.1,2290,Colômbia
890,3   BOKA,198489,Costa do Marfim,0,33,0,3,0,30,8402,Colômbia
891,5   ZOKORA,176971,Costa do Marfim,0,51,5,1,0,30.3,7747,Colômbia
892,9   TIOTE,291329,Costa do Marfim,2,58,7,5,0,29.8,10062,Colômbia
893,10   GERVINHO,290186,Costa do Marfim,1,28,4,0,0,29.2,9094,Colômbia
894,12   B. WILFRIED,353118,Costa do Marfim,0,9,1,1,0,24.6,6059,Colômbia
895,15   GRADEL,353119,Costa do Marfim,1,15,2,0,0,28,7745,Colômbia
896,17   S. AURIER,370522,Costa do Marfim,3,32,4,4,0,33.5,9570,Colômbia
897,19   TOURE YAYA,198106,Costa do Marfim,4,43,2,2,0,24.5,9767,Colômbia
898,20   SEREY DIE,367555,Costa do Marfim,1,41,5,2,0,30.7,7260,Colômbia
899,22   BAMBA,207946,Costa do Marfim,0,39,7,0,0,26.5,8173,Colômbia
900,6   BOLLY,370523,Costa do Marfim,1,5,0,0,0,27.2,2929,Colômbia
901,8   KALOU,216970,Costa do Marfim,1,7,1,0,0,28.5,2541,Colômbia
902,11   DROGBA,212306,Costa do Marfim,1,3,0,0,0,26.9,3058,Colômbia
903,1   F. MUSLERA,229498,Uruguai,0,7,0,0,5,13.8,3195,Inglaterra
904,3   D. GODIN,229499,Uruguai,0,6,2,2,0,30.5,9152,Inglaterra
905,6   A. PEREIRA,229502,Uruguai,0,22,2,7,0,33.1,9078,Inglaterra
906,7   C. RODRIGUEZ,216567,Uruguai,1,15,3,4,0,32,10688,Inglaterra
907,9   L. SUAREZ,270775,Uruguai,6,16,2,3,0,25.8,8571,Inglaterra
908,13   J.M. GIMENEZ,368655,Uruguai,0,11,5,6,0,30.9,8711,Inglaterra
909,14   N. LODEIRO,305378,Uruguai,0,19,4,2,0,23,9387,Inglaterra
910,17   E. AREVALO RIOS,286238,Uruguai,0,18,6,5,0,27.6,9732,Inglaterra
911,20   A. GONZALEZ,286259,Uruguai,1,18,3,4,0,29.1,9471,Inglaterra
912,21   E. CAVANI,267834,Uruguai,2,20,1,0,0,28.7,11334,Inglaterra
913,22   M. CACERES,267829,Uruguai,0,25,1,4,0,27.2,9984,Inglaterra
914,4   J. FUCILE,276132,Uruguai,0,1,0,1,0,24.6,1689,Inglaterra
915,11   C. STUANI,229506,Uruguai,0,5,0,1,0,27.9,3547,Inglaterra
916,19   S. COATES,305382,Uruguai,0,2,1,0,0,31.6,820,Inglaterra
917,1   HART,299956,Inglaterra,0,22,0,0,3,22.4,4448,Uruguai
918,2   JOHNSON,197464,Inglaterra,0,59,3,0,0,29.4,10246,Uruguai
919,3   BAINES,305768,Inglaterra,0,55,2,1,0,29.8,9697,Uruguai
920,4   GERRARD,214961,Inglaterra,1,42,3,2,0,23.9,10660,Uruguai
921,5   CAHILL,305764,Inglaterra,0,40,4,2,0,26.9,9850,Uruguai
922,6   JAGIELKA,299960,Inglaterra,1,43,6,1,0,26.9,9217,Uruguai
923,9   STURRIDGE,306532,Inglaterra,5,19,0,0,0,29.9,8806,Uruguai
924,10   ROONEY,196842,Inglaterra,5,23,0,0,0,30.7,10361,Uruguai
925,11   WELBECK,274034,Inglaterra,0,18,0,0,0,28.7,7334,Uruguai
926,14   HENDERSON,356189,Inglaterra,1,54,3,1,0,26.1,9488,Uruguai
927,19   STERLING,336043,Inglaterra,0,16,0,2,0,27,6975,Uruguai
928,18   LAMBERT,373224,Inglaterra,0,0,0,0,0,16.9,803,Uruguai
929,20   LALLANA,361222,Inglaterra,0,13,4,1,0,31.2,2867,Uruguai
930,21   BARKLEY,369392,Inglaterra,0,11,1,1,0,30.2,3472,Uruguai
931,1   KAWASHIMA,198117,Japão,0,25,0,0,4,14.5,3397,Grécia
932,2   UCHIDA,268474,Japão,1,38,3,3,0,30,10006,Grécia
933,4   HONDA,233500,Japão,4,62,0,1,0,29.6,9796,Grécia
934,5   NAGATOMO,291372,Japão,0,52,2,0,0,30.7,11167,Grécia
935,9   OKAZAKI,286278,Japão,0,13,1,0,0,30.1,9429,Grécia
936,13   OKUBO,180936,Japão,4,21,0,3,0,25.6,10123,Grécia
937,15   KONNO,184373,Japão,0,78,4,1,0,26.9,8841,Grécia
938,16   YAMAGUCHI,356466,Japão,1,88,6,1,0,28.9,9013,Grécia
939,17   HASEBE,289027,Japão,0,43,1,1,0,23,5060,Grécia
940,18   OSAKO,275136,Japão,3,11,0,0,0,25.9,6246,Grécia
941,22   YOSHIDA,271253,Japão,1,64,5,0,0,27.6,9770,Grécia
942,7   ENDO,177768,Japão,2,53,1,1,0,23.8,4823,Grécia
943,10   KAGAWA,268596,Japão,0,22,1,1,0,28.5,4361,Grécia
944,1   KARNEZIS,228328,Grécia,0,11,0,0,5,19,4604,Japão
945,2   MANIATIS,321731,Grécia,0,22,3,0,0,29.4,10378,Japão
946,4   MANOLAS,323556,Grécia,0,8,5,2,0,30.5,8092,Japão
947,7   SAMARAS,297112,Grécia,2,11,3,5,0,29.4,9550,Japão
948,8   KONE,360109,Grécia,2,6,0,1,0,30.3,9116,Japão
949,9   MITROGLOU,318768,Grécia,1,1,0,0,0,26.3,3653,Japão
950,15   TOROSIDIS,228336,Grécia,2,16,9,1,0,29.1,9371,Japão
951,18   FETFATZIDIS,358024,Grécia,0,10,2,3,0,29.1,4479,Japão
952,19   SOKRATIS,299090,Grécia,0,12,6,0,0,25.7,8457,Japão
953,20   CHOLEVAS,358022,Grécia,1,18,7,1,0,29.9,9307,Japão
954,21   KATSOURANIS,214887,Grécia,0,8,1,4,0,21.4,4056,Japão
955,10   KARAGOUNIS,168832,Grécia,0,12,3,4,0,24.9,6284,Japão
956,14   SALPINGIDIS,215513,Grécia,0,1,1,0,0,20.5,1797,Japão
957,17   GEKAS,230517,Grécia,1,8,0,0,0,28.3,6419,Japão
958,1   BUFFON,159304,Itália,0,35,0,0,4,22.5,5018,Costa Rica
959,3   CHIELLINI,215274,Itália,0,66,8,5,0,30.3,9883,Costa Rica
960,4   DARMIAN,288824,Itália,1,38,2,1,0,23.6,10569,Costa Rica
961,5   THIAGO MOTTA,175689,Itália,1,31,0,0,0,24.9,5441,Costa Rica
962,6   CANDREVA,298662,Itália,1,9,1,0,0,29.2,6276,Costa Rica
963,7   ABATE,228936,Itália,0,30,4,0,0,31.5,9429,Costa Rica
964,8   MARCHISIO,298664,Itália,0,23,1,3,0,27.4,7927,Costa Rica
965,9   BALOTELLI,301059,Itália,3,10,0,1,0,29.6,8523,Costa Rica
966,15   BARZAGLI,214377,Itália,0,75,5,1,0,29.1,9859,Costa Rica
967,16   DE ROSSI,209119,Itália,0,97,8,2,0,22.5,10203,Costa Rica
968,21   PIRLO,177876,Itália,1,76,4,2,0,22.5,10079,Costa Rica
969,10   CASSANO,177927,Itália,2,15,2,0,0,25.7,4252,Costa Rica
970,11   CERCI,228942,Itália,0,4,0,0,0,24.6,2366,Costa Rica
971,22   INSIGNE,359235,Itália,1,13,4,0,0,25.6,4650,Costa Rica
972,1   NAVAS K.,199175,Costa Rica,0,18,0,0,4,17,4638,Itália
973,3   GONZALEZ G.,268821,Costa Rica,1,20,7,4,0,29.7,9349,Itália
974,4   UMAÑA M.,208120,Costa Rica,0,31,10,5,0,25,9624,Itália
975,5   BORGES C.,236530,Costa Rica,2,38,5,0,0,23.6,11060,Itália
976,6   DUARTE O.,312987,Costa Rica,1,25,3,3,0,29.1,9843,Itália
977,7   BOLAÑOS C.,183796,Costa Rica,2,35,3,1,0,31.1,10376,Itália
978,9   CAMPBELL J.,307529,Costa Rica,0,12,2,1,0,28,7077,Itália
979,10   RUIZ B.,214876,Costa Rica,2,30,1,1,0,25.7,9230,Itália
980,15   DIAZ J.,209940,Costa Rica,0,34,5,6,0,28.5,10107,Itália
981,16   GAMBOA C.,307026,Costa Rica,0,22,5,3,0,26.1,10270,Itália
982,17   TEJEDA Y.,307541,Costa Rica,0,28,6,5,0,26.6,8497,Itália
983,14   BRENES R.,237058,Costa Rica,1,4,1,0,0,25.3,1534,Itália
984,21   UREÑA M.,270144,Costa Rica,1,1,1,0,0,28.7,2087,Itália
985,22   CUBERO J.,268822,Costa Rica,0,6,2,2,0,27.4,3414,Itália
986,1   BENAGLIO,196633,Suíça,0,13,0,0,8,14.9,4775,França
987,2   LICHTSTEINER,196605,Suíça,0,41,4,1,0,29.4,10274,França
988,5   VON BERGEN,196620,Suíça,0,2,1,0,0,22.8,732,França
989,8   INLER,261029,Suíça,2,63,7,0,0,27.9,10536,França
990,9   SEFEROVIC,311554,Suíça,2,15,0,1,0,30.9,8484,França
991,10   XHAKA,311558,Suíça,4,44,1,0,0,27.2,11122,França
992,11   BEHRAMI,216627,Suíça,0,13,2,0,0,28.3,5539,França
993,13   RODRIGUEZ,313559,Suíça,1,56,7,1,0,26.9,9402,França
994,18   MEHMEDI,356409,Suíça,2,35,4,0,0,31.6,10096,França
995,20   DJOUROU,216645,Suíça,0,52,4,0,0,26.5,8572,França
996,23   SHAQIRI,321653,Suíça,4,35,7,1,0,28.9,10402,França
997,4   SENDEROS,209989,Suíça,0,57,5,1,0,25.5,8315,França
998,15   DZEMAILI,216646,Suíça,2,41,0,1,0,28.3,5001,França
999,19   DRMIC,356399,Suíça,0,2,0,0,0,23.5,2924,França
1000,1   LLORIS,297105,França,0,27,0,0,3,12.8,4467,Suíça
1001,2   DEBUCHY,358011,França,0,27,3,7,0,28.7,10317,Suíça
1002,3   EVRA,212246,França,1,33,7,2,0,28.7,9247,Suíça
1003,4   VARANE,359440,França,0,32,5,0,0,29.8,9902,Suíça
1004,5   SAKHO,274135,França,0,30,3,2,0,29.2,6863,Suíça
1005,6   CABAYE,358013,França,2,34,7,3,0,28,10826,Suíça
1006,8   VALBUENA,297106,França,3,28,3,1,0,29.4,9239,Suíça
1007,9   GIROUD,358015,França,4,14,0,0,0,26.6,7079,Suíça
1008,10   BENZEMA,297103,França,8,26,2,1,0,28.3,9010,Suíça
1009,14   MATUIDI,358014,França,3,36,3,1,0,31.2,10741,Suíça
1010,18   SISSOKO,317056,França,1,24,5,2,0,32.3,10436,Suíça
1011,11   GRIEZMANN,336435,França,0,5,0,0,0,25.6,1449,Suíça
1012,19   POGBA,367388,França,0,12,1,0,0,24.8,3406,Suíça
1013,21   KOSCIELNY,358012,França,0,7,1,0,0,18.1,2668,Suíça
1014,18   VALLADARES,178185,Honduras,0,13,0,0,2,14.3,3444,Equador
1015,3   FIGUEROA,213879,Honduras,2,36,8,2,0,24.9,8531,Equador
1016,5   BERNARDEZ,213878,Honduras,2,16,4,1,0,24.1,7848,Equador
1017,7   EMILIO,230117,Honduras,0,12,4,1,0,27.7,4689,Equador
1018,11   BENGTSON,323623,Honduras,1,11,1,2,0,25.6,8792,Equador
1019,13   COSTLY,271414,Honduras,3,11,0,0,0,30.3,8718,Equador
1020,14   BONIEK,237071,Honduras,1,25,3,0,0,26.3,8170,Equador
1021,15   ESPINOZA,304934,Honduras,3,34,6,2,0,27.9,10100,Equador
1022,19   GARRIDO,270400,Honduras,0,28,6,1,0,26.5,8378,Equador
1023,20   CLAROS,230114,Honduras,1,48,6,6,0,26.9,9798,Equador
1024,21   BECKELES,339551,Honduras,1,32,8,3,0,28.7,9478,Equador
1025,6   J.C. GARCIA,296303,Honduras,0,20,2,2,0,29.1,4498,Equador
1026,10   M. MARTINEZ,296297,Honduras,2,11,1,0,0,25.2,2183,Equador
1027,23   M. CHAVEZ,227839,Honduras,0,2,1,0,0,22.8,1181,Equador
1028,22   DOMINGUEZ,303419,Equador,0,18,0,0,4,19.2,3068,Honduras
1029,2   GUAGUA,181930,Equador,0,21,8,0,0,25.6,8041,Honduras
1030,3   ERAZO,349578,Equador,1,26,4,1,0,27.2,9029,Honduras
1031,4   PAREDES,349576,Equador,0,26,5,2,0,29.2,9059,Honduras
1032,6   NOBOA,279417,Equador,1,34,8,4,0,24.5,10193,Honduras
1033,7   MONTERO,290452,Equador,0,29,3,1,0,25.6,8541,Honduras
1034,10   W. AYOVI,184447,Equador,1,48,4,0,0,29.6,8775,Honduras
1035,11   CAICEDO,228715,Equador,1,18,1,2,0,30,7727,Honduras
1036,13   E. VALENCIA,373400,Equador,4,19,2,2,0,30,8683,Honduras
1037,14   MINDA,350119,Equador,0,38,10,3,0,25.4,8908,Honduras
1038,16   A. VALENCIA,202544,Equador,0,21,3,1,0,28.1,10207,Honduras
1039,8   MENDEZ,178842,Equador,0,4,1,0,0,20.5,1377,Honduras
1040,21   ACHILIER,229450,Equador,0,0,0,0,0,19.2,281,Honduras
1041,23   GRUEZO,332827,Equador,0,1,0,0,0,22.3,1163,Honduras
1042,1   ROMERO,266783,Argentina,0,17,0,0,3,19.9,2974,Irã
1043,2   GARAY,200130,Argentina,2,33,4,0,0,29.1,9593,Irã
1044,4   ZABALETA,182379,Argentina,1,48,4,0,0,29.4,10476,Irã
1045,5   GAGO,201001,Argentina,0,106,5,3,0,30.3,10382,Irã
1046,7   DI MARIA,266800,Argentina,4,40,3,1,0,33,9300,Irã
1047,9   HIGUAIN,271550,Argentina,1,10,1,0,0,25.6,8126,Irã
1048,10   MESSI,229397,Argentina,6,42,0,0,0,26.9,7773,Irã
1049,14   MASCHERANO,182372,Argentina,0,103,8,3,0,26.5,9580,Irã
1050,16   ROJO,318688,Argentina,2,48,7,2,0,25.8,11184,Irã
1051,17   F. FERNANDEZ,318034,Argentina,1,41,4,1,0,28.3,9520,Irã
1052,20   AGUERO,228528,Argentina,1,12,0,0,0,29.1,6875,Irã
1053,6   BIGLIA,200133,Argentina,0,1,0,0,0,25.9,150,Irã
1054,18   PALACIO,230739,Argentina,1,3,0,0,0,27,2147,Irã
1055,22   LAVEZZI,229392,Argentina,0,6,0,0,0,30.9,2228,Irã
1056,12   A. HAGHIGHI,346763,Irã,0,14,0,0,4,13.8,4391,Argentina
1057,3   HAJI SAFI,288961,Irã,2,11,4,2,0,27,10131,Argentina
1058,4   J. HOSSEINI,278072,Irã,2,3,0,0,0,26.8,9133,Argentina
1059,5   AMIRHOSSEIN,213124,Irã,0,7,5,0,0,25.8,9361,Argentina
1060,6   J. NEKOUNAM,185641,Irã,0,18,6,0,0,27.2,11042,Argentina
1061,7   MASOUD. SH,213170,Irã,0,10,2,4,0,27.6,9178,Argentina
1062,14   ANDRANIK,237949,Irã,0,14,6,2,0,28.5,10942,Argentina
1063,15   MONTAZERI,251481,Irã,0,19,5,1,0,31.2,9636,Argentina
1064,16   REZA,362641,Irã,3,13,2,1,0,30.1,11117,Argentina
1065,21   DEJAGAH,196812,Irã,1,12,0,2,0,30.9,9551,Argentina
1066,23   MEHRDAD,267344,Irã,0,8,4,3,0,28.3,9065,Argentina
1067,2   KH. HEYDARI,306206,Irã,0,2,0,0,0,29.1,2243,Argentina
1068,8   R. HAGHIGHI,353379,Irã,0,2,0,0,0,20.1,866,Argentina
1069,9   ALIREZA,379886,Irã,0,3,0,0,0,26.1,1381,Argentina
1070,1   NEUER,228912,Alemanha,0,34,0,0,5,19,5077,Gana
1071,4   HÖWEDES,311148,Alemanha,0,36,7,2,0,28.7,11046,Gana
1072,5   HUMMELS,311150,Alemanha,0,62,11,1,0,29.1,10266,Gana
1073,6   KHEDIRA,196900,Alemanha,1,48,3,1,0,25.6,8705,Gana
1074,8   ÖZIL,305036,Alemanha,0,38,1,0,0,28.5,10311,Gana
1075,13   MÜLLER,321722,Alemanha,1,28,1,0,0,29.1,12225,Gana
1076,16   LAHM,196748,Alemanha,0,75,3,0,0,27.4,11752,Gana
1077,17   MERTESACKER,207888,Alemanha,0,67,6,1,0,28.1,9709,Gana
1078,18   KROOS,275162,Alemanha,3,86,1,3,0,29.8,11644,Gana
1079,19   GÖTZE,309316,Alemanha,2,30,1,0,0,26.5,9094,Gana
1080,20   BOATENG,299442,Alemanha,0,22,2,0,0,28.1,5088,Gana
1081,7   SCHWEINSTEIGER,196752,Alemanha,2,26,3,0,0,25.8,3369,Gana
1082,11   KLOSE,182206,Alemanha,2,2,1,0,0,27.2,2743,Gana
1083,21   MUSTAFI,309308,Alemanha,0,30,0,1,0,32.9,5857,Gana
1084,16   DAUDA,376071,Gana,0,17,0,0,2,22.8,4118,Alemanha
1085,3   A. GYAN,208353,Gana,4,14,1,0,0,30.2,9464,Alemanha
1086,7   ATSU,355997,Gana,2,25,2,1,0,28.5,8791,Alemanha
1087,9   PRINCE,196897,Gana,1,15,0,0,0,30.5,6351,Alemanha
1088,10   A. AYEW,294620,Gana,3,19,4,1,0,26.5,10366,Alemanha
1089,11   MUNTARI,183000,Gana,3,36,5,3,0,26.3,11191,Alemanha
1090,17   RABIU,311850,Gana,0,20,2,2,0,26.9,10213,Alemanha
1091,19   JONATHAN,306634,Gana,1,40,6,2,0,27.8,9672,Alemanha
1092,20   K. ASAMOAH,294619,Gana,1,47,9,2,0,30.9,9463,Alemanha
1093,21   BOYE,298582,Gana,0,25,7,1,0,30.1,9745,Alemanha
1094,23   HARRISON,294626,Gana,0,56,10,0,0,28.3,11090,Alemanha
1095,8   BADU,274946,Gana,1,7,1,0,0,30.5,2251,Alemanha
1096,13   J. AYEW,353235,Gana,3,7,2,0,0,29.8,5471,Alemanha
1097,22   WAKASO,235097,Gana,1,7,1,1,0,25.2,2558,Alemanha
1098,1   ENYEAMA,189300,Nigéria,0,18,0,0,7,15.4,3373,Bósnia e Herzegovina
1099,2   YOBO,178403,Nigéria,0,19,4,2,0,24.5,8192,Bósnia e Herzegovina
1100,5   AMBROSE,273291,Nigéria,0,36,7,2,0,27.2,9620,Bósnia e Herzegovina
1101,7   MUSA,344714,Nigéria,3,9,4,1,0,29.2,7015,Bósnia e Herzegovina
1102,8   ODEMWINGIE,214228,Nigéria,4,43,5,5,0,27.2,11208,Bósnia e Herzegovina
1103,9   EMENIKE,364763,Nigéria,4,24,0,2,0,27.6,9754,Bósnia e Herzegovina
1104,10   MIKEL,234463,Nigéria,1,47,5,2,0,25,10052,Bósnia e Herzegovina
1105,13   OSHANIWA,356712,Nigéria,0,14,6,3,0,27.4,9501,Bósnia e Herzegovina
1106,17   ONAZI,315429,Nigéria,5,38,8,7,0,30.9,10445,Bósnia e Herzegovina
1107,18   BABATUNDE,312014,Nigéria,2,20,3,4,0,26.5,9505,Bósnia e Herzegovina
1108,22   OMERUO,315424,Nigéria,0,22,7,3,0,28.5,8949,Bósnia e Herzegovina
1109,3   UZOENYI,356713,Nigéria,1,0,0,1,0,23.3,2300,Bósnia e Herzegovina
1110,23   AMEOBI,186455,Nigéria,0,9,0,1,0,22.6,3366,Bósnia e Herzegovina
1111,1   BEGOVIĆ,230121,Bósnia e Herzegovina,0,18,0,0,9,16.6,4952,Nigéria
1112,4   SPAHIĆ,216069,Bósnia e Herzegovina,0,48,13,4,0,29.2,10280,Nigéria
1113,7   BEŠIĆ,358101,Bósnia e Herzegovina,2,69,7,10,0,28.7,11194,Nigéria
1114,8   PJANIĆ,299198,Bósnia e Herzegovina,2,66,0,0,0,24.9,11286,Nigéria
1115,10   MISIMOVIĆ,216071,Bósnia e Herzegovina,2,40,1,2,0,25,10644,Nigéria
1116,11   DŽEKO,300409,Bósnia e Herzegovina,7,18,1,0,0,25.3,9239,Nigéria
1117,13   MUJDŽA,299904,Bósnia e Herzegovina,0,35,4,1,0,29.6,10363,Nigéria
1118,15   ŠUNJIĆ,359993,Bósnia e Herzegovina,0,43,6,11,0,26.9,10212,Nigéria
1119,16   LULIĆ,358099,Bósnia e Herzegovina,0,25,2,3,0,24.1,6186,Nigéria
1120,18   MEDUNJANIN,233167,Bósnia e Herzegovina,1,63,4,1,0,25.6,7263,Nigéria
1121,20   HAJROVIĆ,356403,Bósnia e Herzegovina,1,25,1,0,0,24.5,6249,Nigéria
1122,9   IBIŠEVIĆ,300411,Bósnia e Herzegovina,3,7,1,1,0,25.4,4269,Nigéria
1123,14   SUŠIĆ,379808,Bósnia e Herzegovina,0,9,0,0,0,29,3885,Nigéria
1124,23   SALIHOVIĆ,300407,Bósnia e Herzegovina,0,11,3,1,0,24.5,4304,Nigéria
1125,1   CILLESSEN,358738,Holanda,0,21,0,0,1,20.3,4451,Chile
1126,2   VLAAR,216715,Holanda,0,12,4,2,0,25.5,9292,Chile
1127,3   DE VRIJ,313021,Holanda,1,20,5,0,0,25.3,9223,Chile
1128,5   BLIND,319432,Holanda,0,19,6,9,0,25.8,9024,Chile
1129,6   DE JONG,216964,Holanda,0,25,7,4,0,28.5,9956,Chile
1130,7   JANMAAT,319428,Holanda,0,20,4,0,0,30,10476,Chile
1131,10   SNEIJDER,215002,Holanda,2,8,0,3,0,27.6,8769,Chile
1132,11   ROBBEN,184616,Holanda,3,21,2,1,0,29,10238,Chile
1133,15   KUYT,217313,Holanda,1,22,5,1,0,28.9,9603,Chile
1134,17   LENS,298681,Holanda,2,7,2,1,0,30.3,6950,Chile
1135,20   WIJNALDUM,319438,Holanda,1,14,2,0,0,25.4,10770,Chile
1136,14   KONGOLO,336085,Holanda,0,0,0,0,0,27.2,573,Chile
1137,18   FER,319436,Holanda,1,6,1,1,0,22,1979,Chile
1138,21   MEMPHIS,336098,Holanda,2,2,0,0,0,24.6,2502,Chile
1139,1   C. BRAVO,202650,Chile,0,33,0,0,3,22.2,4977,Holanda
1140,2   MENA,349592,Chile,0,25,4,1,0,29.2,9621,Holanda
1141,4   ISLA,228617,Chile,0,45,3,1,0,28.1,9512,Holanda
1142,5   SILVA,349582,Chile,0,57,1,0,0,29.1,7676,Holanda
1143,7   ALEXIS,228627,Chile,2,27,0,0,0,30.2,8415,Holanda
1144,11   VARGAS,270301,Chile,1,6,0,0,0,29.1,7408,Holanda
1145,16   GUTIÉRREZ,349588,Chile,2,19,3,1,0,27.2,6278,Holanda
1146,17   MEDEL,267527,Chile,1,107,11,2,0,28.9,8825,Holanda
1147,18   JARA,229439,Chile,0,54,4,2,0,28.5,9991,Holanda
1148,20   CH. ARÁNGUIZ,318150,Chile,0,35,0,1,0,29,11411,Holanda
1149,21   DIAZ,233530,Chile,1,44,1,3,0,27.9,11379,Holanda
1150,9   PINILLA,201787,Chile,0,6,0,0,0,23.9,1195,Holanda
1151,10   VALDIVIA,202655,Chile,0,13,0,0,0,22.6,2426,Holanda
1152,15   BEAUSEJOUR,209502,Chile,0,8,1,0,0,29.1,5120,Holanda
1153,1   RYAN,339117,Austrália,0,45,0,0,2,26.1,6046,Espanha
1154,3   DAVIDSON,306364,Austrália,0,45,4,2,0,27.4,10941,Espanha
1155,6   SPIRANOVIC,229051,Austrália,1,40,7,1,0,24.7,10479,Espanha
1156,7   LECKIE,321697,Austrália,1,18,3,1,0,30.2,10574,Espanha
1157,9   TAGGART,368902,Austrália,0,4,0,0,0,25.8,5120,Espanha
1158,11   OAR,306424,Austrália,0,5,1,2,0,31.9,7804,Espanha
1159,13   BOZANIC,312234,Austrália,0,24,2,1,0,24.1,9734,Espanha
1160,15   JEDINAK,197514,Austrália,0,62,9,4,0,29.1,11767,Espanha
1161,17   MCKAY,197409,Austrália,1,48,8,1,0,30.7,13249,Espanha
1162,19   MCGOWAN,306410,Austrália,0,27,5,6,0,27.8,9462,Espanha
1163,22   WILKINSON,182620,Austrália,0,49,3,0,0,26.5,10202,Espanha
1164,10   HALLORAN,379164,Austrália,0,10,2,1,0,28.1,5524,Espanha
1165,14   TROISI,290605,Austrália,1,12,2,1,0,24.7,4172,Espanha
1166,23   BRESCIANO,178299,Austrália,0,14,0,0,0,21.8,2805,Espanha
1167,23   REINA,175413,Espanha,0,22,0,0,0,19.2,4820,Austrália
1168,2   R. ALBIOL,216820,Espanha,0,34,7,1,0,23.9,9983,Austrália
1169,5   JUANFRAN,207906,Espanha,0,52,7,2,0,29.6,10583,Austrália
1170,6   A. INIESTA,183857,Espanha,1,81,6,0,0,25.6,10718,Austrália
1171,7   DAVID VILLA,229884,Espanha,1,15,0,1,0,31.2,5780,Austrália
1172,9   TORRES,183864,Espanha,2,14,0,0,0,30.3,10508,Austrália
1173,14   ALONSO,207528,Espanha,0,60,8,0,0,23.7,10495,Austrália
1174,15   RAMOS,216814,Espanha,1,57,5,2,0,26.4,10107,Austrália
1175,17   KOKE,313410,Espanha,1,59,5,4,0,29.2,12796,Austrália
1176,18   JORDI ALBA,306954,Espanha,1,67,16,0,0,31.1,10874,Austrália
1177,20   S. CAZORLA,297705,Espanha,1,35,5,1,0,26.3,8308,Austrália
1178,10   FÁBREGAS,200179,Espanha,0,26,2,1,0,24.9,3470,Austrália
1179,13   MATA,267811,Espanha,2,31,0,1,0,31.1,4505,Austrália
1180,21   SILVA,200176,Espanha,1,5,1,0,0,23,1227,Austrália
1181,16   ITANJDE,216990,Camarões,0,18,0,0,6,21.6,3830,Brasil
1182,3   NKOULOU,290931,Camarões,1,35,8,2,0,27.8,8325,Brasil
1183,7   NGUEMO,200262,Camarões,2,44,4,2,0,24.1,10164,Brasil
1184,8   MOUKANDJO,296118,Camarões,1,10,0,1,0,27.4,5996,Brasil
1185,10   ABOUBAKAR,323698,Camarões,0,14,2,0,0,27.8,7228,Brasil
1186,12   BEDIMO,317072,Camarões,0,36,6,2,0,30.9,9026,Brasil
1187,13   CHOUPO-MOTING,312316,Camarões,2,23,2,0,0,27.6,8361,Brasil
1188,17   MBIA,200935,Camarões,0,48,7,1,0,29.8,10498,Brasil
1189,18   ENOH,310048,Camarões,3,26,6,5,0,28.3,10550,Brasil
1190,21   MATIP,320375,Camarões,2,18,2,0,0,27,8601,Brasil
1191,22   NYOM,355023,Camarões,1,29,3,0,0,29.4,9671,Brasil
1192,11   MAKOUN,199600,Camarões,0,6,0,0,0,21,1139,Brasil
1193,15   WEBO,214135,Camarões,0,4,0,1,0,23.3,2231,Brasil
1194,20   SALLI,336791,Camarões,0,10,1,0,0,31.2,3696,Brasil
1195,12   JULIO CESAR,179038,Brasil,0,23,0,0,0,24.7,4067,Camarões
1196,2   DANI ALVES,190962,Brasil,1,57,6,4,0,28.5,10253,Camarões
1197,3   T SILVA,289964,Brasil,0,39,1,1,0,26.1,7986,Camarões
1198,4   DAVID LUIZ,271043,Brasil,0,52,5,5,0,24.5,8560,Camarões
1199,6   MARCELO,218284,Brasil,1,37,4,1,0,26.3,8971,Camarões
1200,7   HULK,318172,Brasil,3,10,0,0,0,28.7,6577,Camarões
1201,8   PAULINHO,362727,Brasil,1,9,1,1,0,25.9,5696,Camarões
1202,9   FRED,233952,Brasil,5,18,2,0,0,24.6,9068,Camarões
1203,10   NEYMAR JR,314197,Brasil,4,26,2,1,0,31.1,8325,Camarões
1204,11   OSCAR,312868,Brasil,1,24,5,8,0,26.3,10024,Camarões
1205,17   L GUSTAVO,367918,Brasil,1,42,8,1,0,27.2,10537,Camarões
1206,5   FERNANDINHO,208016,Brasil,1,22,1,2,0,28.9,5349,Camarões
1207,16   RAMIRES,298959,Brasil,0,6,0,0,0,27.4,3697,Camarões
1208,19   WILLIAN,218306,Brasil,1,8,1,0,0,29.6,2483,Camarões
1209,1   PLETIKOSA,179048,Croácia,0,18,0,0,1,15,3270,México
1210,2   VRSALJKO,336485,Croácia,0,29,4,0,0,29.6,6804,México
1211,3   PRANJIĆ,210702,Croácia,1,25,1,1,0,27.6,8575,México
1212,4   PERIŠIĆ,359381,Croácia,6,23,1,2,0,29.4,10249,México
1213,5   CORLUKA,297373,Croácia,0,43,4,2,0,28.3,8846,México
1214,6   LOVREN,312432,Croácia,0,46,9,0,0,31.8,9169,México
1215,7   RAKITIĆ,296633,Croácia,0,57,8,2,0,26.6,10732,México
1216,10   MODRIĆ,241559,Croácia,0,42,4,1,0,27.9,9410,México
1217,11   SRNA,210704,Croácia,1,38,4,3,0,33,10201,México
1218,17   MANDŽUKIĆ,375518,Croácia,0,12,0,1,0,30.2,9398,México
1219,18   OLIĆ,187258,Croácia,1,15,2,0,0,28.1,8757,México
1220,9   JELAVIĆ,316117,Croácia,0,4,0,0,0,25.6,2188,México
1221,16   REBIĆ,369058,Croácia,1,5,1,0,0,29.8,2087,México
1222,20   KOVAČIĆ,339987,Croácia,0,19,0,0,0,22.8,4054,México
1223,13   G OCHOA,215285,México,0,16,0,0,1,22.5,3995,Croácia
1224,2   F RODRIGUEZ,209960,México,0,24,7,0,0,26.3,9671,Croácia
1225,4   R MARQUEZ,178119,México,1,38,5,1,0,24.4,10097,Croácia
1226,6   H HERRERA,329092,México,2,44,4,2,0,27.7,12083,Croácia
1227,7   M LAYUN,371044,México,1,25,3,0,0,29.8,10150,Croácia
1228,10   G DOS SANTOS,234551,México,0,11,0,0,0,32.5,6707,Croácia
1229,15   H MORENO,238112,México,0,29,4,0,0,29.4,9229,Croácia
1230,18   A GUARDADO,251352,México,2,28,2,1,0,27.6,10402,Croácia
1231,19   O PERALTA,227851,México,2,15,1,2,0,27.8,8144,Croácia
1232,22   P AGUILAR,289195,México,1,31,8,4,0,29.2,10161,Croácia
1233,20   R. AMORIM,299064,Portugal,1,39,2,0,0,27.8,11276,Gana
1234,21   J. PEREIRA,214407,Portugal,0,23,3,3,0,26.9,7146,Gana
1235,1   EDUARDO,299066,Portugal,0,1,0,0,0,12.7,410,Gana
1236,10   VIEIRINHA,200205,Portugal,0,8,2,0,0,26.1,3119,Gana
1237,18   VARELA,254166,Portugal,2,9,0,0,0,27.2,4000,Gana
1238,16   DAUDA,376071,Gana,0,17,0,0,6,23.9,4275,Portugal
1239,3   A. GYAN,208353,Gana,9,11,0,0,0,32.3,9540,Portugal
1240,7   ATSU,355997,Gana,3,24,4,0,0,30.3,11291,Portugal
1241,8   BADU,274946,Gana,1,31,2,2,0,29.4,11305,Portugal
1242,10   A. AYEW,294620,Gana,0,21,1,1,0,31,9261,Portugal
1243,17   RABIU,311850,Gana,0,27,7,0,0,29.1,9766,Portugal
1244,18   WARIS,367393,Gana,1,14,3,0,0,30.3,8083,Portugal
1245,19   JONATHAN,306634,Gana,1,30,7,0,0,28.5,10086,Portugal
1246,20   K. ASAMOAH,294619,Gana,1,36,6,0,0,27.4,10085,Portugal
1247,21   BOYE,298582,Gana,0,16,5,1,0,27.4,9645,Portugal
1248,23   HARRISON,294626,Gana,0,41,9,0,0,29.9,10945,Portugal
1249,6   ACQUAH,379972,Gana,0,7,1,1,0,28.5,2476,Portugal
1250,13   J. AYEW,353235,Gana,1,6,1,0,0,31.2,2950,Portugal
1251,22   WAKASO,235097,Gana,1,4,0,0,0,23.9,1794,Portugal
1252,1   HOWARD,178420,EUA,0,31,0,0,5,18.5,4018,Alemanha
1253,3   GONZALEZ,234405,EUA,0,26,2,3,0,25.8,10038,Alemanha
1254,4   BRADLEY,233531,EUA,0,52,1,3,0,28.3,13084,Alemanha
1255,5   BESLER,367433,EUA,0,32,4,1,0,29.1,9627,Alemanha
1256,7   BEASLEY,175498,EUA,1,37,3,4,0,30.2,9683,Alemanha
1257,8   DEMPSEY,207851,EUA,1,19,1,2,0,25.9,10799,Alemanha
1258,13   JONES,183893,EUA,0,27,4,2,0,31.4,11444,Alemanha
1259,14   DAVIS,181951,EUA,0,19,2,1,0,28.3,7707,Alemanha
1260,15   BECKERMAN,175512,EUA,0,47,5,6,0,26.3,11476,Alemanha
1261,19   ZUSI,360728,EUA,1,30,3,3,0,30.1,10698,Alemanha
1262,23   JOHNSON,311174,EUA,0,37,5,2,0,27.4,10091,Alemanha
1263,2   YEDLIN,368973,EUA,0,2,1,1,0,28.9,1390,Alemanha
1264,11   BEDOYA,296273,EUA,1,4,0,2,0,32.3,4497,Alemanha
1265,1   NEUER,228912,Alemanha,0,31,0,0,0,20.3,4815,EUA
1266,4   HÖWEDES,311148,Alemanha,2,52,7,5,0,29.6,10824,EUA
1267,5   HUMMELS,311150,Alemanha,0,63,13,2,0,27,9992,EUA
1268,7   SCHWEINSTEIGER,196752,Alemanha,1,76,3,5,0,29.2,9640,EUA
1269,8   ÖZIL,305036,Alemanha,2,54,1,1,0,31.4,10050,EUA
1270,10   PODOLSKI,196789,Alemanha,2,20,2,3,0,24.1,5342,EUA
1271,13   MÜLLER,321722,Alemanha,2,29,1,1,0,29.2,11062,EUA
1272,16   LAHM,196748,Alemanha,0,110,4,1,0,25.9,11694,EUA
1273,17   MERTESACKER,207888,Alemanha,0,108,5,0,0,24.7,9617,EUA
1274,18   KROOS,275162,Alemanha,2,105,1,2,0,28.1,11055,EUA
1275,20   BOATENG,299442,Alemanha,0,59,1,2,0,29.1,10481,EUA
1276,9   SCHÜRRLE,306548,Alemanha,1,3,0,0,0,29.9,653,EUA
1277,11   KLOSE,182206,Alemanha,1,4,2,3,0,29,5115,EUA
1278,19   GÖTZE,309316,Alemanha,0,11,1,2,0,27.6,2458,EUA
1279,21   S G KIM,274281,Coreia do Sul,0,13,0,0,7,13.7,3909,Bélgica
1280,3   S Y YUN,274283,Coreia do Sul,0,33,5,1,0,28.1,10445,Bélgica
1281,5   Y G KIM,375754,Coreia do Sul,1,36,7,1,0,26.2,9598,Bélgica
1282,9   H M SON,307849,Coreia do Sul,0,13,1,0,0,26.4,8114,Bélgica
1283,12   Y LEE,363578,Coreia do Sul,1,33,4,1,0,29.4,11018,Bélgica
1284,13   J C KOO,291393,Coreia do Sul,3,37,1,1,0,25.9,11426,Bélgica
1285,14   K Y HAN,274329,Coreia do Sul,0,19,5,0,0,26.9,5889,Bélgica
1286,16   S Y KI,268406,Coreia do Sul,5,60,2,1,0,27.9,10939,Bélgica
1287,17   C Y LEE,268414,Coreia do Sul,2,31,1,0,0,29.1,10985,Bélgica
1288,18   S W KIM,321745,Coreia do Sul,0,13,1,0,0,25.2,7770,Bélgica
1289,20   J H HONG,312679,Coreia do Sul,0,36,8,1,0,31.8,9368,Bélgica
1290,7   B K KIM,291389,Coreia do Sul,0,22,0,0,0,23.6,3473,Bélgica
1291,11   K H LEE,268149,Coreia do Sul,5,12,2,0,0,28.1,6239,Bélgica
1292,19   D W JI,330689,Coreia do Sul,1,10,0,0,0,28.5,2801,Bélgica
1293,1   COURTOIS,358106,Bélgica,0,15,0,0,6,11,3794,Coreia do Sul
1294,5   VERTONGHEN,290904,Bélgica,4,28,6,2,0,29.4,9968,Coreia do Sul
1295,8   FELLAINI,290902,Bélgica,1,25,3,0,0,27.6,11598,Coreia do Sul
1296,11   MIRALLAS,290903,Bélgica,1,18,2,0,0,29,10471,Coreia do Sul
1297,14   MERTENS,358114,Bélgica,4,14,3,0,0,27.9,6576,Coreia do Sul
1298,15   VAN BUYTEN,375523,Bélgica,1,27,7,0,0,26.1,10099,Coreia do Sul
1299,16   DEFOUR,290824,Bélgica,0,23,2,1,0,26.5,5313,Coreia do Sul
1300,18   LOMBAERTS,216874,Bélgica,0,30,4,0,0,25.4,10121,Coreia do Sul
1301,19   DEMBELE,290825,Bélgica,0,33,2,0,0,29.4,10559,Coreia do Sul
1302,20   JANUZAJ,379910,Bélgica,0,14,1,1,0,31.1,6604,Coreia do Sul
1303,21   VANDEN BORRE,216006,Bélgica,0,40,3,0,0,25.6,10370,Coreia do Sul
1304,10   E.HAZARD,273996,Bélgica,1,1,0,0,0,21.7,850,Coreia do Sul
1305,17   ORIGI,379911,Bélgica,3,8,1,0,0,30.7,4188,Coreia do Sul
1306,22   CHADLI,358108,Bélgica,1,9,3,0,0,31.6,4193,Coreia do Sul
1307,23   RAIS,323326,Argélia,0,13,0,0,4,21,2828,Rússia
1308,4   BELKALEM,356162,Argélia,1,28,7,1,0,26.3,10109,Rússia
1309,5   HALLICHE,296827,Argélia,0,34,5,0,0,26.7,10352,Rússia
1310,6   MESBAH,323339,Argélia,1,45,6,3,0,28.7,10555,Rússia
1311,10   FEGHOULI,319358,Argélia,1,27,3,3,0,31.1,11103,Rússia
1312,11   BRAHIMI,366309,Argélia,1,26,1,3,0,25,8569,Rússia
1313,12   MEDJANI,239237,Argélia,0,31,6,2,0,26.5,11269,Rússia
1314,13   SLIMANI,354859,Argélia,2,14,1,0,0,30,9725,Rússia
1315,14   BENTALEB,379939,Argélia,1,55,9,0,0,27.4,11672,Rússia
1316,18   DJABOU,354875,Argélia,1,15,2,2,0,28.1,7961,Rússia
1317,20   MANDI,376285,Argélia,0,26,6,4,0,27.8,10420,Rússia
1318,7   YEBDA,183882,Argélia,0,5,0,1,0,29.8,3124,Rússia
1319,9   GHILAS,367261,Argélia,0,3,2,1,0,29.4,1934,Rússia
1320,15   SOUDANI,296994,Argélia,0,0,0,0,0,24.6,569,Rússia
1321,1   AKINFEEV,215017,Rússia,0,24,0,0,5,24.2,3478,Argélia
1322,2   KOZLOV,369983,Rússia,0,37,3,2,0,29.4,11042,Argélia
1323,4   IGNASHEVICH,186787,Rússia,0,58,9,1,0,28,10109,Argélia
1324,8   GLUSHAKOV,358049,Rússia,0,23,4,2,0,24.5,5690,Argélia
1325,9   KOKORIN,358048,Rússia,3,22,1,2,0,28.9,12341,Argélia
1326,11   KERZHAKOV,186808,Rússia,3,4,0,2,0,29.6,8861,Argélia
1327,14   V. BEREZUTSKIY,186793,Rússia,0,59,4,1,0,27.7,10601,Argélia
1328,17   SHATOV,358891,Rússia,1,21,3,0,0,28,8900,Argélia
1329,19   SAMEDOV,216435,Rússia,1,36,2,1,0,28.3,11331,Argélia
1330,20   FAYZULIN,300235,Rússia,0,56,2,1,0,27,11875,Argélia
1331,23   D. KOMBAROV,300237,Rússia,1,49,7,2,0,30.2,10881,Argélia
1332,6   KANUNNIKOV,358885,Rússia,0,2,0,0,0,28.1,1730,Argélia
1333,7   DENISOV,216438,Rússia,1,38,3,2,0,23.9,5411,Argélia
1334,10   DZAGOEV,302539,Rússia,0,11,1,0,0,27.2,3678,Argélia
