nome,chutes,passes_completados,bolas_recuperadas,desarmes,defesas,distancia,jogos,time
10   A. AYEW,5.0,64.0,7.0,3.0,0.0,30512.0,3,Gana
10   A. AYEW,5.0,64.0,7.0,3.0,0.0,30512.0,3,Gana
10   A. AYEW,5.0,64.0,7.0,3.0,0.0,30512.0,3,Gana
10   ABOUBAKAR,5.0,29.0,3.0,2.0,0.0,14089.0,2,Camarões
10   ABOUBAKAR,5.0,29.0,3.0,2.0,0.0,14089.0,2,Camarões
10   BENZEMA,25.0,100.0,3.0,1.0,0.0,37521.0,4,França
10   BENZEMA,25.0,100.0,3.0,1.0,0.0,37521.0,4,França
10   BENZEMA,25.0,100.0,3.0,1.0,0.0,37521.0,4,França
10   BENZEMA,25.0,100.0,3.0,1.0,0.0,37521.0,4,França
10   C Y PARK,1.0,27.0,1.0,3.0,0.0,13040.0,2,Coreia do Sul
10   C Y PARK,1.0,27.0,1.0,3.0,0.0,13040.0,2,Coreia do Sul
10   CASSANO,2.0,23.0,2.0,0.0,0.0,6529.0,2,Itália
10   CASSANO,2.0,23.0,2.0,0.0,0.0,6529.0,2,Itália
10   D. FORLAN,4.0,32.0,0.0,0.0,0.0,13090.0,2,Uruguai
10   D. FORLAN,4.0,32.0,0.0,0.0,0.0,13090.0,2,Uruguai
10   DZAGOEV,2.0,26.0,3.0,0.0,0.0,9465.0,3,Rússia
10   DZAGOEV,2.0,26.0,3.0,0.0,0.0,9465.0,3,Rússia
10   DZAGOEV,2.0,26.0,3.0,0.0,0.0,9465.0,3,Rússia
10   E.HAZARD,7.0,109.0,3.0,1.0,0.0,33917.0,4,Bélgica
10   E.HAZARD,7.0,109.0,3.0,1.0,0.0,33917.0,4,Bélgica
10   E.HAZARD,7.0,109.0,3.0,1.0,0.0,33917.0,4,Bélgica
10   E.HAZARD,7.0,109.0,3.0,1.0,0.0,33917.0,4,Bélgica
10   FEGHOULI,5.0,83.0,14.0,6.0,0.0,45303.0,4,Argélia
10   FEGHOULI,5.0,83.0,14.0,6.0,0.0,45303.0,4,Argélia
10   FEGHOULI,5.0,83.0,14.0,6.0,0.0,45303.0,4,Argélia
10   FEGHOULI,5.0,83.0,14.0,6.0,0.0,45303.0,4,Argélia
10   FÁBREGAS,0.0,36.0,3.0,1.0,0.0,5394.0,2,Espanha
10   FÁBREGAS,0.0,36.0,3.0,1.0,0.0,5394.0,2,Espanha
10   G DOS SANTOS,3.0,61.0,3.0,1.0,0.0,24310.0,3,México
10   G DOS SANTOS,3.0,61.0,3.0,1.0,0.0,24310.0,3,México
10   G DOS SANTOS,3.0,61.0,3.0,1.0,0.0,24310.0,3,México
10   G. DOS SANTOS,3.0,15.0,0.0,0.0,0.0,7114.0,1,México
10   GERVINHO,6.0,68.0,7.0,1.0,0.0,26143.0,3,Costa do Marfim
10   GERVINHO,6.0,68.0,7.0,1.0,0.0,26143.0,3,Costa do Marfim
10   GERVINHO,6.0,68.0,7.0,1.0,0.0,26143.0,3,Costa do Marfim
10   HALLORAN,0.0,17.0,2.0,2.0,0.0,11953.0,3,Austrália
10   HALLORAN,0.0,17.0,2.0,2.0,0.0,11953.0,3,Austrália
10   HALLORAN,0.0,17.0,2.0,2.0,0.0,11953.0,3,Austrália
10   JAMES,15.0,129.0,7.0,8.0,0.0,36045.0,4,Colômbia
10   JAMES,15.0,129.0,7.0,8.0,0.0,36045.0,4,Colômbia
10   JAMES,15.0,129.0,7.0,8.0,0.0,36045.0,4,Colômbia
10   JAMES,15.0,129.0,7.0,8.0,0.0,36045.0,4,Colômbia
10   KAGAWA,5.0,99.0,9.0,7.0,0.0,24635.0,3,Japão
10   KAGAWA,5.0,99.0,9.0,7.0,0.0,24635.0,3,Japão
10   KAGAWA,5.0,99.0,9.0,7.0,0.0,24635.0,3,Japão
10   KARAGOUNIS,7.0,121.0,13.0,13.0,0.0,30984.0,4,Grécia
10   KARAGOUNIS,7.0,121.0,13.0,13.0,0.0,30984.0,4,Grécia
10   KARAGOUNIS,7.0,121.0,13.0,13.0,0.0,30984.0,4,Grécia
10   KARAGOUNIS,7.0,121.0,13.0,13.0,0.0,30984.0,4,Grécia
10   KARIM,0.0,5.0,0.0,0.0,0.0,2984.0,1,Irã
10   M. MARTINEZ,2.0,11.0,1.0,0.0,0.0,2183.0,1,Honduras
10   MESSI,15.0,158.0,4.0,5.0,0.0,33015.0,4,Argentina
10   MESSI,15.0,158.0,4.0,5.0,0.0,33015.0,4,Argentina
10   MESSI,15.0,158.0,4.0,5.0,0.0,33015.0,4,Argentina
10   MESSI,15.0,158.0,4.0,5.0,0.0,33015.0,4,Argentina
10   MIKEL,3.0,199.0,17.0,10.0,0.0,39480.0,4,Nigéria
10   MIKEL,3.0,199.0,17.0,10.0,0.0,39480.0,4,Nigéria
10   MIKEL,3.0,199.0,17.0,10.0,0.0,39480.0,4,Nigéria
10   MIKEL,3.0,199.0,17.0,10.0,0.0,39480.0,4,Nigéria
10   MISIMOVIĆ,3.0,67.0,2.0,2.0,0.0,19041.0,2,Bósnia e Herzegovina
10   MISIMOVIĆ,3.0,67.0,2.0,2.0,0.0,19041.0,2,Bósnia e Herzegovina
10   MODRIĆ,2.0,135.0,12.0,4.0,0.0,28886.0,3,Croácia
10   MODRIĆ,2.0,135.0,12.0,4.0,0.0,28886.0,3,Croácia
10   MODRIĆ,2.0,135.0,12.0,4.0,0.0,28886.0,3,Croácia
10   NEYMAR JR,15.0,113.0,13.0,6.0,0.0,40845.0,4,Brasil
10   NEYMAR JR,15.0,113.0,13.0,6.0,0.0,40845.0,4,Brasil
10   NEYMAR JR,15.0,113.0,13.0,6.0,0.0,40845.0,4,Brasil
10   NEYMAR JR,15.0,113.0,13.0,6.0,0.0,40845.0,4,Brasil
10   PODOLSKI,2.0,30.0,3.0,3.0,0.0,6590.0,2,Alemanha
10   PODOLSKI,2.0,30.0,3.0,3.0,0.0,6590.0,2,Alemanha
10   ROONEY,9.0,56.0,0.0,1.0,0.0,23704.0,3,Inglaterra
10   ROONEY,9.0,56.0,0.0,1.0,0.0,23704.0,3,Inglaterra
10   ROONEY,9.0,56.0,0.0,1.0,0.0,23704.0,3,Inglaterra
10   RUIZ B.,5.0,124.0,10.0,3.0,0.0,43461.0,4,Costa Rica
10   RUIZ B.,5.0,124.0,10.0,3.0,0.0,43461.0,4,Costa Rica
10   RUIZ B.,5.0,124.0,10.0,3.0,0.0,43461.0,4,Costa Rica
10   RUIZ B.,5.0,124.0,10.0,3.0,0.0,43461.0,4,Costa Rica
10   SNEIJDER,11.0,124.0,7.0,5.0,0.0,41931.0,4,Holanda
10   SNEIJDER,11.0,124.0,7.0,5.0,0.0,41931.0,4,Holanda
10   SNEIJDER,11.0,124.0,7.0,5.0,0.0,41931.0,4,Holanda
10   SNEIJDER,11.0,124.0,7.0,5.0,0.0,41931.0,4,Holanda
10   VALDIVIA,2.0,45.0,1.0,5.0,0.0,11163.0,3,Chile
10   VALDIVIA,2.0,45.0,1.0,5.0,0.0,11163.0,3,Chile
10   VALDIVIA,2.0,45.0,1.0,5.0,0.0,11163.0,3,Chile
10   VIEIRINHA,0.0,8.0,2.0,0.0,0.0,3119.0,1,Portugal
10   W. AYOVI,3.0,128.0,17.0,0.0,0.0,27112.0,3,Equador
10   W. AYOVI,3.0,128.0,17.0,0.0,0.0,27112.0,3,Equador
10   W. AYOVI,3.0,128.0,17.0,0.0,0.0,27112.0,3,Equador
10   XHAKA,11.0,122.0,3.0,7.0,0.0,40595.0,4,Suíça
10   XHAKA,11.0,122.0,3.0,7.0,0.0,40595.0,4,Suíça
10   XHAKA,11.0,122.0,3.0,7.0,0.0,40595.0,4,Suíça
10   XHAKA,11.0,122.0,3.0,7.0,0.0,40595.0,4,Suíça
11   BARRANTES M.,0.0,12.0,2.0,0.0,0.0,2985.0,2,Costa Rica
11   BARRANTES M.,0.0,12.0,2.0,0.0,0.0,2985.0,2,Costa Rica
11   BEDOYA,3.0,91.0,5.0,11.0,0.0,37827.0,4,EUA
11   BEDOYA,3.0,91.0,5.0,11.0,0.0,37827.0,4,EUA
11   BEDOYA,3.0,91.0,5.0,11.0,0.0,37827.0,4,EUA
11   BEDOYA,3.0,91.0,5.0,11.0,0.0,37827.0,4,EUA
11   BEHRAMI,1.0,140.0,22.0,10.0,0.0,41287.0,4,Suíça
11   BEHRAMI,1.0,140.0,22.0,10.0,0.0,41287.0,4,Suíça
11   BEHRAMI,1.0,140.0,22.0,10.0,0.0,41287.0,4,Suíça
11   BEHRAMI,1.0,140.0,22.0,10.0,0.0,41287.0,4,Suíça
11   BENGTSON,4.0,40.0,2.0,3.0,0.0,21845.0,3,Honduras
11   BENGTSON,4.0,40.0,2.0,3.0,0.0,21845.0,3,Honduras
11   BENGTSON,4.0,40.0,2.0,3.0,0.0,21845.0,3,Honduras
11   BRAHIMI,5.0,80.0,5.0,7.0,0.0,24597.0,3,Argélia
11   BRAHIMI,5.0,80.0,5.0,7.0,0.0,24597.0,3,Argélia
11   BRAHIMI,5.0,80.0,5.0,7.0,0.0,24597.0,3,Argélia
11   C. STUANI,2.0,30.0,5.0,3.0,0.0,22876.0,4,Uruguai
11   C. STUANI,2.0,30.0,5.0,3.0,0.0,22876.0,4,Uruguai
11   C. STUANI,2.0,30.0,5.0,3.0,0.0,22876.0,4,Uruguai
11   C. STUANI,2.0,30.0,5.0,3.0,0.0,22876.0,4,Uruguai
11   CAICEDO,1.0,29.0,3.0,3.0,0.0,14444.0,3,Equador
11   CAICEDO,1.0,29.0,3.0,3.0,0.0,14444.0,3,Equador
11   CAICEDO,1.0,29.0,3.0,3.0,0.0,14444.0,3,Equador
11   CERCI,0.0,4.0,0.0,0.0,0.0,2366.0,1,Itália
11   CUADRADO,5.0,95.0,7.0,14.0,0.0,33788.0,4,Colômbia
11   CUADRADO,5.0,95.0,7.0,14.0,0.0,33788.0,4,Colômbia
11   CUADRADO,5.0,95.0,7.0,14.0,0.0,33788.0,4,Colômbia
11   CUADRADO,5.0,95.0,7.0,14.0,0.0,33788.0,4,Colômbia
11   DROGBA,3.0,21.0,2.0,3.0,0.0,14493.0,3,Costa do Marfim
11   DROGBA,3.0,21.0,2.0,3.0,0.0,14493.0,3,Costa do Marfim
11   DROGBA,3.0,21.0,2.0,3.0,0.0,14493.0,3,Costa do Marfim
11   DŽEKO,12.0,52.0,3.0,0.0,0.0,28233.0,3,Bósnia e Herzegovina
11   DŽEKO,12.0,52.0,3.0,0.0,0.0,28233.0,3,Bósnia e Herzegovina
11   DŽEKO,12.0,52.0,3.0,0.0,0.0,28233.0,3,Bósnia e Herzegovina
11   GRIEZMANN,6.0,80.0,4.0,0.0,0.0,25834.0,4,França
11   GRIEZMANN,6.0,80.0,4.0,0.0,0.0,25834.0,4,França
11   GRIEZMANN,6.0,80.0,4.0,0.0,0.0,25834.0,4,França
11   GRIEZMANN,6.0,80.0,4.0,0.0,0.0,25834.0,4,França
11   K H LEE,7.0,30.0,3.0,1.0,0.0,14963.0,3,Coreia do Sul
11   K H LEE,7.0,30.0,3.0,1.0,0.0,14963.0,3,Coreia do Sul
11   K H LEE,7.0,30.0,3.0,1.0,0.0,14963.0,3,Coreia do Sul
11   KAKITANI,1.0,4.0,1.0,1.0,0.0,3462.0,2,Japão
11   KAKITANI,1.0,4.0,1.0,1.0,0.0,3462.0,2,Japão
11   KERZHAKOV,4.0,6.0,0.0,2.0,0.0,11957.0,3,Rússia
11   KERZHAKOV,4.0,6.0,0.0,2.0,0.0,11957.0,3,Rússia
11   KERZHAKOV,4.0,6.0,0.0,2.0,0.0,11957.0,3,Rússia
11   KLOSE,3.0,6.0,3.0,3.0,0.0,7858.0,2,Alemanha
11   KLOSE,3.0,6.0,3.0,3.0,0.0,7858.0,2,Alemanha
11   M. RODRIGUEZ,1.0,27.0,3.0,1.0,0.0,5143.0,1,Argentina
11   MAKOUN,0.0,6.0,0.0,0.0,0.0,1139.0,1,Camarões
11   MIRALLAS,5.0,36.0,5.0,2.0,0.0,20401.0,3,Bélgica
11   MIRALLAS,5.0,36.0,5.0,2.0,0.0,20401.0,3,Bélgica
11   MIRALLAS,5.0,36.0,5.0,2.0,0.0,20401.0,3,Bélgica
11   MOSES,2.0,25.0,2.0,3.0,0.0,15834.0,2,Nigéria
11   MOSES,2.0,25.0,2.0,3.0,0.0,15834.0,2,Nigéria
11   MUNTARI,5.0,89.0,7.0,6.0,0.0,22545.0,2,Gana
11   MUNTARI,5.0,89.0,7.0,6.0,0.0,22545.0,2,Gana
11   OAR,2.0,26.0,5.0,4.0,0.0,26070.0,3,Austrália
11   OAR,2.0,26.0,5.0,4.0,0.0,26070.0,3,Austrália
11   OAR,2.0,26.0,5.0,4.0,0.0,26070.0,3,Austrália
11   OSCAR,6.0,111.0,14.0,23.0,0.0,40413.0,4,Brasil
11   OSCAR,6.0,111.0,14.0,23.0,0.0,40413.0,4,Brasil
11   OSCAR,6.0,111.0,14.0,23.0,0.0,40413.0,4,Brasil
11   OSCAR,6.0,111.0,14.0,23.0,0.0,40413.0,4,Brasil
11   PEDRO,1.0,33.0,2.0,3.0,0.0,11886.0,2,Espanha
11   PEDRO,1.0,33.0,2.0,3.0,0.0,11886.0,2,Espanha
11   ROBBEN,12.0,82.0,6.0,1.0,0.0,42740.0,4,Holanda
11   ROBBEN,12.0,82.0,6.0,1.0,0.0,42740.0,4,Holanda
11   ROBBEN,12.0,82.0,6.0,1.0,0.0,42740.0,4,Holanda
11   ROBBEN,12.0,82.0,6.0,1.0,0.0,42740.0,4,Holanda
11   SRNA,4.0,97.0,8.0,7.0,0.0,30718.0,3,Croácia
11   SRNA,4.0,97.0,8.0,7.0,0.0,30718.0,3,Croácia
11   SRNA,4.0,97.0,8.0,7.0,0.0,30718.0,3,Croácia
11   VARGAS,4.0,61.0,5.0,0.0,0.0,31725.0,4,Chile
11   VARGAS,4.0,61.0,5.0,0.0,0.0,31725.0,4,Chile
11   VARGAS,4.0,61.0,5.0,0.0,0.0,31725.0,4,Chile
11   VARGAS,4.0,61.0,5.0,0.0,0.0,31725.0,4,Chile
11   WELBECK,1.0,46.0,3.0,1.0,0.0,14367.0,2,Inglaterra
11   WELBECK,1.0,46.0,3.0,1.0,0.0,14367.0,2,Inglaterra
11   ÉDER,7.0,56.0,7.0,0.0,0.0,22930.0,3,Portugal
11   ÉDER,7.0,56.0,7.0,0.0,0.0,22930.0,3,Portugal
11   ÉDER,7.0,56.0,7.0,0.0,0.0,22930.0,3,Portugal
12   A. HAGHIGHI,0.0,36.0,0.0,0.0,12.0,12651.0,3,Irã
12   A. HAGHIGHI,0.0,36.0,0.0,0.0,12.0,12651.0,3,Irã
12   A. HAGHIGHI,0.0,36.0,0.0,0.0,12.0,12651.0,3,Irã
12   B. WILFRIED,6.0,27.0,1.0,2.0,0.0,17034.0,3,Costa do Marfim
12   B. WILFRIED,6.0,27.0,1.0,2.0,0.0,17034.0,3,Costa do Marfim
12   B. WILFRIED,6.0,27.0,1.0,2.0,0.0,17034.0,3,Costa do Marfim
12   BEDIMO,0.0,36.0,6.0,2.0,0.0,9026.0,1,Camarões
12   GLYKOS,0.0,15.0,0.0,0.0,3.0,3734.0,1,Grécia
12   JULIO CESAR,0.0,80.0,0.0,0.0,6.0,16144.0,4,Brasil
12   JULIO CESAR,0.0,80.0,0.0,0.0,6.0,16144.0,4,Brasil
12   JULIO CESAR,0.0,80.0,0.0,0.0,6.0,16144.0,4,Brasil
12   JULIO CESAR,0.0,80.0,0.0,0.0,6.0,16144.0,4,Brasil
12   KWARASEY,0.0,22.0,0.0,0.0,4.0,4427.0,1,Gana
12   MAVUBA,0.0,26.0,0.0,0.0,0.0,3257.0,1,França
12   MEDJANI,2.0,64.0,12.0,6.0,0.0,32597.0,3,Argélia
12   MEDJANI,2.0,64.0,12.0,6.0,0.0,32597.0,3,Argélia
12   MEDJANI,2.0,64.0,12.0,6.0,0.0,32597.0,3,Argélia
12   RUI PATRICIO,0.0,20.0,0.0,0.0,2.0,5631.0,1,Portugal
12   SIRIGU,0.0,34.0,0.0,0.0,4.0,3986.0,1,Itália
12   SMALLING,0.0,39.0,6.0,3.0,0.0,9683.0,1,Inglaterra
12   VERHAEGH,0.0,27.0,2.0,1.0,0.0,6721.0,1,Holanda
12   Y LEE,1.0,121.0,18.0,6.0,0.0,31878.0,3,Coreia do Sul
12   Y LEE,1.0,121.0,18.0,6.0,0.0,31878.0,3,Coreia do Sul
12   Y LEE,1.0,121.0,18.0,6.0,0.0,31878.0,3,Coreia do Sul
13   BOZANIC,1.0,36.0,3.0,1.0,0.0,15396.0,2,Austrália
13   BOZANIC,1.0,36.0,3.0,1.0,0.0,15396.0,2,Austrália
13   CHOUPO-MOTING,5.0,55.0,8.0,2.0,0.0,25644.0,3,Camarões
13   CHOUPO-MOTING,5.0,55.0,8.0,2.0,0.0,25644.0,3,Camarões
13   CHOUPO-MOTING,5.0,55.0,8.0,2.0,0.0,25644.0,3,Camarões
13   COSTLY,3.0,33.0,2.0,2.0,0.0,22272.0,3,Honduras
13   COSTLY,3.0,33.0,2.0,2.0,0.0,22272.0,3,Honduras
13   COSTLY,3.0,33.0,2.0,2.0,0.0,22272.0,3,Honduras
13   E. VALENCIA,8.0,43.0,7.0,3.0,0.0,26235.0,3,Equador
13   E. VALENCIA,8.0,43.0,7.0,3.0,0.0,26235.0,3,Equador
13   E. VALENCIA,8.0,43.0,7.0,3.0,0.0,26235.0,3,Equador
13   FOSTER,0.0,23.0,0.0,0.0,2.0,4231.0,1,Inglaterra
13   G OCHOA,0.0,51.0,0.0,0.0,8.0,11862.0,3,México
13   G OCHOA,0.0,51.0,0.0,0.0,8.0,11862.0,3,México
13   G OCHOA,0.0,51.0,0.0,0.0,8.0,11862.0,3,México
13   G. OCHOA,0.0,24.0,0.0,0.0,2.0,4294.0,1,México
13   GUARIN,0.0,25.0,6.0,4.0,0.0,12291.0,2,Colômbia
13   GUARIN,0.0,25.0,6.0,4.0,0.0,12291.0,2,Colômbia
13   J C KOO,6.0,96.0,7.0,8.0,0.0,34657.0,3,Coreia do Sul
13   J C KOO,6.0,96.0,7.0,8.0,0.0,34657.0,3,Coreia do Sul
13   J C KOO,6.0,96.0,7.0,8.0,0.0,34657.0,3,Coreia do Sul
13   J. AYEW,5.0,28.0,3.0,1.0,0.0,15777.0,3,Gana
13   J. AYEW,5.0,28.0,3.0,1.0,0.0,15777.0,3,Gana
13   J. AYEW,5.0,28.0,3.0,1.0,0.0,15777.0,3,Gana
13   J.M. GIMENEZ,1.0,59.0,15.0,8.0,0.0,27272.0,3,Uruguai
13   J.M. GIMENEZ,1.0,59.0,15.0,8.0,0.0,27272.0,3,Uruguai
13   J.M. GIMENEZ,1.0,59.0,15.0,8.0,0.0,27272.0,3,Uruguai
13   JONES,10.0,109.0,9.0,9.0,0.0,47481.0,4,EUA
13   JONES,10.0,109.0,9.0,9.0,0.0,47481.0,4,EUA
13   JONES,10.0,109.0,9.0,9.0,0.0,47481.0,4,EUA
13   JONES,10.0,109.0,9.0,9.0,0.0,47481.0,4,EUA
13   MATA,2.0,31.0,0.0,1.0,0.0,4505.0,1,Espanha
13   MUJDŽA,0.0,63.0,9.0,2.0,0.0,18214.0,2,Bósnia e Herzegovina
13   MUJDŽA,0.0,63.0,9.0,2.0,0.0,18214.0,2,Bósnia e Herzegovina
13   MÜLLER,13.0,115.0,4.0,4.0,0.0,46366.0,4,Alemanha
13   MÜLLER,13.0,115.0,4.0,4.0,0.0,46366.0,4,Alemanha
13   MÜLLER,13.0,115.0,4.0,4.0,0.0,46366.0,4,Alemanha
13   MÜLLER,13.0,115.0,4.0,4.0,0.0,46366.0,4,Alemanha
13   OKUBO,9.0,50.0,1.0,3.0,0.0,22266.0,3,Japão
13   OKUBO,9.0,50.0,1.0,3.0,0.0,22266.0,3,Japão
13   OKUBO,9.0,50.0,1.0,3.0,0.0,22266.0,3,Japão
13   OSHANIWA,0.0,110.0,18.0,9.0,0.0,38051.0,4,Nigéria
13   OSHANIWA,0.0,110.0,18.0,9.0,0.0,38051.0,4,Nigéria
13   OSHANIWA,0.0,110.0,18.0,9.0,0.0,38051.0,4,Nigéria
13   OSHANIWA,0.0,110.0,18.0,9.0,0.0,38051.0,4,Nigéria
13   R. COSTA,0.0,67.0,8.0,3.0,0.0,14071.0,2,Portugal
13   R. COSTA,0.0,67.0,8.0,3.0,0.0,14071.0,2,Portugal
13   RODRIGUEZ,3.0,155.0,30.0,16.0,0.0,40632.0,4,Suíça
13   RODRIGUEZ,3.0,155.0,30.0,16.0,0.0,40632.0,4,Suíça
13   RODRIGUEZ,3.0,155.0,30.0,16.0,0.0,40632.0,4,Suíça
13   RODRIGUEZ,3.0,155.0,30.0,16.0,0.0,40632.0,4,Suíça
13   ROJAS,0.0,0.0,0.0,0.0,0.0,1381.0,1,Chile
13   SLIMANI,9.0,62.0,3.0,3.0,0.0,35872.0,4,Argélia
13   SLIMANI,9.0,62.0,3.0,3.0,0.0,35872.0,4,Argélia
13   SLIMANI,9.0,62.0,3.0,3.0,0.0,35872.0,4,Argélia
13   SLIMANI,9.0,62.0,3.0,3.0,0.0,35872.0,4,Argélia
13   VELTMAN,0.0,5.0,0.0,3.0,0.0,2032.0,1,Holanda
13   YA KONAN,0.0,8.0,0.0,0.0,0.0,2027.0,1,Costa do Marfim
14   ADOMAH,0.0,8.0,0.0,0.0,0.0,2158.0,1,Gana
14   ALONSO,3.0,145.0,12.0,4.0,0.0,23447.0,3,Espanha
14   ALONSO,3.0,145.0,12.0,4.0,0.0,23447.0,3,Espanha
14   ALONSO,3.0,145.0,12.0,4.0,0.0,23447.0,3,Espanha
14   ANDRANIK,2.0,72.0,18.0,12.0,0.0,32825.0,3,Irã
14   ANDRANIK,2.0,72.0,18.0,12.0,0.0,32825.0,3,Irã
14   ANDRANIK,2.0,72.0,18.0,12.0,0.0,32825.0,3,Irã
14   AOYAMA,1.0,25.0,2.0,3.0,0.0,7348.0,1,Japão
14   BENTALEB,2.0,112.0,16.0,10.0,0.0,34253.0,3,Argélia
14   BENTALEB,2.0,112.0,16.0,10.0,0.0,34253.0,3,Argélia
14   BENTALEB,2.0,112.0,16.0,10.0,0.0,34253.0,3,Argélia
14   BONIEK,2.0,69.0,5.0,2.0,0.0,21364.0,3,Honduras
14   BONIEK,2.0,69.0,5.0,2.0,0.0,21364.0,3,Honduras
14   BONIEK,2.0,69.0,5.0,2.0,0.0,21364.0,3,Honduras
14   BRENES R.,3.0,26.0,2.0,2.0,0.0,12900.0,3,Costa Rica
14   BRENES R.,3.0,26.0,2.0,2.0,0.0,12900.0,3,Costa Rica
14   BRENES R.,3.0,26.0,2.0,2.0,0.0,12900.0,3,Costa Rica
14   BROZOVIĆ,2.0,13.0,2.0,2.0,0.0,4371.0,1,Croácia
14   CHEDJOU,2.0,49.0,12.0,3.0,0.0,12891.0,2,Camarões
14   CHEDJOU,2.0,49.0,12.0,3.0,0.0,12891.0,2,Camarões
14   DAVIS,0.0,19.0,2.0,1.0,0.0,7707.0,1,EUA
14   DIOMANDE,0.0,2.0,0.0,0.0,0.0,1635.0,1,Costa do Marfim
14   HENDERSON,3.0,100.0,10.0,1.0,0.0,18068.0,2,Inglaterra
14   HENDERSON,3.0,100.0,10.0,1.0,0.0,18068.0,2,Inglaterra
14   IBARBO,0.0,30.0,3.0,6.0,0.0,15686.0,2,Colômbia
14   IBARBO,0.0,30.0,3.0,6.0,0.0,15686.0,2,Colômbia
14   J HERNANDEZ,3.0,13.0,0.0,0.0,0.0,8046.0,3,México
14   J HERNANDEZ,3.0,13.0,0.0,0.0,0.0,8046.0,3,México
14   J HERNANDEZ,3.0,13.0,0.0,0.0,0.0,8046.0,3,México
14   J. HERNANDEZ,0.0,3.0,2.0,0.0,0.0,2301.0,1,México
14   K Y HAN,0.0,92.0,14.0,8.0,0.0,27041.0,3,Coreia do Sul
14   K Y HAN,0.0,92.0,14.0,8.0,0.0,27041.0,3,Coreia do Sul
14   K Y HAN,0.0,92.0,14.0,8.0,0.0,27041.0,3,Coreia do Sul
14   KONGOLO,0.0,0.0,0.0,0.0,0.0,573.0,1,Holanda
14   MASCHERANO,4.0,357.0,32.0,11.0,0.0,43272.0,4,Argentina
14   MASCHERANO,4.0,357.0,32.0,11.0,0.0,43272.0,4,Argentina
14   MASCHERANO,4.0,357.0,32.0,11.0,0.0,43272.0,4,Argentina
14   MASCHERANO,4.0,357.0,32.0,11.0,0.0,43272.0,4,Argentina
14   MATUIDI,7.0,192.0,13.0,8.0,0.0,40268.0,4,França
14   MATUIDI,7.0,192.0,13.0,8.0,0.0,40268.0,4,França
14   MATUIDI,7.0,192.0,13.0,8.0,0.0,40268.0,4,França
14   MATUIDI,7.0,192.0,13.0,8.0,0.0,40268.0,4,França
14   MERTENS,10.0,57.0,7.0,3.0,0.0,26603.0,4,Bélgica
14   MERTENS,10.0,57.0,7.0,3.0,0.0,26603.0,4,Bélgica
14   MERTENS,10.0,57.0,7.0,3.0,0.0,26603.0,4,Bélgica
14   MERTENS,10.0,57.0,7.0,3.0,0.0,26603.0,4,Bélgica
14   MINDA,0.0,63.0,16.0,5.0,0.0,19933.0,2,Equador
14   MINDA,0.0,63.0,16.0,5.0,0.0,19933.0,2,Equador
14   N. LODEIRO,1.0,57.0,7.0,4.0,0.0,20365.0,3,Uruguai
14   N. LODEIRO,1.0,57.0,7.0,4.0,0.0,20365.0,3,Uruguai
14   N. LODEIRO,1.0,57.0,7.0,4.0,0.0,20365.0,3,Uruguai
14   OBOABONA,0.0,24.0,0.0,0.0,0.0,2628.0,1,Nigéria
14   SALPINGIDIS,3.0,39.0,4.0,5.0,0.0,26381.0,4,Grécia
14   SALPINGIDIS,3.0,39.0,4.0,5.0,0.0,26381.0,4,Grécia
14   SALPINGIDIS,3.0,39.0,4.0,5.0,0.0,26381.0,4,Grécia
14   SALPINGIDIS,3.0,39.0,4.0,5.0,0.0,26381.0,4,Grécia
14   STOCKER,1.0,9.0,1.0,0.0,0.0,5660.0,1,Suíça
14   SUŠIĆ,1.0,57.0,4.0,4.0,0.0,13495.0,2,Bósnia e Herzegovina
14   SUŠIĆ,1.0,57.0,4.0,4.0,0.0,13495.0,2,Bósnia e Herzegovina
14   TROISI,1.0,20.0,4.0,2.0,0.0,6711.0,2,Austrália
14   TROISI,1.0,20.0,4.0,2.0,0.0,6711.0,2,Austrália
14   V. BEREZUTSKIY,1.0,163.0,19.0,2.0,0.0,31814.0,3,Rússia
14   V. BEREZUTSKIY,1.0,163.0,19.0,2.0,0.0,31814.0,3,Rússia
14   V. BEREZUTSKIY,1.0,163.0,19.0,2.0,0.0,31814.0,3,Rússia
15   A. MEJIA,0.0,37.0,8.0,6.0,0.0,16327.0,4,Colômbia
15   A. MEJIA,0.0,37.0,8.0,6.0,0.0,16327.0,4,Colômbia
15   A. MEJIA,0.0,37.0,8.0,6.0,0.0,16327.0,4,Colômbia
15   A. MEJIA,0.0,37.0,8.0,6.0,0.0,16327.0,4,Colômbia
15   ARROYO,3.0,33.0,4.0,2.0,0.0,12879.0,2,Equador
15   ARROYO,3.0,33.0,4.0,2.0,0.0,12879.0,2,Equador
15   AZEEZ,0.0,40.0,2.0,0.0,0.0,9131.0,1,Nigéria
15   BARZAGLI,1.0,189.0,18.0,2.0,0.0,30109.0,3,Itália
15   BARZAGLI,1.0,189.0,18.0,2.0,0.0,30109.0,3,Itália
15   BARZAGLI,1.0,189.0,18.0,2.0,0.0,30109.0,3,Itália
15   BEAUSEJOUR,1.0,13.0,1.0,0.0,0.0,8117.0,2,Chile
15   BEAUSEJOUR,1.0,13.0,1.0,0.0,0.0,8117.0,2,Chile
15   BECKERMAN,1.0,135.0,14.0,18.0,0.0,33421.0,3,EUA
15   BECKERMAN,1.0,135.0,14.0,18.0,0.0,33421.0,3,EUA
15   BECKERMAN,1.0,135.0,14.0,18.0,0.0,33421.0,3,EUA
15   DIAZ J.,0.0,131.0,14.0,11.0,0.0,43262.0,4,Costa Rica
15   DIAZ J.,0.0,131.0,14.0,11.0,0.0,43262.0,4,Costa Rica
15   DIAZ J.,0.0,131.0,14.0,11.0,0.0,43262.0,4,Costa Rica
15   DIAZ J.,0.0,131.0,14.0,11.0,0.0,43262.0,4,Costa Rica
15   DZEMAILI,4.0,43.0,1.0,1.0,0.0,6721.0,3,Suíça
15   DZEMAILI,4.0,43.0,1.0,1.0,0.0,6721.0,3,Suíça
15   DZEMAILI,4.0,43.0,1.0,1.0,0.0,6721.0,3,Suíça
15   ESPINOZA,4.0,81.0,12.0,4.0,0.0,25714.0,3,Honduras
15   ESPINOZA,4.0,81.0,12.0,4.0,0.0,25714.0,3,Honduras
15   ESPINOZA,4.0,81.0,12.0,4.0,0.0,25714.0,3,Honduras
15   GRADEL,1.0,15.0,2.0,0.0,0.0,7745.0,1,Costa do Marfim
15   H MORENO,0.0,120.0,17.0,4.0,0.0,27158.0,3,México
15   H MORENO,0.0,120.0,17.0,4.0,0.0,27158.0,3,México
15   H MORENO,0.0,120.0,17.0,4.0,0.0,27158.0,3,México
15   H. MORENO,0.0,19.0,5.0,2.0,0.0,5187.0,1,México
15   JEDINAK,2.0,125.0,18.0,4.0,0.0,35350.0,3,Austrália
15   JEDINAK,2.0,125.0,18.0,4.0,0.0,35350.0,3,Austrália
15   JEDINAK,2.0,125.0,18.0,4.0,0.0,35350.0,3,Austrália
15   KONNO,1.0,127.0,6.0,2.0,0.0,18600.0,2,Japão
15   KONNO,1.0,127.0,6.0,2.0,0.0,18600.0,2,Japão
15   KUYT,1.0,76.0,11.0,2.0,0.0,20434.0,2,Holanda
15   KUYT,1.0,76.0,11.0,2.0,0.0,20434.0,2,Holanda
15   MONTAZERI,0.0,89.0,19.0,5.0,0.0,30194.0,3,Irã
15   MONTAZERI,0.0,89.0,19.0,5.0,0.0,30194.0,3,Irã
15   MONTAZERI,0.0,89.0,19.0,5.0,0.0,30194.0,3,Irã
15   RAMOS,6.0,174.0,21.0,4.0,0.0,29744.0,3,Espanha
15   RAMOS,6.0,174.0,21.0,4.0,0.0,29744.0,3,Espanha
15   RAMOS,6.0,174.0,21.0,4.0,0.0,29744.0,3,Espanha
15   SAGNA,0.0,45.0,1.0,1.0,0.0,9581.0,1,França
15   SOUDANI,0.0,21.0,5.0,7.0,0.0,18974.0,3,Argélia
15   SOUDANI,0.0,21.0,5.0,7.0,0.0,18974.0,3,Argélia
15   SOUDANI,0.0,21.0,5.0,7.0,0.0,18974.0,3,Argélia
15   TOROSIDIS,5.0,127.0,20.0,6.0,0.0,40931.0,4,Grécia
15   TOROSIDIS,5.0,127.0,20.0,6.0,0.0,40931.0,4,Grécia
15   TOROSIDIS,5.0,127.0,20.0,6.0,0.0,40931.0,4,Grécia
15   TOROSIDIS,5.0,127.0,20.0,6.0,0.0,40931.0,4,Grécia
15   VAN BUYTEN,5.0,202.0,36.0,3.0,0.0,43047.0,4,Bélgica
15   VAN BUYTEN,5.0,202.0,36.0,3.0,0.0,43047.0,4,Bélgica
15   VAN BUYTEN,5.0,202.0,36.0,3.0,0.0,43047.0,4,Bélgica
15   VAN BUYTEN,5.0,202.0,36.0,3.0,0.0,43047.0,4,Bélgica
15   WEBO,2.0,10.0,2.0,1.0,0.0,6165.0,3,Camarões
15   WEBO,2.0,10.0,2.0,1.0,0.0,6165.0,3,Camarões
15   WEBO,2.0,10.0,2.0,1.0,0.0,6165.0,3,Camarões
15   ŠUNJIĆ,0.0,115.0,12.0,11.0,0.0,20054.0,2,Bósnia e Herzegovina
15   ŠUNJIĆ,0.0,115.0,12.0,11.0,0.0,20054.0,2,Bósnia e Herzegovina
16   A. BALANTA,0.0,21.0,6.0,0.0,0.0,9502.0,1,Colômbia
16   A. VALENCIA,2.0,67.0,4.0,2.0,0.0,26292.0,3,Equador
16   A. VALENCIA,2.0,67.0,4.0,2.0,0.0,26292.0,3,Equador
16   A. VALENCIA,2.0,67.0,4.0,2.0,0.0,26292.0,3,Equador
16   DAUDA,0.0,34.0,0.0,0.0,8.0,8393.0,2,Gana
16   DAUDA,0.0,34.0,0.0,0.0,8.0,8393.0,2,Gana
16   DE ROSSI,0.0,202.0,15.0,6.0,0.0,20821.0,2,Itália
16   DE ROSSI,0.0,202.0,15.0,6.0,0.0,20821.0,2,Itália
16   DEFOUR,0.0,23.0,2.0,1.0,0.0,5313.0,1,Bélgica
16   FERNANDES,0.0,16.0,4.0,3.0,0.0,8087.0,1,Suíça
16   GAMBOA C.,1.0,103.0,18.0,10.0,0.0,38736.0,4,Costa Rica
16   GAMBOA C.,1.0,103.0,18.0,10.0,0.0,38736.0,4,Costa Rica
16   GAMBOA C.,1.0,103.0,18.0,10.0,0.0,38736.0,4,Costa Rica
16   GAMBOA C.,1.0,103.0,18.0,10.0,0.0,38736.0,4,Costa Rica
16   GREEN,1.0,4.0,0.0,0.0,0.0,2032.0,1,EUA
16   GUTIÉRREZ,3.0,65.0,7.0,6.0,0.0,25186.0,4,Chile
16   GUTIÉRREZ,3.0,65.0,7.0,6.0,0.0,25186.0,4,Chile
16   GUTIÉRREZ,3.0,65.0,7.0,6.0,0.0,25186.0,4,Chile
16   GUTIÉRREZ,3.0,65.0,7.0,6.0,0.0,25186.0,4,Chile
16   ITANJDE,0.0,52.0,0.0,0.0,15.0,10743.0,3,Camarões
16   ITANJDE,0.0,52.0,0.0,0.0,15.0,10743.0,3,Camarões
16   ITANJDE,0.0,52.0,0.0,0.0,15.0,10743.0,3,Camarões
16   JONES,0.0,38.0,6.0,1.0,0.0,9644.0,1,Inglaterra
16   LAHM,3.0,342.0,22.0,7.0,0.0,47005.0,4,Alemanha
16   LAHM,3.0,342.0,22.0,7.0,0.0,47005.0,4,Alemanha
16   LAHM,3.0,342.0,22.0,7.0,0.0,47005.0,4,Alemanha
16   LAHM,3.0,342.0,22.0,7.0,0.0,47005.0,4,Alemanha
16   LAZAROS,9.0,54.0,5.0,5.0,0.0,21933.0,2,Grécia
16   LAZAROS,9.0,54.0,5.0,5.0,0.0,21933.0,2,Grécia
16   LULIĆ,2.0,51.0,6.0,5.0,0.0,16718.0,2,Bósnia e Herzegovina
16   LULIĆ,2.0,51.0,6.0,5.0,0.0,16718.0,2,Bósnia e Herzegovina
16   M. PEREIRA,1.0,99.0,14.0,2.0,0.0,26758.0,3,Uruguai
16   M. PEREIRA,1.0,99.0,14.0,2.0,0.0,26758.0,3,Uruguai
16   M. PEREIRA,1.0,99.0,14.0,2.0,0.0,26758.0,3,Uruguai
16   R. MEIRELES,2.0,82.0,7.0,2.0,0.0,18802.0,2,Portugal
16   R. MEIRELES,2.0,82.0,7.0,2.0,0.0,18802.0,2,Portugal
16   RAMIRES,1.0,29.0,2.0,3.0,0.0,16497.0,4,Brasil
16   RAMIRES,1.0,29.0,2.0,3.0,0.0,16497.0,4,Brasil
16   RAMIRES,1.0,29.0,2.0,3.0,0.0,16497.0,4,Brasil
16   RAMIRES,1.0,29.0,2.0,3.0,0.0,16497.0,4,Brasil
16   REBIĆ,2.0,12.0,2.0,0.0,0.0,5885.0,3,Croácia
16   REBIĆ,2.0,12.0,2.0,0.0,0.0,5885.0,3,Croácia
16   REBIĆ,2.0,12.0,2.0,0.0,0.0,5885.0,3,Croácia
16   REZA,10.0,39.0,6.0,3.0,0.0,32021.0,3,Irã
16   REZA,10.0,39.0,6.0,3.0,0.0,32021.0,3,Irã
16   REZA,10.0,39.0,6.0,3.0,0.0,32021.0,3,Irã
16   ROJO,7.0,177.0,30.0,8.0,0.0,44758.0,4,Argentina
16   ROJO,7.0,177.0,30.0,8.0,0.0,44758.0,4,Argentina
16   ROJO,7.0,177.0,30.0,8.0,0.0,44758.0,4,Argentina
16   ROJO,7.0,177.0,30.0,8.0,0.0,44758.0,4,Argentina
16   S Y KI,7.0,175.0,13.0,6.0,0.0,32507.0,3,Coreia do Sul
16   S Y KI,7.0,175.0,13.0,6.0,0.0,32507.0,3,Coreia do Sul
16   S Y KI,7.0,175.0,13.0,6.0,0.0,32507.0,3,Coreia do Sul
16   SERGIO,1.0,125.0,8.0,1.0,0.0,20601.0,2,Espanha
16   SERGIO,1.0,125.0,8.0,1.0,0.0,20601.0,2,Espanha
16   YAMAGUCHI,2.0,145.0,10.0,3.0,0.0,23000.0,3,Japão
16   YAMAGUCHI,2.0,145.0,10.0,3.0,0.0,23000.0,3,Japão
16   YAMAGUCHI,2.0,145.0,10.0,3.0,0.0,23000.0,3,Japão
17   ALTIDORE,1.0,3.0,0.0,0.0,0.0,2437.0,1,EUA
17   C Y LEE,3.0,94.0,8.0,4.0,0.0,30318.0,3,Coreia do Sul
17   C Y LEE,3.0,94.0,8.0,4.0,0.0,30318.0,3,Coreia do Sul
17   C Y LEE,3.0,94.0,8.0,4.0,0.0,30318.0,3,Coreia do Sul
17   DIGNE,0.0,54.0,7.0,0.0,0.0,10170.0,1,França
17   E. AREVALO RIOS,2.0,137.0,25.0,12.0,0.0,39785.0,4,Uruguai
17   E. AREVALO RIOS,2.0,137.0,25.0,12.0,0.0,39785.0,4,Uruguai
17   E. AREVALO RIOS,2.0,137.0,25.0,12.0,0.0,39785.0,4,Uruguai
17   E. AREVALO RIOS,2.0,137.0,25.0,12.0,0.0,39785.0,4,Uruguai
17   F. FERNANDEZ,3.0,199.0,27.0,12.0,0.0,41242.0,4,Argentina
17   F. FERNANDEZ,3.0,199.0,27.0,12.0,0.0,41242.0,4,Argentina
17   F. FERNANDEZ,3.0,199.0,27.0,12.0,0.0,41242.0,4,Argentina
17   F. FERNANDEZ,3.0,199.0,27.0,12.0,0.0,41242.0,4,Argentina
17   GEKAS,5.0,20.0,3.0,0.0,0.0,19917.0,4,Grécia
17   GEKAS,5.0,20.0,3.0,0.0,0.0,19917.0,4,Grécia
17   GEKAS,5.0,20.0,3.0,0.0,0.0,19917.0,4,Grécia
17   GEKAS,5.0,20.0,3.0,0.0,0.0,19917.0,4,Grécia
17   HASEBE,2.0,118.0,12.0,4.0,0.0,22079.0,3,Japão
17   HASEBE,2.0,118.0,12.0,4.0,0.0,22079.0,3,Japão
17   HASEBE,2.0,118.0,12.0,4.0,0.0,22079.0,3,Japão
17   IMMOBILE,2.0,14.0,0.0,0.0,0.0,11031.0,2,Itália
17   IMMOBILE,2.0,14.0,0.0,0.0,0.0,11031.0,2,Itália
17   KOKE,2.0,125.0,10.0,6.0,0.0,18997.0,2,Espanha
17   KOKE,2.0,125.0,10.0,6.0,0.0,18997.0,2,Espanha
17   L GUSTAVO,3.0,186.0,34.0,12.0,0.0,46129.0,4,Brasil
17   L GUSTAVO,3.0,186.0,34.0,12.0,0.0,46129.0,4,Brasil
17   L GUSTAVO,3.0,186.0,34.0,12.0,0.0,46129.0,4,Brasil
17   L GUSTAVO,3.0,186.0,34.0,12.0,0.0,46129.0,4,Brasil
17   LENS,3.0,12.0,2.0,2.0,0.0,9593.0,3,Holanda
17   LENS,3.0,12.0,2.0,2.0,0.0,9593.0,3,Holanda
17   LENS,3.0,12.0,2.0,2.0,0.0,9593.0,3,Holanda
17   MANDŽUKIĆ,4.0,27.0,1.0,2.0,0.0,19293.0,2,Croácia
17   MANDŽUKIĆ,4.0,27.0,1.0,2.0,0.0,19293.0,2,Croácia
17   MBIA,4.0,122.0,13.0,2.0,0.0,31501.0,3,Camarões
17   MBIA,4.0,122.0,13.0,2.0,0.0,31501.0,3,Camarões
17   MBIA,4.0,122.0,13.0,2.0,0.0,31501.0,3,Camarões
17   MCKAY,1.0,85.0,12.0,1.0,0.0,25971.0,2,Austrália
17   MCKAY,1.0,85.0,12.0,1.0,0.0,25971.0,2,Austrália
17   MEDEL,1.0,281.0,36.0,7.0,0.0,39331.0,4,Chile
17   MEDEL,1.0,281.0,36.0,7.0,0.0,39331.0,4,Chile
17   MEDEL,1.0,281.0,36.0,7.0,0.0,39331.0,4,Chile
17   MEDEL,1.0,281.0,36.0,7.0,0.0,39331.0,4,Chile
17   MERTESACKER,0.0,299.0,33.0,2.0,0.0,39082.0,4,Alemanha
17   MERTESACKER,0.0,299.0,33.0,2.0,0.0,39082.0,4,Alemanha
17   MERTESACKER,0.0,299.0,33.0,2.0,0.0,39082.0,4,Alemanha
17   MERTESACKER,0.0,299.0,33.0,2.0,0.0,39082.0,4,Alemanha
17   MILNER,0.0,21.0,5.0,1.0,0.0,8792.0,1,Inglaterra
17   NAJAR,1.0,14.0,0.0,1.0,0.0,8033.0,2,Honduras
17   NAJAR,1.0,14.0,0.0,1.0,0.0,8033.0,2,Honduras
17   NANI,12.0,110.0,13.0,5.0,0.0,32263.0,3,Portugal
17   NANI,12.0,110.0,13.0,5.0,0.0,32263.0,3,Portugal
17   NANI,12.0,110.0,13.0,5.0,0.0,32263.0,3,Portugal
17   ONAZI,12.0,188.0,27.0,15.0,0.0,36468.0,4,Nigéria
17   ONAZI,12.0,188.0,27.0,15.0,0.0,36468.0,4,Nigéria
17   ONAZI,12.0,188.0,27.0,15.0,0.0,36468.0,4,Nigéria
17   ONAZI,12.0,188.0,27.0,15.0,0.0,36468.0,4,Nigéria
17   ORIGI,11.0,32.0,2.0,1.0,0.0,23662.0,4,Bélgica
17   ORIGI,11.0,32.0,2.0,1.0,0.0,23662.0,4,Bélgica
17   ORIGI,11.0,32.0,2.0,1.0,0.0,23662.0,4,Bélgica
17   ORIGI,11.0,32.0,2.0,1.0,0.0,23662.0,4,Bélgica
17   RABIU,0.0,77.0,11.0,3.0,0.0,29408.0,3,Gana
17   RABIU,0.0,77.0,11.0,3.0,0.0,29408.0,3,Gana
17   RABIU,0.0,77.0,11.0,3.0,0.0,29408.0,3,Gana
17   S. AURIER,3.0,118.0,14.0,10.0,0.0,28771.0,3,Costa do Marfim
17   S. AURIER,3.0,118.0,14.0,10.0,0.0,28771.0,3,Costa do Marfim
17   S. AURIER,3.0,118.0,14.0,10.0,0.0,28771.0,3,Costa do Marfim
17   SHATOV,2.0,70.0,11.0,1.0,0.0,27743.0,3,Rússia
17   SHATOV,2.0,70.0,11.0,1.0,0.0,27743.0,3,Rússia
17   SHATOV,2.0,70.0,11.0,1.0,0.0,27743.0,3,Rússia
17   TEJEDA Y.,0.0,131.0,19.0,16.0,0.0,37569.0,4,Costa Rica
17   TEJEDA Y.,0.0,131.0,19.0,16.0,0.0,37569.0,4,Costa Rica
17   TEJEDA Y.,0.0,131.0,19.0,16.0,0.0,37569.0,4,Costa Rica
17   TEJEDA Y.,0.0,131.0,19.0,16.0,0.0,37569.0,4,Costa Rica
18   A GUARDADO,6.0,85.0,8.0,3.0,0.0,29775.0,3,México
18   A GUARDADO,6.0,85.0,8.0,3.0,0.0,29775.0,3,México
18   A GUARDADO,6.0,85.0,8.0,3.0,0.0,29775.0,3,México
18   A. GUARDADO,0.0,22.0,2.0,0.0,0.0,11760.0,1,México
18   BABATUNDE,2.0,37.0,6.0,5.0,0.0,17542.0,2,Nigéria
18   BABATUNDE,2.0,37.0,6.0,5.0,0.0,17542.0,2,Nigéria
18   C. ZUÑIGA,2.0,123.0,14.0,3.0,0.0,27868.0,3,Colômbia
18   C. ZUÑIGA,2.0,123.0,14.0,3.0,0.0,27868.0,3,Colômbia
18   C. ZUÑIGA,2.0,123.0,14.0,3.0,0.0,27868.0,3,Colômbia
18   DJABOU,4.0,40.0,8.0,3.0,0.0,18654.0,3,Argélia
18   DJABOU,4.0,40.0,8.0,3.0,0.0,18654.0,3,Argélia
18   DJABOU,4.0,40.0,8.0,3.0,0.0,18654.0,3,Argélia
18   DJAKPA,0.0,9.0,1.0,0.0,0.0,2015.0,1,Costa do Marfim
18   ENOH,5.0,73.0,9.0,9.0,0.0,31755.0,3,Camarões
18   ENOH,5.0,73.0,9.0,9.0,0.0,31755.0,3,Camarões
18   ENOH,5.0,73.0,9.0,9.0,0.0,31755.0,3,Camarões
18   FER,1.0,6.0,1.0,1.0,0.0,1979.0,1,Holanda
18   FETFATZIDIS,0.0,19.0,6.0,3.0,0.0,8997.0,2,Grécia
18   FETFATZIDIS,0.0,19.0,6.0,3.0,0.0,8997.0,2,Grécia
18   G. RAMIREZ,1.0,37.0,4.0,1.0,0.0,7877.0,2,Uruguai
18   G. RAMIREZ,1.0,37.0,4.0,1.0,0.0,7877.0,2,Uruguai
18   HERNANES,0.0,5.0,1.0,0.0,0.0,3420.0,1,Brasil
18   JARA,1.0,217.0,22.0,6.0,0.0,43673.0,4,Chile
18   JARA,1.0,217.0,22.0,6.0,0.0,43673.0,4,Chile
18   JARA,1.0,217.0,22.0,6.0,0.0,43673.0,4,Chile
18   JARA,1.0,217.0,22.0,6.0,0.0,43673.0,4,Chile
18   JORDI ALBA,3.0,194.0,25.0,0.0,0.0,31809.0,3,Espanha
18   JORDI ALBA,3.0,194.0,25.0,0.0,0.0,31809.0,3,Espanha
18   JORDI ALBA,3.0,194.0,25.0,0.0,0.0,31809.0,3,Espanha
18   KROOS,8.0,354.0,11.0,5.0,0.0,46400.0,4,Alemanha
18   KROOS,8.0,354.0,11.0,5.0,0.0,46400.0,4,Alemanha
18   KROOS,8.0,354.0,11.0,5.0,0.0,46400.0,4,Alemanha
18   KROOS,8.0,354.0,11.0,5.0,0.0,46400.0,4,Alemanha
18   LAMBERT,0.0,0.0,0.0,0.0,0.0,803.0,1,Inglaterra
18   LOMBAERTS,0.0,30.0,4.0,0.0,0.0,10121.0,1,Bélgica
18   MEDUNJANIN,2.0,86.0,7.0,1.0,0.0,9946.0,2,Bósnia e Herzegovina
18   MEDUNJANIN,2.0,86.0,7.0,1.0,0.0,9946.0,2,Bósnia e Herzegovina
18   MEHMEDI,5.0,115.0,13.0,3.0,0.0,39584.0,4,Suíça
18   MEHMEDI,5.0,115.0,13.0,3.0,0.0,39584.0,4,Suíça
18   MEHMEDI,5.0,115.0,13.0,3.0,0.0,39584.0,4,Suíça
18   MEHMEDI,5.0,115.0,13.0,3.0,0.0,39584.0,4,Suíça
18   OLIĆ,5.0,38.0,9.0,10.0,0.0,28619.0,3,Croácia
18   OLIĆ,5.0,38.0,9.0,10.0,0.0,28619.0,3,Croácia
18   OLIĆ,5.0,38.0,9.0,10.0,0.0,28619.0,3,Croácia
18   OSAKO,3.0,19.0,0.0,0.0,0.0,13681.0,2,Japão
18   OSAKO,3.0,19.0,0.0,0.0,0.0,13681.0,2,Japão
18   PALACIO,3.0,8.0,2.0,2.0,0.0,8642.0,2,Argentina
18   PALACIO,3.0,8.0,2.0,2.0,0.0,8642.0,2,Argentina
18   PAROLO,1.0,18.0,4.0,0.0,0.0,8062.0,2,Itália
18   PAROLO,1.0,18.0,4.0,0.0,0.0,8062.0,2,Itália
18   S W KIM,2.0,17.0,1.0,0.0,0.0,11629.0,2,Coreia do Sul
18   S W KIM,2.0,17.0,1.0,0.0,0.0,11629.0,2,Coreia do Sul
18   SISSOKO,3.0,87.0,8.0,2.0,0.0,25150.0,4,França
18   SISSOKO,3.0,87.0,8.0,2.0,0.0,25150.0,4,França
18   SISSOKO,3.0,87.0,8.0,2.0,0.0,25150.0,4,França
18   SISSOKO,3.0,87.0,8.0,2.0,0.0,25150.0,4,França
18   VALLADARES,0.0,57.0,0.0,0.0,11.0,9952.0,3,Honduras
18   VALLADARES,0.0,57.0,0.0,0.0,11.0,9952.0,3,Honduras
18   VALLADARES,0.0,57.0,0.0,0.0,11.0,9952.0,3,Honduras
18   VARELA,3.0,20.0,2.0,0.0,0.0,6858.0,2,Portugal
18   VARELA,3.0,20.0,2.0,0.0,0.0,6858.0,2,Portugal
18   WARIS,1.0,14.0,3.0,0.0,0.0,8083.0,1,Gana
18   WONDOLOWSKI,1.0,18.0,2.0,1.0,0.0,7891.0,2,EUA
18   WONDOLOWSKI,1.0,18.0,2.0,1.0,0.0,7891.0,2,EUA
18   ZHIRKOV,1.0,18.0,2.0,0.0,0.0,8370.0,1,Rússia
19   A. ALMEIDA,0.0,36.0,4.0,1.0,0.0,8226.0,2,Portugal
19   A. ALMEIDA,0.0,36.0,4.0,1.0,0.0,8226.0,2,Portugal
19   ALVAREZ,0.0,11.0,1.0,0.0,0.0,3723.0,1,Argentina
19   BONUCCI,0.0,47.0,6.0,1.0,0.0,9220.0,1,Itália
19   D W JI,2.0,11.0,0.0,0.0,0.0,4914.0,2,Coreia do Sul
19   D W JI,2.0,11.0,0.0,0.0,0.0,4914.0,2,Coreia do Sul
19   DEMBELE,1.0,81.0,7.0,2.0,0.0,18100.0,2,Bélgica
19   DEMBELE,1.0,81.0,7.0,2.0,0.0,18100.0,2,Bélgica
19   DIEGO COSTA,4.0,22.0,0.0,0.0,0.0,12869.0,2,Espanha
19   DIEGO COSTA,4.0,22.0,0.0,0.0,0.0,12869.0,2,Espanha
19   DRMIC,5.0,29.0,0.0,0.0,0.0,29089.0,4,Suíça
19   DRMIC,5.0,29.0,0.0,0.0,0.0,29089.0,4,Suíça
19   DRMIC,5.0,29.0,0.0,0.0,0.0,29089.0,4,Suíça
19   DRMIC,5.0,29.0,0.0,0.0,0.0,29089.0,4,Suíça
19   GARRIDO,0.0,55.0,12.0,7.0,0.0,20126.0,2,Honduras
19   GARRIDO,0.0,55.0,12.0,7.0,0.0,20126.0,2,Honduras
19   GÖTZE,7.0,96.0,7.0,4.0,0.0,29304.0,4,Alemanha
19   GÖTZE,7.0,96.0,7.0,4.0,0.0,29304.0,4,Alemanha
19   GÖTZE,7.0,96.0,7.0,4.0,0.0,29304.0,4,Alemanha
19   GÖTZE,7.0,96.0,7.0,4.0,0.0,29304.0,4,Alemanha
19   HUNTELAAR,1.0,4.0,1.0,0.0,0.0,2375.0,1,Holanda
19   JONATHAN,3.0,122.0,22.0,5.0,0.0,29725.0,3,Gana
19   JONATHAN,3.0,122.0,22.0,5.0,0.0,29725.0,3,Gana
19   JONATHAN,3.0,122.0,22.0,5.0,0.0,29725.0,3,Gana
19   MCGOWAN,0.0,90.0,10.0,11.0,0.0,24381.0,3,Austrália
19   MCGOWAN,0.0,90.0,10.0,11.0,0.0,24381.0,3,Austrália
19   MCGOWAN,0.0,90.0,10.0,11.0,0.0,24381.0,3,Austrália
19   MILLER R.,0.0,28.0,6.0,3.0,0.0,9702.0,1,Costa Rica
19   NWOFOR,0.0,5.0,1.0,0.0,0.0,2079.0,2,Nigéria
19   NWOFOR,0.0,5.0,1.0,0.0,0.0,2079.0,2,Nigéria
19   O PERALTA,4.0,44.0,4.0,6.0,0.0,22559.0,3,México
19   O PERALTA,4.0,44.0,4.0,6.0,0.0,22559.0,3,México
19   O PERALTA,4.0,44.0,4.0,6.0,0.0,22559.0,3,México
19   O. PERALTA,1.0,17.0,1.0,1.0,0.0,8381.0,1,México
19   POGBA,10.0,162.0,6.0,4.0,0.0,31065.0,4,França
19   POGBA,10.0,162.0,6.0,4.0,0.0,31065.0,4,França
19   POGBA,10.0,162.0,6.0,4.0,0.0,31065.0,4,França
19   POGBA,10.0,162.0,6.0,4.0,0.0,31065.0,4,França
19   RAMOS,2.0,24.0,0.0,1.0,0.0,10898.0,2,Colômbia
19   RAMOS,2.0,24.0,0.0,1.0,0.0,10898.0,2,Colômbia
19   S. COATES,0.0,2.0,1.0,0.0,0.0,820.0,1,Uruguai
19   SAMEDOV,2.0,100.0,8.0,1.0,0.0,33272.0,3,Rússia
19   SAMEDOV,2.0,100.0,8.0,1.0,0.0,33272.0,3,Rússia
19   SAMEDOV,2.0,100.0,8.0,1.0,0.0,33272.0,3,Rússia
19   SAMMIR,2.0,23.0,1.0,3.0,0.0,8215.0,1,Croácia
19   SOKRATIS,2.0,127.0,21.0,5.0,0.0,37385.0,4,Grécia
19   SOKRATIS,2.0,127.0,21.0,5.0,0.0,37385.0,4,Grécia
19   SOKRATIS,2.0,127.0,21.0,5.0,0.0,37385.0,4,Grécia
19   SOKRATIS,2.0,127.0,21.0,5.0,0.0,37385.0,4,Grécia
19   STERLING,4.0,60.0,0.0,3.0,0.0,20915.0,3,Inglaterra
19   STERLING,4.0,60.0,0.0,3.0,0.0,20915.0,3,Inglaterra
19   STERLING,4.0,60.0,0.0,3.0,0.0,20915.0,3,Inglaterra
19   TAIDER,0.0,39.0,6.0,5.0,0.0,20634.0,2,Argélia
19   TAIDER,0.0,39.0,6.0,5.0,0.0,20634.0,2,Argélia
19   TOURE YAYA,9.0,136.0,8.0,2.0,0.0,29605.0,3,Costa do Marfim
19   TOURE YAYA,9.0,136.0,8.0,2.0,0.0,29605.0,3,Costa do Marfim
19   TOURE YAYA,9.0,136.0,8.0,2.0,0.0,29605.0,3,Costa do Marfim
19   VIŠĆA,3.0,5.0,0.0,0.0,0.0,4107.0,2,Bósnia e Herzegovina
19   VIŠĆA,3.0,5.0,0.0,0.0,0.0,4107.0,2,Bósnia e Herzegovina
19   WILLIAN,1.0,21.0,3.0,0.0,0.0,5534.0,3,Brasil
19   WILLIAN,1.0,21.0,3.0,0.0,0.0,5534.0,3,Brasil
19   WILLIAN,1.0,21.0,3.0,0.0,0.0,5534.0,3,Brasil
19   ZUSI,2.0,91.0,7.0,7.0,0.0,33673.0,4,EUA
19   ZUSI,2.0,91.0,7.0,7.0,0.0,33673.0,4,EUA
19   ZUSI,2.0,91.0,7.0,7.0,0.0,33673.0,4,EUA
19   ZUSI,2.0,91.0,7.0,7.0,0.0,33673.0,4,EUA
1   AKINFEEV,0.0,56.0,0.0,0.0,10.0,10138.0,3,Rússia
1   AKINFEEV,0.0,56.0,0.0,0.0,10.0,10138.0,3,Rússia
1   AKINFEEV,0.0,56.0,0.0,0.0,10.0,10138.0,3,Rússia
1   BARRY COPA,0.0,57.0,0.0,0.0,8.0,7163.0,3,Costa do Marfim
1   BARRY COPA,0.0,57.0,0.0,0.0,8.0,7163.0,3,Costa do Marfim
1   BARRY COPA,0.0,57.0,0.0,0.0,8.0,7163.0,3,Costa do Marfim
1   BEGOVIĆ,0.0,53.0,0.0,0.0,13.0,14801.0,3,Bósnia e Herzegovina
1   BEGOVIĆ,0.0,53.0,0.0,0.0,13.0,14801.0,3,Bósnia e Herzegovina
1   BEGOVIĆ,0.0,53.0,0.0,0.0,13.0,14801.0,3,Bósnia e Herzegovina
1   BENAGLIO,0.0,66.0,0.0,1.0,22.0,21703.0,4,Suíça
1   BENAGLIO,0.0,66.0,0.0,1.0,22.0,21703.0,4,Suíça
1   BENAGLIO,0.0,66.0,0.0,1.0,22.0,21703.0,4,Suíça
1   BENAGLIO,0.0,66.0,0.0,1.0,22.0,21703.0,4,Suíça
1   BUFFON,0.0,56.0,0.0,0.0,8.0,10538.0,2,Itália
1   BUFFON,0.0,56.0,0.0,0.0,8.0,10538.0,2,Itália
1   C. BRAVO,0.0,116.0,0.0,0.0,18.0,23362.0,4,Chile
1   C. BRAVO,0.0,116.0,0.0,0.0,18.0,23362.0,4,Chile
1   C. BRAVO,0.0,116.0,0.0,0.0,18.0,23362.0,4,Chile
1   C. BRAVO,0.0,116.0,0.0,0.0,18.0,23362.0,4,Chile
1   CILLESSEN,0.0,87.0,0.0,0.0,11.0,19602.0,4,Holanda
1   CILLESSEN,0.0,87.0,0.0,0.0,11.0,19602.0,4,Holanda
1   CILLESSEN,0.0,87.0,0.0,0.0,11.0,19602.0,4,Holanda
1   CILLESSEN,0.0,87.0,0.0,0.0,11.0,19602.0,4,Holanda
1   COURTOIS,0.0,67.0,0.0,0.0,13.0,16420.0,4,Bélgica
1   COURTOIS,0.0,67.0,0.0,0.0,13.0,16420.0,4,Bélgica
1   COURTOIS,0.0,67.0,0.0,0.0,13.0,16420.0,4,Bélgica
1   COURTOIS,0.0,67.0,0.0,0.0,13.0,16420.0,4,Bélgica
1   EDUARDO,0.0,1.0,0.0,0.0,0.0,410.0,1,Portugal
1   ENYEAMA,0.0,74.0,0.0,0.0,21.0,12700.0,4,Nigéria
1   ENYEAMA,0.0,74.0,0.0,0.0,21.0,12700.0,4,Nigéria
1   ENYEAMA,0.0,74.0,0.0,0.0,21.0,12700.0,4,Nigéria
1   ENYEAMA,0.0,74.0,0.0,0.0,21.0,12700.0,4,Nigéria
1   F. MUSLERA,0.0,53.0,0.0,0.0,10.0,12773.0,4,Uruguai
1   F. MUSLERA,0.0,53.0,0.0,0.0,10.0,12773.0,4,Uruguai
1   F. MUSLERA,0.0,53.0,0.0,0.0,10.0,12773.0,4,Uruguai
1   F. MUSLERA,0.0,53.0,0.0,0.0,10.0,12773.0,4,Uruguai
1   HART,0.0,40.0,0.0,0.0,4.0,8077.0,2,Inglaterra
1   HART,0.0,40.0,0.0,0.0,4.0,8077.0,2,Inglaterra
1   HOWARD,0.0,138.0,0.0,0.0,28.0,18515.0,4,EUA
1   HOWARD,0.0,138.0,0.0,0.0,28.0,18515.0,4,EUA
1   HOWARD,0.0,138.0,0.0,0.0,28.0,18515.0,4,EUA
1   HOWARD,0.0,138.0,0.0,0.0,28.0,18515.0,4,EUA
1   I. CASILLAS,0.0,35.0,0.0,0.0,7.0,6244.0,2,Espanha
1   I. CASILLAS,0.0,35.0,0.0,0.0,7.0,6244.0,2,Espanha
1   KARNEZIS,0.0,53.0,0.0,0.0,8.0,18659.0,4,Grécia
1   KARNEZIS,0.0,53.0,0.0,0.0,8.0,18659.0,4,Grécia
1   KARNEZIS,0.0,53.0,0.0,0.0,8.0,18659.0,4,Grécia
1   KARNEZIS,0.0,53.0,0.0,0.0,8.0,18659.0,4,Grécia
1   KAWASHIMA,0.0,65.0,0.0,0.0,8.0,10798.0,3,Japão
1   KAWASHIMA,0.0,65.0,0.0,0.0,8.0,10798.0,3,Japão
1   KAWASHIMA,0.0,65.0,0.0,0.0,8.0,10798.0,3,Japão
1   LLORIS,0.0,79.0,0.0,0.0,8.0,18149.0,4,França
1   LLORIS,0.0,79.0,0.0,0.0,8.0,18149.0,4,França
1   LLORIS,0.0,79.0,0.0,0.0,8.0,18149.0,4,França
1   LLORIS,0.0,79.0,0.0,0.0,8.0,18149.0,4,França
1   NAVAS K.,0.0,74.0,0.0,0.0,14.0,19259.0,4,Costa Rica
1   NAVAS K.,0.0,74.0,0.0,0.0,14.0,19259.0,4,Costa Rica
1   NAVAS K.,0.0,74.0,0.0,0.0,14.0,19259.0,4,Costa Rica
1   NAVAS K.,0.0,74.0,0.0,0.0,14.0,19259.0,4,Costa Rica
1   NEUER,0.0,132.0,0.0,0.0,13.0,20360.0,4,Alemanha
1   NEUER,0.0,132.0,0.0,0.0,13.0,20360.0,4,Alemanha
1   NEUER,0.0,132.0,0.0,0.0,13.0,20360.0,4,Alemanha
1   NEUER,0.0,132.0,0.0,0.0,13.0,20360.0,4,Alemanha
1   OSPINA,0.0,77.0,0.0,1.0,18.0,15933.0,4,Colômbia
1   OSPINA,0.0,77.0,0.0,1.0,18.0,15933.0,4,Colômbia
1   OSPINA,0.0,77.0,0.0,1.0,18.0,15933.0,4,Colômbia
1   OSPINA,0.0,77.0,0.0,1.0,18.0,15933.0,4,Colômbia
1   PLETIKOSA,0.0,60.0,0.0,0.0,5.0,9761.0,3,Croácia
1   PLETIKOSA,0.0,60.0,0.0,0.0,5.0,9761.0,3,Croácia
1   PLETIKOSA,0.0,60.0,0.0,0.0,5.0,9761.0,3,Croácia
1   ROMERO,0.0,72.0,0.0,0.0,13.0,12973.0,4,Argentina
1   ROMERO,0.0,72.0,0.0,0.0,13.0,12973.0,4,Argentina
1   ROMERO,0.0,72.0,0.0,0.0,13.0,12973.0,4,Argentina
1   ROMERO,0.0,72.0,0.0,0.0,13.0,12973.0,4,Argentina
1   RYAN,0.0,105.0,0.0,0.0,11.0,18494.0,3,Austrália
1   RYAN,0.0,105.0,0.0,0.0,11.0,18494.0,3,Austrália
1   RYAN,0.0,105.0,0.0,0.0,11.0,18494.0,3,Austrália
1   S R JUNG,0.0,22.0,0.0,0.0,5.0,7428.0,2,Coreia do Sul
1   S R JUNG,0.0,22.0,0.0,0.0,5.0,7428.0,2,Coreia do Sul
20   A. GONZALEZ,3.0,87.0,12.0,7.0,0.0,32148.0,4,Uruguai
20   A. GONZALEZ,3.0,87.0,12.0,7.0,0.0,32148.0,4,Uruguai
20   A. GONZALEZ,3.0,87.0,12.0,7.0,0.0,32148.0,4,Uruguai
20   A. GONZALEZ,3.0,87.0,12.0,7.0,0.0,32148.0,4,Uruguai
20   AGUERO,5.0,26.0,1.0,0.0,0.0,19534.0,3,Argentina
20   AGUERO,5.0,26.0,1.0,0.0,0.0,19534.0,3,Argentina
20   AGUERO,5.0,26.0,1.0,0.0,0.0,19534.0,3,Argentina
20   BERNARD,0.0,23.0,1.0,0.0,0.0,8381.0,2,Brasil
20   BERNARD,0.0,23.0,1.0,0.0,0.0,8381.0,2,Brasil
20   BOATENG,1.0,214.0,24.0,7.0,0.0,36196.0,4,Alemanha
20   BOATENG,1.0,214.0,24.0,7.0,0.0,36196.0,4,Alemanha
20   BOATENG,1.0,214.0,24.0,7.0,0.0,36196.0,4,Alemanha
20   BOATENG,1.0,214.0,24.0,7.0,0.0,36196.0,4,Alemanha
20   CAMERON,0.0,120.0,21.0,3.0,0.0,35501.0,3,EUA
20   CAMERON,0.0,120.0,21.0,3.0,0.0,35501.0,3,EUA
20   CAMERON,0.0,120.0,21.0,3.0,0.0,35501.0,3,EUA
20   CH. ARÁNGUIZ,4.0,133.0,15.0,9.0,0.0,47043.0,4,Chile
20   CH. ARÁNGUIZ,4.0,133.0,15.0,9.0,0.0,47043.0,4,Chile
20   CH. ARÁNGUIZ,4.0,133.0,15.0,9.0,0.0,47043.0,4,Chile
20   CH. ARÁNGUIZ,4.0,133.0,15.0,9.0,0.0,47043.0,4,Chile
20   CHOLEVAS,3.0,139.0,18.0,7.0,0.0,41250.0,4,Grécia
20   CHOLEVAS,3.0,139.0,18.0,7.0,0.0,41250.0,4,Grécia
20   CHOLEVAS,3.0,139.0,18.0,7.0,0.0,41250.0,4,Grécia
20   CHOLEVAS,3.0,139.0,18.0,7.0,0.0,41250.0,4,Grécia
20   CLAROS,2.0,126.0,14.0,12.0,0.0,23579.0,3,Honduras
20   CLAROS,2.0,126.0,14.0,12.0,0.0,23579.0,3,Honduras
20   CLAROS,2.0,126.0,14.0,12.0,0.0,23579.0,3,Honduras
20   DJOUROU,0.0,153.0,26.0,6.0,0.0,38127.0,4,Suíça
20   DJOUROU,0.0,153.0,26.0,6.0,0.0,38127.0,4,Suíça
20   DJOUROU,0.0,153.0,26.0,6.0,0.0,38127.0,4,Suíça
20   DJOUROU,0.0,153.0,26.0,6.0,0.0,38127.0,4,Suíça
20   FAYZULIN,4.0,139.0,9.0,2.0,0.0,35752.0,3,Rússia
20   FAYZULIN,4.0,139.0,9.0,2.0,0.0,35752.0,3,Rússia
20   FAYZULIN,4.0,139.0,9.0,2.0,0.0,35752.0,3,Rússia
20   HAJROVIĆ,5.0,41.0,3.0,0.0,0.0,14081.0,2,Bósnia e Herzegovina
20   HAJROVIĆ,5.0,41.0,3.0,0.0,0.0,14081.0,2,Bósnia e Herzegovina
20   J H HONG,1.0,120.0,21.0,1.0,0.0,26120.0,3,Coreia do Sul
20   J H HONG,1.0,120.0,21.0,1.0,0.0,26120.0,3,Coreia do Sul
20   J H HONG,1.0,120.0,21.0,1.0,0.0,26120.0,3,Coreia do Sul
20   J. AQUINO,1.0,10.0,2.0,2.0,0.0,4343.0,1,México
20   JANUZAJ,0.0,14.0,1.0,1.0,0.0,6604.0,1,Bélgica
20   K. ASAMOAH,3.0,150.0,24.0,3.0,0.0,29631.0,3,Gana
20   K. ASAMOAH,3.0,150.0,24.0,3.0,0.0,29631.0,3,Gana
20   K. ASAMOAH,3.0,150.0,24.0,3.0,0.0,29631.0,3,Gana
20   KOVAČIĆ,1.0,47.0,2.0,2.0,0.0,13971.0,3,Croácia
20   KOVAČIĆ,1.0,47.0,2.0,2.0,0.0,13971.0,3,Croácia
20   KOVAČIĆ,1.0,47.0,2.0,2.0,0.0,13971.0,3,Croácia
20   LALLANA,0.0,32.0,7.0,1.0,0.0,12274.0,3,Inglaterra
20   LALLANA,0.0,32.0,7.0,1.0,0.0,12274.0,3,Inglaterra
20   LALLANA,0.0,32.0,7.0,1.0,0.0,12274.0,3,Inglaterra
20   MANDI,0.0,91.0,15.0,11.0,0.0,32360.0,3,Argélia
20   MANDI,0.0,91.0,15.0,11.0,0.0,32360.0,3,Argélia
20   MANDI,0.0,91.0,15.0,11.0,0.0,32360.0,3,Argélia
20   PALETTA,0.0,43.0,2.0,1.0,0.0,8955.0,1,Itália
20   QUINTERO,3.0,25.0,3.0,0.0,0.0,10329.0,2,Colômbia
20   QUINTERO,3.0,25.0,3.0,0.0,0.0,10329.0,2,Colômbia
20   R. AMORIM,1.0,39.0,2.0,0.0,0.0,11276.0,1,Portugal
20   REMY,1.0,2.0,0.0,0.0,0.0,1522.0,1,França
20   S. CAZORLA,3.0,53.0,6.0,1.0,0.0,10649.0,2,Espanha
20   S. CAZORLA,3.0,53.0,6.0,1.0,0.0,10649.0,2,Espanha
20   SALLI,0.0,18.0,2.0,2.0,0.0,5871.0,2,Camarões
20   SALLI,0.0,18.0,2.0,2.0,0.0,5871.0,2,Camarões
20   SEREY DIE,1.0,148.0,15.0,13.0,0.0,22896.0,3,Costa do Marfim
20   SEREY DIE,1.0,148.0,15.0,13.0,0.0,22896.0,3,Costa do Marfim
20   SEREY DIE,1.0,148.0,15.0,13.0,0.0,22896.0,3,Costa do Marfim
20   UCHEBO,1.0,6.0,2.0,1.0,0.0,3825.0,1,Nigéria
20   WIJNALDUM,2.0,61.0,9.0,3.0,0.0,27808.0,4,Holanda
20   WIJNALDUM,2.0,61.0,9.0,3.0,0.0,27808.0,4,Holanda
20   WIJNALDUM,2.0,61.0,9.0,3.0,0.0,27808.0,4,Holanda
20   WIJNALDUM,2.0,61.0,9.0,3.0,0.0,27808.0,4,Holanda
21   ACHILIER,0.0,0.0,0.0,0.0,0.0,1330.0,2,Equador
21   ACHILIER,0.0,0.0,0.0,0.0,0.0,1330.0,2,Equador
21   BARKLEY,2.0,59.0,1.0,4.0,0.0,18379.0,3,Inglaterra
21   BARKLEY,2.0,59.0,1.0,4.0,0.0,18379.0,3,Inglaterra
21   BARKLEY,2.0,59.0,1.0,4.0,0.0,18379.0,3,Inglaterra
21   BECKELES,4.0,103.0,16.0,10.0,0.0,29178.0,3,Honduras
21   BECKELES,4.0,103.0,16.0,10.0,0.0,29178.0,3,Honduras
21   BECKELES,4.0,103.0,16.0,10.0,0.0,29178.0,3,Honduras
21   BOYE,2.0,81.0,20.0,2.0,0.0,29333.0,3,Gana
21   BOYE,2.0,81.0,20.0,2.0,0.0,29333.0,3,Gana
21   BOYE,2.0,81.0,20.0,2.0,0.0,29333.0,3,Gana
21   C PEÑA,0.0,1.0,0.0,0.0,0.0,1764.0,1,México
21   DEJAGAH,1.0,38.0,2.0,4.0,0.0,25439.0,3,Irã
21   DEJAGAH,1.0,38.0,2.0,4.0,0.0,25439.0,3,Irã
21   DEJAGAH,1.0,38.0,2.0,4.0,0.0,25439.0,3,Irã
21   DIAZ,6.0,202.0,19.0,13.0,0.0,52212.0,4,Chile
21   DIAZ,6.0,202.0,19.0,13.0,0.0,52212.0,4,Chile
21   DIAZ,6.0,202.0,19.0,13.0,0.0,52212.0,4,Chile
21   DIAZ,6.0,202.0,19.0,13.0,0.0,52212.0,4,Chile
21   E. CAVANI,12.0,83.0,5.0,5.0,0.0,42680.0,4,Uruguai
21   E. CAVANI,12.0,83.0,5.0,5.0,0.0,42680.0,4,Uruguai
21   E. CAVANI,12.0,83.0,5.0,5.0,0.0,42680.0,4,Uruguai
21   E. CAVANI,12.0,83.0,5.0,5.0,0.0,42680.0,4,Uruguai
21   HADŽIĆ,0.0,29.0,0.0,1.0,0.0,7860.0,1,Bósnia e Herzegovina
21   J. PEREIRA,0.0,105.0,8.0,4.0,0.0,28395.0,3,Portugal
21   J. PEREIRA,0.0,105.0,8.0,4.0,0.0,28395.0,3,Portugal
21   J. PEREIRA,0.0,105.0,8.0,4.0,0.0,28395.0,3,Portugal
21   JACKSON M.,5.0,35.0,5.0,2.0,0.0,22775.0,3,Colômbia
21   JACKSON M.,5.0,35.0,5.0,2.0,0.0,22775.0,3,Colômbia
21   JACKSON M.,5.0,35.0,5.0,2.0,0.0,22775.0,3,Colômbia
21   JÔ,3.0,9.0,0.0,0.0,0.0,8985.0,2,Brasil
21   JÔ,3.0,9.0,0.0,0.0,0.0,8985.0,2,Brasil
21   KATSOURANIS,1.0,103.0,7.0,6.0,0.0,20147.0,3,Grécia
21   KATSOURANIS,1.0,103.0,7.0,6.0,0.0,20147.0,3,Grécia
21   KATSOURANIS,1.0,103.0,7.0,6.0,0.0,20147.0,3,Grécia
21   KOSCIELNY,1.0,76.0,10.0,2.0,0.0,19968.0,3,França
21   KOSCIELNY,1.0,76.0,10.0,2.0,0.0,19968.0,3,França
21   KOSCIELNY,1.0,76.0,10.0,2.0,0.0,19968.0,3,França
21   MAHREZ,1.0,12.0,4.0,3.0,0.0,8740.0,1,Argélia
21   MATIP,2.0,42.0,5.0,2.0,0.0,17952.0,2,Camarões
21   MATIP,2.0,42.0,5.0,2.0,0.0,17952.0,2,Camarões
21   MEMPHIS,5.0,35.0,1.0,1.0,0.0,12215.0,3,Holanda
21   MEMPHIS,5.0,35.0,1.0,1.0,0.0,12215.0,3,Holanda
21   MEMPHIS,5.0,35.0,1.0,1.0,0.0,12215.0,3,Holanda
21   MUSTAFI,1.0,65.0,2.0,1.0,0.0,14626.0,3,Alemanha
21   MUSTAFI,1.0,65.0,2.0,1.0,0.0,14626.0,3,Alemanha
21   MUSTAFI,1.0,65.0,2.0,1.0,0.0,14626.0,3,Alemanha
21   PIRLO,5.0,249.0,13.0,2.0,0.0,31369.0,3,Itália
21   PIRLO,5.0,249.0,13.0,2.0,0.0,31369.0,3,Itália
21   PIRLO,5.0,249.0,13.0,2.0,0.0,31369.0,3,Itália
21   S G KIM,0.0,13.0,0.0,0.0,7.0,3909.0,1,Coreia do Sul
21   SILVA,3.0,102.0,14.0,3.0,0.0,21162.0,3,Espanha
21   SILVA,3.0,102.0,14.0,3.0,0.0,21162.0,3,Espanha
21   SILVA,3.0,102.0,14.0,3.0,0.0,21162.0,3,Espanha
21   SIO,1.0,1.0,1.0,1.0,0.0,1232.0,1,Costa do Marfim
21   UREÑA M.,2.0,6.0,2.0,0.0,0.0,6590.0,3,Costa Rica
21   UREÑA M.,2.0,6.0,2.0,0.0,0.0,6590.0,3,Costa Rica
21   UREÑA M.,2.0,6.0,2.0,0.0,0.0,6590.0,3,Costa Rica
21   VANDEN BORRE,0.0,40.0,3.0,0.0,0.0,10370.0,1,Bélgica
22   AZPILICUETA,0.0,105.0,9.0,1.0,0.0,19445.0,2,Espanha
22   AZPILICUETA,0.0,105.0,9.0,1.0,0.0,19445.0,2,Espanha
22   BAMBA,1.0,141.0,16.0,4.0,0.0,24756.0,3,Costa do Marfim
22   BAMBA,1.0,141.0,16.0,4.0,0.0,24756.0,3,Costa do Marfim
22   BAMBA,1.0,141.0,16.0,4.0,0.0,24756.0,3,Costa do Marfim
22   BETO,0.0,51.0,0.0,0.0,5.0,11219.0,2,Portugal
22   BETO,0.0,51.0,0.0,0.0,5.0,11219.0,2,Portugal
22   CHADLI,4.0,38.0,3.0,3.0,0.0,11207.0,3,Bélgica
22   CHADLI,4.0,38.0,3.0,3.0,0.0,11207.0,3,Bélgica
22   CHADLI,4.0,38.0,3.0,3.0,0.0,11207.0,3,Bélgica
22   CUBERO J.,0.0,20.0,3.0,4.0,0.0,13026.0,3,Costa Rica
22   CUBERO J.,0.0,20.0,3.0,4.0,0.0,13026.0,3,Costa Rica
22   CUBERO J.,0.0,20.0,3.0,4.0,0.0,13026.0,3,Costa Rica
22   DOMINGUEZ,0.0,54.0,0.0,0.0,18.0,9413.0,3,Equador
22   DOMINGUEZ,0.0,54.0,0.0,0.0,18.0,9413.0,3,Equador
22   DOMINGUEZ,0.0,54.0,0.0,0.0,18.0,9413.0,3,Equador
22   EDUARDO,1.0,8.0,0.0,1.0,0.0,2829.0,1,Croácia
22   ESHCHENKO,3.0,72.0,7.0,4.0,0.0,14759.0,2,Rússia
22   ESHCHENKO,3.0,72.0,7.0,4.0,0.0,14759.0,2,Rússia
22   INSIGNE,1.0,13.0,4.0,0.0,0.0,4650.0,1,Itália
22   LAVEZZI,3.0,46.0,1.0,1.0,0.0,17573.0,3,Argentina
22   LAVEZZI,3.0,46.0,1.0,1.0,0.0,17573.0,3,Argentina
22   LAVEZZI,3.0,46.0,1.0,1.0,0.0,17573.0,3,Argentina
22   M. CACERES,4.0,176.0,23.0,6.0,0.0,38786.0,4,Uruguai
22   M. CACERES,4.0,176.0,23.0,6.0,0.0,38786.0,4,Uruguai
22   M. CACERES,4.0,176.0,23.0,6.0,0.0,38786.0,4,Uruguai
22   M. CACERES,4.0,176.0,23.0,6.0,0.0,38786.0,4,Uruguai
22   MONDRAGON,0.0,1.0,0.0,0.0,1.0,406.0,1,Colômbia
22   MOSTEFA,2.0,44.0,9.0,7.0,0.0,21728.0,2,Argélia
22   MOSTEFA,2.0,44.0,9.0,7.0,0.0,21728.0,2,Argélia
22   NYOM,1.0,29.0,3.0,0.0,0.0,9671.0,1,Camarões
22   OMERUO,0.0,142.0,29.0,7.0,0.0,35724.0,4,Nigéria
22   OMERUO,0.0,142.0,29.0,7.0,0.0,35724.0,4,Nigéria
22   OMERUO,0.0,142.0,29.0,7.0,0.0,35724.0,4,Nigéria
22   OMERUO,0.0,142.0,29.0,7.0,0.0,35724.0,4,Nigéria
22   P AGUILAR,1.0,95.0,11.0,10.0,0.0,29618.0,3,México
22   P AGUILAR,1.0,95.0,11.0,10.0,0.0,29618.0,3,México
22   P AGUILAR,1.0,95.0,11.0,10.0,0.0,29618.0,3,México
22   P. AGUILAR,0.0,21.0,6.0,6.0,0.0,10063.0,1,México
22   SAMARIS,3.0,65.0,8.0,5.0,0.0,16521.0,2,Grécia
22   SAMARIS,3.0,65.0,8.0,5.0,0.0,16521.0,2,Grécia
22   SCHNEIDERLIN,1.0,61.0,9.0,3.0,0.0,11769.0,1,França
22   SCHÄR,1.0,39.0,11.0,6.0,0.0,20370.0,2,Suíça
22   SCHÄR,1.0,39.0,11.0,6.0,0.0,20370.0,2,Suíça
22   WAKASO,2.0,11.0,1.0,1.0,0.0,4352.0,2,Gana
22   WAKASO,2.0,11.0,1.0,1.0,0.0,4352.0,2,Gana
22   WILKINSON,0.0,120.0,10.0,3.0,0.0,30796.0,3,Austrália
22   WILKINSON,0.0,120.0,10.0,3.0,0.0,30796.0,3,Austrália
22   WILKINSON,0.0,120.0,10.0,3.0,0.0,30796.0,3,Austrália
22   YOSHIDA,2.0,138.0,21.0,3.0,0.0,29187.0,3,Japão
22   YOSHIDA,2.0,138.0,21.0,3.0,0.0,29187.0,3,Japão
22   YOSHIDA,2.0,138.0,21.0,3.0,0.0,29187.0,3,Japão
23   AMEOBI,2.0,14.0,0.0,1.0,0.0,7705.0,2,Nigéria
23   AMEOBI,2.0,14.0,0.0,1.0,0.0,7705.0,2,Nigéria
23   BASANTA,0.0,8.0,1.0,0.0,0.0,2386.0,1,Argentina
23   BRESCIANO,5.0,70.0,2.0,1.0,0.0,19396.0,3,Austrália
23   BRESCIANO,5.0,70.0,2.0,1.0,0.0,19396.0,3,Austrália
23   BRESCIANO,5.0,70.0,2.0,1.0,0.0,19396.0,3,Austrália
23   D. KOMBAROV,2.0,117.0,17.0,2.0,0.0,32751.0,3,Rússia
23   D. KOMBAROV,2.0,117.0,17.0,2.0,0.0,32751.0,3,Rússia
23   D. KOMBAROV,2.0,117.0,17.0,2.0,0.0,32751.0,3,Rússia
23   GRUEZO,1.0,21.0,6.0,2.0,0.0,11653.0,2,Equador
23   GRUEZO,1.0,21.0,6.0,2.0,0.0,11653.0,2,Equador
23   H. POSTIGA,0.0,3.0,0.0,0.0,0.0,1902.0,1,Portugal
23   HARRISON,0.0,97.0,19.0,0.0,0.0,22035.0,2,Gana
23   HARRISON,0.0,97.0,19.0,0.0,0.0,22035.0,2,Gana
23   J VAZQUEZ,3.0,128.0,9.0,3.0,0.0,31002.0,3,México
23   J VAZQUEZ,3.0,128.0,9.0,3.0,0.0,31002.0,3,México
23   J VAZQUEZ,3.0,128.0,9.0,3.0,0.0,31002.0,3,México
23   JOHNSON,2.0,97.0,10.0,2.0,0.0,34916.0,4,EUA
23   JOHNSON,2.0,97.0,10.0,2.0,0.0,34916.0,4,EUA
23   JOHNSON,2.0,97.0,10.0,2.0,0.0,34916.0,4,EUA
23   JOHNSON,2.0,97.0,10.0,2.0,0.0,34916.0,4,EUA
23   KRAMER,1.0,8.0,1.0,0.0,0.0,1968.0,1,Alemanha
23   M. CHAVEZ,0.0,19.0,4.0,0.0,0.0,5062.0,2,Honduras
23   M. CHAVEZ,0.0,19.0,4.0,0.0,0.0,5062.0,2,Honduras
23   MEHRDAD,0.0,54.0,14.0,20.0,0.0,27904.0,3,Irã
23   MEHRDAD,0.0,54.0,14.0,20.0,0.0,27904.0,3,Irã
23   MEHRDAD,0.0,54.0,14.0,20.0,0.0,27904.0,3,Irã
23   RAIS,0.0,55.0,0.0,0.0,23.0,12352.0,4,Argélia
23   RAIS,0.0,55.0,0.0,0.0,23.0,12352.0,4,Argélia
23   RAIS,0.0,55.0,0.0,0.0,23.0,12352.0,4,Argélia
23   RAIS,0.0,55.0,0.0,0.0,23.0,12352.0,4,Argélia
23   REINA,0.0,22.0,0.0,0.0,0.0,4820.0,1,Espanha
23   SALIHOVIĆ,0.0,18.0,3.0,1.0,0.0,5976.0,2,Bósnia e Herzegovina
23   SALIHOVIĆ,0.0,18.0,3.0,1.0,0.0,5976.0,2,Bósnia e Herzegovina
23   SHAQIRI,21.0,150.0,12.0,5.0,0.0,45832.0,4,Suíça
23   SHAQIRI,21.0,150.0,12.0,5.0,0.0,45832.0,4,Suíça
23   SHAQIRI,21.0,150.0,12.0,5.0,0.0,45832.0,4,Suíça
23   SHAQIRI,21.0,150.0,12.0,5.0,0.0,45832.0,4,Suíça
23   SHAW,1.0,43.0,7.0,2.0,0.0,9524.0,1,Inglaterra
23   VALDES,0.0,25.0,8.0,1.0,0.0,9283.0,1,Colômbia
23   VERRATTI,0.0,102.0,5.0,5.0,0.0,16491.0,2,Itália
23   VERRATTI,0.0,102.0,5.0,5.0,0.0,16491.0,2,Itália
2   ACOSTA J.,0.0,8.0,2.0,2.0,0.0,5391.0,1,Costa Rica
2   ALDERWEIRELD,2.0,133.0,15.0,6.0,0.0,34954.0,3,Bélgica
2   ALDERWEIRELD,2.0,133.0,15.0,6.0,0.0,34954.0,3,Bélgica
2   ALDERWEIRELD,2.0,133.0,15.0,6.0,0.0,34954.0,3,Bélgica
2   ASSOU EKOTTO,2.0,70.0,10.0,0.0,0.0,18844.0,2,Camarões
2   ASSOU EKOTTO,2.0,70.0,10.0,0.0,0.0,18844.0,2,Camarões
2   B. ALVES,0.0,122.0,16.0,5.0,0.0,29421.0,3,Portugal
2   B. ALVES,0.0,122.0,16.0,5.0,0.0,29421.0,3,Portugal
2   B. ALVES,0.0,122.0,16.0,5.0,0.0,29421.0,3,Portugal
2   BOUGUERRA,1.0,77.0,13.0,7.0,0.0,23379.0,3,Argélia
2   BOUGUERRA,1.0,77.0,13.0,7.0,0.0,23379.0,3,Argélia
2   BOUGUERRA,1.0,77.0,13.0,7.0,0.0,23379.0,3,Argélia
2   C. ZAPATA,1.0,91.0,17.0,1.0,0.0,27848.0,3,Colômbia
2   C. ZAPATA,1.0,91.0,17.0,1.0,0.0,27848.0,3,Colômbia
2   C. ZAPATA,1.0,91.0,17.0,1.0,0.0,27848.0,3,Colômbia
2   D. LUGANO,0.0,34.0,3.0,1.0,0.0,8978.0,1,Uruguai
2   DANI ALVES,5.0,240.0,18.0,15.0,0.0,44520.0,4,Brasil
2   DANI ALVES,5.0,240.0,18.0,15.0,0.0,44520.0,4,Brasil
2   DANI ALVES,5.0,240.0,18.0,15.0,0.0,44520.0,4,Brasil
2   DANI ALVES,5.0,240.0,18.0,15.0,0.0,44520.0,4,Brasil
2   DE SCIGLIO,0.0,31.0,2.0,1.0,0.0,10487.0,1,Itália
2   DEBUCHY,4.0,118.0,19.0,11.0,0.0,30424.0,3,França
2   DEBUCHY,4.0,118.0,19.0,11.0,0.0,30424.0,3,França
2   DEBUCHY,4.0,118.0,19.0,11.0,0.0,30424.0,3,França
2   F RODRIGUEZ,0.0,123.0,17.0,4.0,0.0,28276.0,3,México
2   F RODRIGUEZ,0.0,123.0,17.0,4.0,0.0,28276.0,3,México
2   F RODRIGUEZ,0.0,123.0,17.0,4.0,0.0,28276.0,3,México
2   F. RODRIGUEZ,0.0,39.0,4.0,1.0,0.0,9990.0,1,México
2   FRANJIC,0.0,18.0,2.0,4.0,0.0,5833.0,1,Austrália
2   GARAY,4.0,201.0,27.0,3.0,0.0,41903.0,4,Argentina
2   GARAY,4.0,201.0,27.0,3.0,0.0,41903.0,4,Argentina
2   GARAY,4.0,201.0,27.0,3.0,0.0,41903.0,4,Argentina
2   GARAY,4.0,201.0,27.0,3.0,0.0,41903.0,4,Argentina
2   GUAGUA,0.0,58.0,14.0,4.0,0.0,24767.0,3,Equador
2   GUAGUA,0.0,58.0,14.0,4.0,0.0,24767.0,3,Equador
2   GUAGUA,0.0,58.0,14.0,4.0,0.0,24767.0,3,Equador
2   JOHNSON,2.0,121.0,6.0,0.0,0.0,20572.0,2,Inglaterra
2   JOHNSON,2.0,121.0,6.0,0.0,0.0,20572.0,2,Inglaterra
2   KH. HEYDARI,0.0,34.0,4.0,4.0,0.0,19612.0,3,Irã
2   KH. HEYDARI,0.0,34.0,4.0,4.0,0.0,19612.0,3,Irã
2   KH. HEYDARI,0.0,34.0,4.0,4.0,0.0,19612.0,3,Irã
2   KOZLOV,0.0,58.0,5.0,2.0,0.0,18608.0,2,Rússia
2   KOZLOV,0.0,58.0,5.0,2.0,0.0,18608.0,2,Rússia
2   LICHTSTEINER,2.0,157.0,17.0,6.0,0.0,45354.0,4,Suíça
2   LICHTSTEINER,2.0,157.0,17.0,6.0,0.0,45354.0,4,Suíça
2   LICHTSTEINER,2.0,157.0,17.0,6.0,0.0,45354.0,4,Suíça
2   LICHTSTEINER,2.0,157.0,17.0,6.0,0.0,45354.0,4,Suíça
2   MANIATIS,2.0,148.0,13.0,7.0,0.0,39441.0,4,Grécia
2   MANIATIS,2.0,148.0,13.0,7.0,0.0,39441.0,4,Grécia
2   MANIATIS,2.0,148.0,13.0,7.0,0.0,39441.0,4,Grécia
2   MANIATIS,2.0,148.0,13.0,7.0,0.0,39441.0,4,Grécia
2   MENA,2.0,155.0,22.0,4.0,0.0,45900.0,4,Chile
2   MENA,2.0,155.0,22.0,4.0,0.0,45900.0,4,Chile
2   MENA,2.0,155.0,22.0,4.0,0.0,45900.0,4,Chile
2   MENA,2.0,155.0,22.0,4.0,0.0,45900.0,4,Chile
2   O. CHAVEZ,0.0,10.0,2.0,0.0,0.0,4486.0,1,Honduras
2   R. ALBIOL,0.0,34.0,7.0,1.0,0.0,9983.0,1,Espanha
2   UCHIDA,3.0,96.0,18.0,4.0,0.0,29799.0,3,Japão
2   UCHIDA,3.0,96.0,18.0,4.0,0.0,29799.0,3,Japão
2   UCHIDA,3.0,96.0,18.0,4.0,0.0,29799.0,3,Japão
2   VLAAR,2.0,122.0,18.0,8.0,0.0,39536.0,4,Holanda
2   VLAAR,2.0,122.0,18.0,8.0,0.0,39536.0,4,Holanda
2   VLAAR,2.0,122.0,18.0,8.0,0.0,39536.0,4,Holanda
2   VLAAR,2.0,122.0,18.0,8.0,0.0,39536.0,4,Holanda
2   VRSALJKO,0.0,71.0,12.0,3.0,0.0,17689.0,2,Croácia
2   VRSALJKO,0.0,71.0,12.0,3.0,0.0,17689.0,2,Croácia
2   VRŠAJEVIĆ,2.0,42.0,4.0,1.0,0.0,10825.0,1,Bósnia e Herzegovina
2   YEDLIN,1.0,43.0,5.0,2.0,0.0,15268.0,3,EUA
2   YEDLIN,1.0,43.0,5.0,2.0,0.0,15268.0,3,EUA
2   YEDLIN,1.0,43.0,5.0,2.0,0.0,15268.0,3,EUA
2   YOBO,0.0,105.0,16.0,6.0,0.0,30854.0,4,Nigéria
2   YOBO,0.0,105.0,16.0,6.0,0.0,30854.0,4,Nigéria
2   YOBO,0.0,105.0,16.0,6.0,0.0,30854.0,4,Nigéria
2   YOBO,0.0,105.0,16.0,6.0,0.0,30854.0,4,Nigéria
3   A. GYAN,18.0,37.0,1.0,0.0,0.0,28173.0,3,Gana
3   A. GYAN,18.0,37.0,1.0,0.0,0.0,28173.0,3,Gana
3   A. GYAN,18.0,37.0,1.0,0.0,0.0,28173.0,3,Gana
3   BAINES,1.0,103.0,6.0,3.0,0.0,19184.0,2,Inglaterra
3   BAINES,1.0,103.0,6.0,3.0,0.0,19184.0,2,Inglaterra
3   BIČAKČIĆ,0.0,30.0,2.0,0.0,0.0,10861.0,1,Bósnia e Herzegovina
3   BOKA,4.0,102.0,4.0,6.0,0.0,24469.0,3,Costa do Marfim
3   BOKA,4.0,102.0,4.0,6.0,0.0,24469.0,3,Costa do Marfim
3   BOKA,4.0,102.0,4.0,6.0,0.0,24469.0,3,Costa do Marfim
3   C SALCIDO,0.0,0.0,0.0,0.0,0.0,378.0,1,México
3   C. SALCIDO,2.0,28.0,5.0,4.0,0.0,11561.0,1,México
3   CAMPAGNARO,0.0,34.0,0.0,1.0,0.0,5132.0,1,Argentina
3   CHIELLINI,1.0,187.0,23.0,9.0,0.0,30686.0,3,Itália
3   CHIELLINI,1.0,187.0,23.0,9.0,0.0,30686.0,3,Itália
3   CHIELLINI,1.0,187.0,23.0,9.0,0.0,30686.0,3,Itália
3   D. GODIN,2.0,100.0,26.0,10.0,0.0,36179.0,4,Uruguai
3   D. GODIN,2.0,100.0,26.0,10.0,0.0,36179.0,4,Uruguai
3   D. GODIN,2.0,100.0,26.0,10.0,0.0,36179.0,4,Uruguai
3   D. GODIN,2.0,100.0,26.0,10.0,0.0,36179.0,4,Uruguai
3   DAVIDSON,0.0,116.0,16.0,5.0,0.0,32768.0,3,Austrália
3   DAVIDSON,0.0,116.0,16.0,5.0,0.0,32768.0,3,Austrália
3   DAVIDSON,0.0,116.0,16.0,5.0,0.0,32768.0,3,Austrália
3   DE VRIJ,4.0,152.0,25.0,11.0,0.0,37399.0,4,Holanda
3   DE VRIJ,4.0,152.0,25.0,11.0,0.0,37399.0,4,Holanda
3   DE VRIJ,4.0,152.0,25.0,11.0,0.0,37399.0,4,Holanda
3   DE VRIJ,4.0,152.0,25.0,11.0,0.0,37399.0,4,Holanda
3   ERAZO,2.0,67.0,16.0,2.0,0.0,26711.0,3,Equador
3   ERAZO,2.0,67.0,16.0,2.0,0.0,26711.0,3,Equador
3   ERAZO,2.0,67.0,16.0,2.0,0.0,26711.0,3,Equador
3   EVRA,1.0,115.0,11.0,2.0,0.0,27485.0,3,França
3   EVRA,1.0,115.0,11.0,2.0,0.0,27485.0,3,França
3   EVRA,1.0,115.0,11.0,2.0,0.0,27485.0,3,França
3   FIGUEROA,5.0,127.0,25.0,8.0,0.0,26019.0,3,Honduras
3   FIGUEROA,5.0,127.0,25.0,8.0,0.0,26019.0,3,Honduras
3   FIGUEROA,5.0,127.0,25.0,8.0,0.0,26019.0,3,Honduras
3   GHOULAM,1.0,79.0,14.0,5.0,0.0,21688.0,2,Argélia
3   GHOULAM,1.0,79.0,14.0,5.0,0.0,21688.0,2,Argélia
3   GONZALEZ,0.0,85.0,8.0,5.0,0.0,24473.0,3,EUA
3   GONZALEZ,0.0,85.0,8.0,5.0,0.0,24473.0,3,EUA
3   GONZALEZ,0.0,85.0,8.0,5.0,0.0,24473.0,3,EUA
3   GONZALEZ G.,4.0,98.0,27.0,6.0,0.0,41328.0,4,Costa Rica
3   GONZALEZ G.,4.0,98.0,27.0,6.0,0.0,41328.0,4,Costa Rica
3   GONZALEZ G.,4.0,98.0,27.0,6.0,0.0,41328.0,4,Costa Rica
3   GONZALEZ G.,4.0,98.0,27.0,6.0,0.0,41328.0,4,Costa Rica
3   HAJI SAFI,5.0,45.0,8.0,10.0,0.0,28540.0,3,Irã
3   HAJI SAFI,5.0,45.0,8.0,10.0,0.0,28540.0,3,Irã
3   HAJI SAFI,5.0,45.0,8.0,10.0,0.0,28540.0,3,Irã
3   NKOULOU,1.0,88.0,16.0,5.0,0.0,25134.0,3,Camarões
3   NKOULOU,1.0,88.0,16.0,5.0,0.0,25134.0,3,Camarões
3   NKOULOU,1.0,88.0,16.0,5.0,0.0,25134.0,3,Camarões
3   PEPE,0.0,57.0,14.0,1.0,0.0,14353.0,2,Portugal
3   PEPE,0.0,57.0,14.0,1.0,0.0,14353.0,2,Portugal
3   PIQUÉ,0.0,57.0,4.0,1.0,0.0,9178.0,1,Espanha
3   PRANJIĆ,2.0,72.0,5.0,7.0,0.0,18085.0,2,Croácia
3   PRANJIĆ,2.0,72.0,5.0,7.0,0.0,18085.0,2,Croácia
3   S Y YUN,0.0,101.0,17.0,2.0,0.0,31052.0,3,Coreia do Sul
3   S Y YUN,0.0,101.0,17.0,2.0,0.0,31052.0,3,Coreia do Sul
3   S Y YUN,0.0,101.0,17.0,2.0,0.0,31052.0,3,Coreia do Sul
3   T SILVA,1.0,185.0,25.0,8.0,0.0,34614.0,4,Brasil
3   T SILVA,1.0,185.0,25.0,8.0,0.0,34614.0,4,Brasil
3   T SILVA,1.0,185.0,25.0,8.0,0.0,34614.0,4,Brasil
3   T SILVA,1.0,185.0,25.0,8.0,0.0,34614.0,4,Brasil
3   UZOENYI,1.0,0.0,0.0,1.0,0.0,2300.0,1,Nigéria
3   VERMAELEN,0.0,19.0,0.0,0.0,0.0,3286.0,1,Bélgica
3   YEPES,2.0,81.0,14.0,6.0,0.0,27981.0,3,Colômbia
3   YEPES,2.0,81.0,14.0,6.0,0.0,27981.0,3,Colômbia
3   YEPES,2.0,81.0,14.0,6.0,0.0,27981.0,3,Colômbia
4   ARIAS,2.0,56.0,10.0,1.0,0.0,15093.0,3,Colômbia
4   ARIAS,2.0,56.0,10.0,1.0,0.0,15093.0,3,Colômbia
4   ARIAS,2.0,56.0,10.0,1.0,0.0,15093.0,3,Colômbia
4   BELKALEM,1.0,54.0,15.0,1.0,0.0,22625.0,3,Argélia
4   BELKALEM,1.0,54.0,15.0,1.0,0.0,22625.0,3,Argélia
4   BELKALEM,1.0,54.0,15.0,1.0,0.0,22625.0,3,Argélia
4   BRADLEY,5.0,240.0,9.0,6.0,0.0,54605.0,4,EUA
4   BRADLEY,5.0,240.0,9.0,6.0,0.0,54605.0,4,EUA
4   BRADLEY,5.0,240.0,9.0,6.0,0.0,54605.0,4,EUA
4   BRADLEY,5.0,240.0,9.0,6.0,0.0,54605.0,4,EUA
4   CAHILL,7.0,39.0,2.0,2.0,0.0,18526.0,2,Austrália
4   CAHILL,7.0,39.0,2.0,2.0,0.0,18526.0,2,Austrália
4   D. OPARE,0.0,58.0,9.0,1.0,0.0,9723.0,1,Gana
4   DARMIAN,3.0,102.0,7.0,3.0,0.0,32102.0,3,Itália
4   DARMIAN,3.0,102.0,7.0,3.0,0.0,32102.0,3,Itália
4   DARMIAN,3.0,102.0,7.0,3.0,0.0,32102.0,3,Itália
4   DAVID LUIZ,4.0,173.0,24.0,12.0,0.0,36758.0,4,Brasil
4   DAVID LUIZ,4.0,173.0,24.0,12.0,0.0,36758.0,4,Brasil
4   DAVID LUIZ,4.0,173.0,24.0,12.0,0.0,36758.0,4,Brasil
4   DAVID LUIZ,4.0,173.0,24.0,12.0,0.0,36758.0,4,Brasil
4   DJEUGOUE,0.0,9.0,2.0,1.0,0.0,5005.0,1,Camarões
4   GABRIEL,0.0,17.0,3.0,0.0,0.0,3876.0,1,Nigéria
4   GERRARD,2.0,113.0,7.0,2.0,0.0,24003.0,3,Inglaterra
4   GERRARD,2.0,113.0,7.0,2.0,0.0,24003.0,3,Inglaterra
4   GERRARD,2.0,113.0,7.0,2.0,0.0,24003.0,3,Inglaterra
4   HONDA,11.0,125.0,4.0,2.0,0.0,31093.0,3,Japão
4   HONDA,11.0,125.0,4.0,2.0,0.0,31093.0,3,Japão
4   HONDA,11.0,125.0,4.0,2.0,0.0,31093.0,3,Japão
4   HÖWEDES,3.0,187.0,27.0,12.0,0.0,44607.0,4,Alemanha
4   HÖWEDES,3.0,187.0,27.0,12.0,0.0,44607.0,4,Alemanha
4   HÖWEDES,3.0,187.0,27.0,12.0,0.0,44607.0,4,Alemanha
4   HÖWEDES,3.0,187.0,27.0,12.0,0.0,44607.0,4,Alemanha
4   IGNASHEVICH,2.0,151.0,20.0,4.0,0.0,30259.0,3,Rússia
4   IGNASHEVICH,2.0,151.0,20.0,4.0,0.0,30259.0,3,Rússia
4   IGNASHEVICH,2.0,151.0,20.0,4.0,0.0,30259.0,3,Rússia
4   ISLA,2.0,203.0,22.0,9.0,0.0,44407.0,4,Chile
4   ISLA,2.0,203.0,22.0,9.0,0.0,44407.0,4,Chile
4   ISLA,2.0,203.0,22.0,9.0,0.0,44407.0,4,Chile
4   ISLA,2.0,203.0,22.0,9.0,0.0,44407.0,4,Chile
4   J. FUCILE,0.0,1.0,0.0,1.0,0.0,1689.0,1,Uruguai
4   J. HOSSEINI,2.0,36.0,14.0,3.0,0.0,27642.0,3,Irã
4   J. HOSSEINI,2.0,36.0,14.0,3.0,0.0,27642.0,3,Irã
4   J. HOSSEINI,2.0,36.0,14.0,3.0,0.0,27642.0,3,Irã
4   JAVI MARTÍNEZ,0.0,46.0,4.0,1.0,0.0,9525.0,1,Espanha
4   KOMPANY,1.0,153.0,23.0,2.0,0.0,33486.0,3,Bélgica
4   KOMPANY,1.0,153.0,23.0,2.0,0.0,33486.0,3,Bélgica
4   KOMPANY,1.0,153.0,23.0,2.0,0.0,33486.0,3,Bélgica
4   MANOLAS,1.0,107.0,18.0,6.0,0.0,35690.0,4,Grécia
4   MANOLAS,1.0,107.0,18.0,6.0,0.0,35690.0,4,Grécia
4   MANOLAS,1.0,107.0,18.0,6.0,0.0,35690.0,4,Grécia
4   MANOLAS,1.0,107.0,18.0,6.0,0.0,35690.0,4,Grécia
4   MARTINS INDI,0.0,125.0,16.0,3.0,0.0,24947.0,3,Holanda
4   MARTINS INDI,0.0,125.0,16.0,3.0,0.0,24947.0,3,Holanda
4   MARTINS INDI,0.0,125.0,16.0,3.0,0.0,24947.0,3,Holanda
4   MIGUEL,2.0,124.0,14.0,1.0,0.0,26913.0,3,Portugal
4   MIGUEL,2.0,124.0,14.0,1.0,0.0,26913.0,3,Portugal
4   MIGUEL,2.0,124.0,14.0,1.0,0.0,26913.0,3,Portugal
4   PAREDES,0.0,82.0,15.0,8.0,0.0,28200.0,3,Equador
4   PAREDES,0.0,82.0,15.0,8.0,0.0,28200.0,3,Equador
4   PAREDES,0.0,82.0,15.0,8.0,0.0,28200.0,3,Equador
4   PERIŠIĆ,11.0,50.0,7.0,4.0,0.0,29172.0,3,Croácia
4   PERIŠIĆ,11.0,50.0,7.0,4.0,0.0,29172.0,3,Croácia
4   PERIŠIĆ,11.0,50.0,7.0,4.0,0.0,29172.0,3,Croácia
4   R MARQUEZ,2.0,124.0,22.0,4.0,0.0,27870.0,3,México
4   R MARQUEZ,2.0,124.0,22.0,4.0,0.0,27870.0,3,México
4   R MARQUEZ,2.0,124.0,22.0,4.0,0.0,27870.0,3,México
4   R. MARQUEZ,1.0,53.0,5.0,4.0,0.0,9578.0,1,México
4   SENDEROS,0.0,57.0,5.0,1.0,0.0,8315.0,1,Suíça
4   SPAHIĆ,0.0,164.0,30.0,8.0,0.0,31273.0,3,Bósnia e Herzegovina
4   SPAHIĆ,0.0,164.0,30.0,8.0,0.0,31273.0,3,Bósnia e Herzegovina
4   SPAHIĆ,0.0,164.0,30.0,8.0,0.0,31273.0,3,Bósnia e Herzegovina
4   T. KOLO,1.0,33.0,2.0,1.0,0.0,8281.0,1,Costa do Marfim
4   UMAÑA M.,0.0,92.0,22.0,11.0,0.0,32034.0,3,Costa Rica
4   UMAÑA M.,0.0,92.0,22.0,11.0,0.0,32034.0,3,Costa Rica
4   UMAÑA M.,0.0,92.0,22.0,11.0,0.0,32034.0,3,Costa Rica
4   VARANE,0.0,124.0,18.0,2.0,0.0,31436.0,4,França
4   VARANE,0.0,124.0,18.0,2.0,0.0,31436.0,4,França
4   VARANE,0.0,124.0,18.0,2.0,0.0,31436.0,4,França
4   VARANE,0.0,124.0,18.0,2.0,0.0,31436.0,4,França
4   ZABALETA,1.0,172.0,16.0,5.0,0.0,42631.0,4,Argentina
4   ZABALETA,1.0,172.0,16.0,5.0,0.0,42631.0,4,Argentina
4   ZABALETA,1.0,172.0,16.0,5.0,0.0,42631.0,4,Argentina
4   ZABALETA,1.0,172.0,16.0,5.0,0.0,42631.0,4,Argentina
5   AMBROSE,1.0,175.0,26.0,5.0,0.0,38181.0,4,Nigéria
5   AMBROSE,1.0,175.0,26.0,5.0,0.0,38181.0,4,Nigéria
5   AMBROSE,1.0,175.0,26.0,5.0,0.0,38181.0,4,Nigéria
5   AMBROSE,1.0,175.0,26.0,5.0,0.0,38181.0,4,Nigéria
5   AMIRHOSSEIN,0.0,51.0,15.0,4.0,0.0,28001.0,3,Irã
5   AMIRHOSSEIN,0.0,51.0,15.0,4.0,0.0,28001.0,3,Irã
5   AMIRHOSSEIN,0.0,51.0,15.0,4.0,0.0,28001.0,3,Irã
5   BERNARDEZ,2.0,58.0,8.0,2.0,0.0,19814.0,3,Honduras
5   BERNARDEZ,2.0,58.0,8.0,2.0,0.0,19814.0,3,Honduras
5   BERNARDEZ,2.0,58.0,8.0,2.0,0.0,19814.0,3,Honduras
5   BESLER,0.0,153.0,26.0,8.0,0.0,37822.0,4,EUA
5   BESLER,0.0,153.0,26.0,8.0,0.0,37822.0,4,EUA
5   BESLER,0.0,153.0,26.0,8.0,0.0,37822.0,4,EUA
5   BESLER,0.0,153.0,26.0,8.0,0.0,37822.0,4,EUA
5   BLIND,2.0,178.0,18.0,10.0,0.0,41528.0,4,Holanda
5   BLIND,2.0,178.0,18.0,10.0,0.0,41528.0,4,Holanda
5   BLIND,2.0,178.0,18.0,10.0,0.0,41528.0,4,Holanda
5   BLIND,2.0,178.0,18.0,10.0,0.0,41528.0,4,Holanda
5   BORGES C.,4.0,135.0,16.0,1.0,0.0,46318.0,4,Costa Rica
5   BORGES C.,4.0,135.0,16.0,1.0,0.0,46318.0,4,Costa Rica
5   BORGES C.,4.0,135.0,16.0,1.0,0.0,46318.0,4,Costa Rica
5   BORGES C.,4.0,135.0,16.0,1.0,0.0,46318.0,4,Costa Rica
5   C. CARBONERO,1.0,16.0,1.0,2.0,0.0,5453.0,1,Colômbia
5   CAHILL,0.0,139.0,17.0,4.0,0.0,29932.0,3,Inglaterra
5   CAHILL,0.0,139.0,17.0,4.0,0.0,29932.0,3,Inglaterra
5   CAHILL,0.0,139.0,17.0,4.0,0.0,29932.0,3,Inglaterra
5   CORLUKA,1.0,107.0,9.0,3.0,0.0,26273.0,3,Croácia
5   CORLUKA,1.0,107.0,9.0,3.0,0.0,26273.0,3,Croácia
5   CORLUKA,1.0,107.0,9.0,3.0,0.0,26273.0,3,Croácia
5   D. REYES,0.0,10.0,1.0,1.0,0.0,4991.0,1,México
5   ESSIEN,1.0,16.0,2.0,2.0,0.0,2660.0,1,Gana
5   F. COENTRÃO,0.0,30.0,5.0,1.0,0.0,6734.0,1,Portugal
5   FERNANDINHO,3.0,36.0,7.0,10.0,0.0,13948.0,2,Brasil
5   FERNANDINHO,3.0,36.0,7.0,10.0,0.0,13948.0,2,Brasil
5   GAGO,2.0,287.0,21.0,11.0,0.0,38219.0,4,Argentina
5   GAGO,2.0,287.0,21.0,11.0,0.0,38219.0,4,Argentina
5   GAGO,2.0,287.0,21.0,11.0,0.0,38219.0,4,Argentina
5   GAGO,2.0,287.0,21.0,11.0,0.0,38219.0,4,Argentina
5   HALLICHE,2.0,119.0,22.0,5.0,0.0,40131.0,4,Argélia
5   HALLICHE,2.0,119.0,22.0,5.0,0.0,40131.0,4,Argélia
5   HALLICHE,2.0,119.0,22.0,5.0,0.0,40131.0,4,Argélia
5   HALLICHE,2.0,119.0,22.0,5.0,0.0,40131.0,4,Argélia
5   HUMMELS,1.0,172.0,31.0,7.0,0.0,27973.0,3,Alemanha
5   HUMMELS,1.0,172.0,31.0,7.0,0.0,27973.0,3,Alemanha
5   HUMMELS,1.0,172.0,31.0,7.0,0.0,27973.0,3,Alemanha
5   IBARRA,2.0,3.0,1.0,1.0,0.0,3191.0,1,Equador
5   JUANFRAN,0.0,52.0,7.0,2.0,0.0,10583.0,1,Espanha
5   KOLAŠINAC,1.0,95.0,15.0,4.0,0.0,21060.0,2,Bósnia e Herzegovina
5   KOLAŠINAC,1.0,95.0,15.0,4.0,0.0,21060.0,2,Bósnia e Herzegovina
5   MILLIGAN,1.0,30.0,7.0,4.0,0.0,11312.0,1,Austrália
5   NAGATOMO,2.0,117.0,11.0,5.0,0.0,33712.0,3,Japão
5   NAGATOMO,2.0,117.0,11.0,5.0,0.0,33712.0,3,Japão
5   NAGATOMO,2.0,117.0,11.0,5.0,0.0,33712.0,3,Japão
5   NOUNKEU,2.0,39.0,6.0,3.0,0.0,10015.0,2,Camarões
5   NOUNKEU,2.0,39.0,6.0,3.0,0.0,10015.0,2,Camarões
5   SAKHO,0.0,145.0,16.0,5.0,0.0,21603.0,3,França
5   SAKHO,0.0,145.0,16.0,5.0,0.0,21603.0,3,França
5   SAKHO,0.0,145.0,16.0,5.0,0.0,21603.0,3,França
5   SILVA,0.0,139.0,20.0,9.0,0.0,31788.0,3,Chile
5   SILVA,0.0,139.0,20.0,9.0,0.0,31788.0,3,Chile
5   SILVA,0.0,139.0,20.0,9.0,0.0,31788.0,3,Chile
5   THIAGO MOTTA,1.0,78.0,3.0,0.0,0.0,12247.0,3,Itália
5   THIAGO MOTTA,1.0,78.0,3.0,0.0,0.0,12247.0,3,Itália
5   THIAGO MOTTA,1.0,78.0,3.0,0.0,0.0,12247.0,3,Itália
5   VERTONGHEN,10.0,164.0,22.0,7.0,0.0,37762.0,4,Bélgica
5   VERTONGHEN,10.0,164.0,22.0,7.0,0.0,37762.0,4,Bélgica
5   VERTONGHEN,10.0,164.0,22.0,7.0,0.0,37762.0,4,Bélgica
5   VERTONGHEN,10.0,164.0,22.0,7.0,0.0,37762.0,4,Bélgica
5   VON BERGEN,0.0,32.0,4.0,0.0,0.0,9795.0,2,Suíça
5   VON BERGEN,0.0,32.0,4.0,0.0,0.0,9795.0,2,Suíça
5   W. GARGANO,0.0,36.0,1.0,1.0,0.0,6663.0,1,Uruguai
5   Y G KIM,2.0,135.0,21.0,3.0,0.0,28490.0,3,Coreia do Sul
5   Y G KIM,2.0,135.0,21.0,3.0,0.0,28490.0,3,Coreia do Sul
5   Y G KIM,2.0,135.0,21.0,3.0,0.0,28490.0,3,Coreia do Sul
5   ZOKORA,0.0,112.0,9.0,3.0,0.0,16014.0,2,Costa do Marfim
5   ZOKORA,0.0,112.0,9.0,3.0,0.0,16014.0,2,Costa do Marfim
6   A. INIESTA,4.0,195.0,8.0,0.0,0.0,30542.0,3,Espanha
6   A. INIESTA,4.0,195.0,8.0,0.0,0.0,30542.0,3,Espanha
6   A. INIESTA,4.0,195.0,8.0,0.0,0.0,30542.0,3,Espanha
6   A. PEREIRA,0.0,60.0,7.0,12.0,0.0,21399.0,3,Uruguai
6   A. PEREIRA,0.0,60.0,7.0,12.0,0.0,21399.0,3,Uruguai
6   A. PEREIRA,0.0,60.0,7.0,12.0,0.0,21399.0,3,Uruguai
6   ACQUAH,0.0,7.0,1.0,1.0,0.0,2476.0,1,Gana
6   BIGLIA,0.0,17.0,1.0,1.0,0.0,3670.0,4,Argentina
6   BIGLIA,0.0,17.0,1.0,1.0,0.0,3670.0,4,Argentina
6   BIGLIA,0.0,17.0,1.0,1.0,0.0,3670.0,4,Argentina
6   BIGLIA,0.0,17.0,1.0,1.0,0.0,3670.0,4,Argentina
6   BOLLY,1.0,5.0,0.0,0.0,0.0,2929.0,1,Costa do Marfim
6   BROOKS,1.0,11.0,2.0,0.0,0.0,4977.0,1,EUA
6   C. SANCHEZ,1.0,69.0,5.0,7.0,0.0,30262.0,3,Colômbia
6   C. SANCHEZ,1.0,69.0,5.0,7.0,0.0,30262.0,3,Colômbia
6   C. SANCHEZ,1.0,69.0,5.0,7.0,0.0,30262.0,3,Colômbia
6   CABAYE,5.0,147.0,19.0,9.0,0.0,28826.0,3,França
6   CABAYE,5.0,147.0,19.0,9.0,0.0,28826.0,3,França
6   CABAYE,5.0,147.0,19.0,9.0,0.0,28826.0,3,França
6   CANDREVA,5.0,42.0,1.0,0.0,0.0,15404.0,2,Itália
6   CANDREVA,5.0,42.0,1.0,0.0,0.0,15404.0,2,Itália
6   CARMONA,0.0,2.0,0.0,0.0,0.0,1232.0,1,Chile
6   DE JONG,2.0,92.0,22.0,11.0,0.0,32228.0,4,Holanda
6   DE JONG,2.0,92.0,22.0,11.0,0.0,32228.0,4,Holanda
6   DE JONG,2.0,92.0,22.0,11.0,0.0,32228.0,4,Holanda
6   DE JONG,2.0,92.0,22.0,11.0,0.0,32228.0,4,Holanda
6   DUARTE O.,3.0,146.0,18.0,8.0,0.0,37159.0,4,Costa Rica
6   DUARTE O.,3.0,146.0,18.0,8.0,0.0,37159.0,4,Costa Rica
6   DUARTE O.,3.0,146.0,18.0,8.0,0.0,37159.0,4,Costa Rica
6   DUARTE O.,3.0,146.0,18.0,8.0,0.0,37159.0,4,Costa Rica
6   H HERRERA,5.0,127.0,15.0,5.0,0.0,32227.0,3,México
6   H HERRERA,5.0,127.0,15.0,5.0,0.0,32227.0,3,México
6   H HERRERA,5.0,127.0,15.0,5.0,0.0,32227.0,3,México
6   H. HERRERA,2.0,36.0,2.0,3.0,0.0,11952.0,1,México
6   J. NEKOUNAM,0.0,71.0,19.0,0.0,0.0,32645.0,3,Irã
6   J. NEKOUNAM,0.0,71.0,19.0,0.0,0.0,32645.0,3,Irã
6   J. NEKOUNAM,0.0,71.0,19.0,0.0,0.0,32645.0,3,Irã
6   J.C. GARCIA,1.0,80.0,7.0,6.0,0.0,13447.0,2,Honduras
6   J.C. GARCIA,1.0,80.0,7.0,6.0,0.0,13447.0,2,Honduras
6   JAGIELKA,1.0,92.0,12.0,1.0,0.0,18189.0,2,Inglaterra
6   JAGIELKA,1.0,92.0,12.0,1.0,0.0,18189.0,2,Inglaterra
6   KANUNNIKOV,2.0,24.0,7.0,3.0,0.0,13060.0,2,Rússia
6   KANUNNIKOV,2.0,24.0,7.0,3.0,0.0,13060.0,2,Rússia
6   KHEDIRA,2.0,131.0,8.0,2.0,0.0,26776.0,3,Alemanha
6   KHEDIRA,2.0,131.0,8.0,2.0,0.0,26776.0,3,Alemanha
6   KHEDIRA,2.0,131.0,8.0,2.0,0.0,26776.0,3,Alemanha
6   LANG,0.0,4.0,0.0,0.0,0.0,1768.0,1,Suíça
6   LOVREN,1.0,100.0,16.0,2.0,0.0,27369.0,3,Croácia
6   LOVREN,1.0,100.0,16.0,2.0,0.0,27369.0,3,Croácia
6   LOVREN,1.0,100.0,16.0,2.0,0.0,27369.0,3,Croácia
6   MARCELO,3.0,202.0,25.0,13.0,0.0,40209.0,4,Brasil
6   MARCELO,3.0,202.0,25.0,13.0,0.0,40209.0,4,Brasil
6   MARCELO,3.0,202.0,25.0,13.0,0.0,40209.0,4,Brasil
6   MARCELO,3.0,202.0,25.0,13.0,0.0,40209.0,4,Brasil
6   MESBAH,1.0,92.0,8.0,4.0,0.0,21349.0,2,Argélia
6   MESBAH,1.0,92.0,8.0,4.0,0.0,21349.0,2,Argélia
6   MORISHIGE,0.0,29.0,5.0,1.0,0.0,9473.0,1,Japão
6   NOBOA,5.0,84.0,16.0,11.0,0.0,32003.0,3,Equador
6   NOBOA,5.0,84.0,16.0,11.0,0.0,32003.0,3,Equador
6   NOBOA,5.0,84.0,16.0,11.0,0.0,32003.0,3,Equador
6   S H HWANG,0.0,8.0,1.0,0.0,0.0,2299.0,1,Coreia do Sul
6   SONG,1.0,51.0,3.0,0.0,0.0,12816.0,2,Camarões
6   SONG,1.0,51.0,3.0,0.0,0.0,12816.0,2,Camarões
6   SPIRANOVIC,2.0,123.0,18.0,1.0,0.0,31638.0,3,Austrália
6   SPIRANOVIC,2.0,123.0,18.0,1.0,0.0,31638.0,3,Austrália
6   SPIRANOVIC,2.0,123.0,18.0,1.0,0.0,31638.0,3,Austrália
6   VRANJEŠ,0.0,13.0,2.0,1.0,0.0,3659.0,1,Bósnia e Herzegovina
6   WILLIAM,0.0,90.0,8.0,3.0,0.0,16495.0,2,Portugal
6   WILLIAM,0.0,90.0,8.0,3.0,0.0,16495.0,2,Portugal
6   WITSEL,7.0,168.0,15.0,7.0,0.0,35717.0,3,Bélgica
6   WITSEL,7.0,168.0,15.0,7.0,0.0,35717.0,3,Bélgica
6   WITSEL,7.0,168.0,15.0,7.0,0.0,35717.0,3,Bélgica
7   ABATE,0.0,30.0,4.0,0.0,0.0,9429.0,1,Itália
7   ALEXIS,7.0,108.0,12.0,3.0,0.0,39974.0,4,Chile
7   ALEXIS,7.0,108.0,12.0,3.0,0.0,39974.0,4,Chile
7   ALEXIS,7.0,108.0,12.0,3.0,0.0,39974.0,4,Chile
7   ALEXIS,7.0,108.0,12.0,3.0,0.0,39974.0,4,Chile
7   ATSU,9.0,84.0,7.0,1.0,0.0,29563.0,3,Gana
7   ATSU,9.0,84.0,7.0,1.0,0.0,29563.0,3,Gana
7   ATSU,9.0,84.0,7.0,1.0,0.0,29563.0,3,Gana
7   B K KIM,0.0,27.0,1.0,0.0,0.0,4960.0,2,Coreia do Sul
7   B K KIM,0.0,27.0,1.0,0.0,0.0,4960.0,2,Coreia do Sul
7   BEASLEY,1.0,176.0,19.0,6.0,0.0,42691.0,4,EUA
7   BEASLEY,1.0,176.0,19.0,6.0,0.0,42691.0,4,EUA
7   BEASLEY,1.0,176.0,19.0,6.0,0.0,42691.0,4,EUA
7   BEASLEY,1.0,176.0,19.0,6.0,0.0,42691.0,4,EUA
7   BEŠIĆ,4.0,212.0,21.0,16.0,0.0,34897.0,3,Bósnia e Herzegovina
7   BEŠIĆ,4.0,212.0,21.0,16.0,0.0,34897.0,3,Bósnia e Herzegovina
7   BEŠIĆ,4.0,212.0,21.0,16.0,0.0,34897.0,3,Bósnia e Herzegovina
7   BOLAÑOS C.,5.0,72.0,13.0,6.0,0.0,33127.0,4,Costa Rica
7   BOLAÑOS C.,5.0,72.0,13.0,6.0,0.0,33127.0,4,Costa Rica
7   BOLAÑOS C.,5.0,72.0,13.0,6.0,0.0,33127.0,4,Costa Rica
7   BOLAÑOS C.,5.0,72.0,13.0,6.0,0.0,33127.0,4,Costa Rica
7   C. RODRIGUEZ,4.0,102.0,11.0,6.0,0.0,36607.0,4,Uruguai
7   C. RODRIGUEZ,4.0,102.0,11.0,6.0,0.0,36607.0,4,Uruguai
7   C. RODRIGUEZ,4.0,102.0,11.0,6.0,0.0,36607.0,4,Uruguai
7   C. RODRIGUEZ,4.0,102.0,11.0,6.0,0.0,36607.0,4,Uruguai
7   DAVID VILLA,1.0,15.0,0.0,1.0,0.0,5780.0,1,Espanha
7   DE BRUYNE,7.0,126.0,12.0,3.0,0.0,38866.0,3,Bélgica
7   DE BRUYNE,7.0,126.0,12.0,3.0,0.0,38866.0,3,Bélgica
7   DE BRUYNE,7.0,126.0,12.0,3.0,0.0,38866.0,3,Bélgica
7   DENISOV,2.0,56.0,7.0,3.0,0.0,8387.0,2,Rússia
7   DENISOV,2.0,56.0,7.0,3.0,0.0,8387.0,2,Rússia
7   DI MARIA,22.0,196.0,10.0,4.0,0.0,42372.0,4,Argentina
7   DI MARIA,22.0,196.0,10.0,4.0,0.0,42372.0,4,Argentina
7   DI MARIA,22.0,196.0,10.0,4.0,0.0,42372.0,4,Argentina
7   DI MARIA,22.0,196.0,10.0,4.0,0.0,42372.0,4,Argentina
7   EMILIO,0.0,44.0,6.0,2.0,0.0,13922.0,2,Honduras
7   EMILIO,0.0,44.0,6.0,2.0,0.0,13922.0,2,Honduras
7   ENDO,2.0,76.0,1.0,3.0,0.0,9380.0,2,Japão
7   ENDO,2.0,76.0,1.0,3.0,0.0,9380.0,2,Japão
7   HULK,11.0,48.0,4.0,1.0,0.0,25950.0,3,Brasil
7   HULK,11.0,48.0,4.0,1.0,0.0,25950.0,3,Brasil
7   HULK,11.0,48.0,4.0,1.0,0.0,25950.0,3,Brasil
7   JANMAAT,0.0,88.0,21.0,4.0,0.0,32804.0,3,Holanda
7   JANMAAT,0.0,88.0,21.0,4.0,0.0,32804.0,3,Holanda
7   JANMAAT,0.0,88.0,21.0,4.0,0.0,32804.0,3,Holanda
7   LECKIE,5.0,79.0,13.0,2.0,0.0,32807.0,3,Austrália
7   LECKIE,5.0,79.0,13.0,2.0,0.0,32807.0,3,Austrália
7   LECKIE,5.0,79.0,13.0,2.0,0.0,32807.0,3,Austrália
7   M LAYUN,5.0,87.0,13.0,2.0,0.0,30597.0,3,México
7   M LAYUN,5.0,87.0,13.0,2.0,0.0,30597.0,3,México
7   M LAYUN,5.0,87.0,13.0,2.0,0.0,30597.0,3,México
7   M. LAYUN,2.0,14.0,2.0,2.0,0.0,10868.0,1,México
7   MASOUD. SH,1.0,18.0,2.0,4.0,0.0,14859.0,3,Irã
7   MASOUD. SH,1.0,18.0,2.0,4.0,0.0,14859.0,3,Irã
7   MASOUD. SH,1.0,18.0,2.0,4.0,0.0,14859.0,3,Irã
7   MONTERO,2.0,54.0,6.0,1.0,0.0,23440.0,3,Equador
7   MONTERO,2.0,54.0,6.0,1.0,0.0,23440.0,3,Equador
7   MONTERO,2.0,54.0,6.0,1.0,0.0,23440.0,3,Equador
7   MUSA,8.0,41.0,8.0,5.0,0.0,34208.0,4,Nigéria
7   MUSA,8.0,41.0,8.0,5.0,0.0,34208.0,4,Nigéria
7   MUSA,8.0,41.0,8.0,5.0,0.0,34208.0,4,Nigéria
7   MUSA,8.0,41.0,8.0,5.0,0.0,34208.0,4,Nigéria
7   NGUEMO,2.0,44.0,4.0,2.0,0.0,10164.0,1,Camarões
7   P. ARMERO,1.0,114.0,14.0,3.0,0.0,36021.0,4,Colômbia
7   P. ARMERO,1.0,114.0,14.0,3.0,0.0,36021.0,4,Colômbia
7   P. ARMERO,1.0,114.0,14.0,3.0,0.0,36021.0,4,Colômbia
7   P. ARMERO,1.0,114.0,14.0,3.0,0.0,36021.0,4,Colômbia
7   RAKITIĆ,2.0,149.0,21.0,8.0,0.0,31768.0,3,Croácia
7   RAKITIĆ,2.0,149.0,21.0,8.0,0.0,31768.0,3,Croácia
7   RAKITIĆ,2.0,149.0,21.0,8.0,0.0,31768.0,3,Croácia
7   RONALDO,23.0,82.0,6.0,1.0,0.0,28166.0,3,Portugal
7   RONALDO,23.0,82.0,6.0,1.0,0.0,28166.0,3,Portugal
7   RONALDO,23.0,82.0,6.0,1.0,0.0,28166.0,3,Portugal
7   SAMARAS,7.0,92.0,8.0,12.0,0.0,41077.0,4,Grécia
7   SAMARAS,7.0,92.0,8.0,12.0,0.0,41077.0,4,Grécia
7   SAMARAS,7.0,92.0,8.0,12.0,0.0,41077.0,4,Grécia
7   SAMARAS,7.0,92.0,8.0,12.0,0.0,41077.0,4,Grécia
7   SCHWEINSTEIGER,6.0,200.0,12.0,9.0,0.0,24574.0,3,Alemanha
7   SCHWEINSTEIGER,6.0,200.0,12.0,9.0,0.0,24574.0,3,Alemanha
7   SCHWEINSTEIGER,6.0,200.0,12.0,9.0,0.0,24574.0,3,Alemanha
7   WILSHERE,0.0,44.0,7.0,3.0,0.0,10903.0,2,Inglaterra
7   WILSHERE,0.0,44.0,7.0,3.0,0.0,10903.0,2,Inglaterra
7   YEBDA,0.0,5.0,0.0,1.0,0.0,3124.0,1,Argélia
8   A. HERNANDEZ,0.0,6.0,1.0,0.0,0.0,4576.0,2,Uruguai
8   A. HERNANDEZ,0.0,6.0,1.0,0.0,0.0,4576.0,2,Uruguai
8   AGUILAR T.,1.0,100.0,12.0,10.0,0.0,28786.0,3,Colômbia
8   AGUILAR T.,1.0,100.0,12.0,10.0,0.0,28786.0,3,Colômbia
8   AGUILAR T.,1.0,100.0,12.0,10.0,0.0,28786.0,3,Colômbia
8   BADU,2.0,38.0,3.0,2.0,0.0,13556.0,2,Gana
8   BADU,2.0,38.0,3.0,2.0,0.0,13556.0,2,Gana
8   DE GUZMAN,0.0,45.0,3.0,0.0,0.0,17177.0,2,Holanda
8   DE GUZMAN,0.0,45.0,3.0,0.0,0.0,17177.0,2,Holanda
8   DEMPSEY,12.0,99.0,5.0,2.0,0.0,45336.0,4,EUA
8   DEMPSEY,12.0,99.0,5.0,2.0,0.0,45336.0,4,EUA
8   DEMPSEY,12.0,99.0,5.0,2.0,0.0,45336.0,4,EUA
8   DEMPSEY,12.0,99.0,5.0,2.0,0.0,45336.0,4,EUA
8   FELLAINI,6.0,104.0,14.0,6.0,0.0,43525.0,4,Bélgica
8   FELLAINI,6.0,104.0,14.0,6.0,0.0,43525.0,4,Bélgica
8   FELLAINI,6.0,104.0,14.0,6.0,0.0,43525.0,4,Bélgica
8   FELLAINI,6.0,104.0,14.0,6.0,0.0,43525.0,4,Bélgica
8   GLUSHAKOV,4.0,65.0,12.0,4.0,0.0,25802.0,3,Rússia
8   GLUSHAKOV,4.0,65.0,12.0,4.0,0.0,25802.0,3,Rússia
8   GLUSHAKOV,4.0,65.0,12.0,4.0,0.0,25802.0,3,Rússia
8   INLER,7.0,202.0,23.0,6.0,0.0,46450.0,4,Suíça
8   INLER,7.0,202.0,23.0,6.0,0.0,46450.0,4,Suíça
8   INLER,7.0,202.0,23.0,6.0,0.0,46450.0,4,Suíça
8   INLER,7.0,202.0,23.0,6.0,0.0,46450.0,4,Suíça
8   J. MOUTINHO,2.0,190.0,14.0,8.0,0.0,32930.0,3,Portugal
8   J. MOUTINHO,2.0,190.0,14.0,8.0,0.0,32930.0,3,Portugal
8   J. MOUTINHO,2.0,190.0,14.0,8.0,0.0,32930.0,3,Portugal
8   KALOU,7.0,49.0,7.0,4.0,0.0,22741.0,3,Costa do Marfim
8   KALOU,7.0,49.0,7.0,4.0,0.0,22741.0,3,Costa do Marfim
8   KALOU,7.0,49.0,7.0,4.0,0.0,22741.0,3,Costa do Marfim
8   KIYOTAKE,0.0,5.0,0.0,0.0,0.0,1333.0,1,Japão
8   KONE,5.0,35.0,5.0,3.0,0.0,20206.0,3,Grécia
8   KONE,5.0,35.0,5.0,3.0,0.0,20206.0,3,Grécia
8   KONE,5.0,35.0,5.0,3.0,0.0,20206.0,3,Grécia
8   LACEN,0.0,55.0,12.0,5.0,0.0,18022.0,3,Argélia
8   LACEN,0.0,55.0,12.0,5.0,0.0,18022.0,3,Argélia
8   LACEN,0.0,55.0,12.0,5.0,0.0,18022.0,3,Argélia
8   LAMPARD,1.0,64.0,8.0,1.0,0.0,10855.0,1,Inglaterra
8   M FABIAN,1.0,23.0,1.0,0.0,0.0,6341.0,3,México
8   M FABIAN,1.0,23.0,1.0,0.0,0.0,6341.0,3,México
8   M FABIAN,1.0,23.0,1.0,0.0,0.0,6341.0,3,México
8   MARCHISIO,2.0,82.0,4.0,5.0,0.0,26025.0,3,Itália
8   MARCHISIO,2.0,82.0,4.0,5.0,0.0,26025.0,3,Itália
8   MARCHISIO,2.0,82.0,4.0,5.0,0.0,26025.0,3,Itália
8   MENDEZ,0.0,4.0,1.0,0.0,0.0,1377.0,1,Equador
8   MOUKANDJO,4.0,42.0,4.0,1.0,0.0,26072.0,3,Camarões
8   MOUKANDJO,4.0,42.0,4.0,1.0,0.0,26072.0,3,Camarões
8   MOUKANDJO,4.0,42.0,4.0,1.0,0.0,26072.0,3,Camarões
8   ODEMWINGIE,7.0,101.0,10.0,9.0,0.0,33091.0,4,Nigéria
8   ODEMWINGIE,7.0,101.0,10.0,9.0,0.0,33091.0,4,Nigéria
8   ODEMWINGIE,7.0,101.0,10.0,9.0,0.0,33091.0,4,Nigéria
8   ODEMWINGIE,7.0,101.0,10.0,9.0,0.0,33091.0,4,Nigéria
8   PAULINHO,5.0,51.0,3.0,2.0,0.0,23666.0,3,Brasil
8   PAULINHO,5.0,51.0,3.0,2.0,0.0,23666.0,3,Brasil
8   PAULINHO,5.0,51.0,3.0,2.0,0.0,23666.0,3,Brasil
8   PJANIĆ,7.0,190.0,9.0,2.0,0.0,34524.0,3,Bósnia e Herzegovina
8   PJANIĆ,7.0,190.0,9.0,2.0,0.0,34524.0,3,Bósnia e Herzegovina
8   PJANIĆ,7.0,190.0,9.0,2.0,0.0,34524.0,3,Bósnia e Herzegovina
8   R. HAGHIGHI,0.0,2.0,0.0,0.0,0.0,866.0,1,Irã
8   VALBUENA,6.0,134.0,8.0,5.0,0.0,29135.0,3,França
8   VALBUENA,6.0,134.0,8.0,5.0,0.0,29135.0,3,França
8   VALBUENA,6.0,134.0,8.0,5.0,0.0,29135.0,3,França
8   VIDAL,1.0,97.0,10.0,9.0,0.0,28626.0,3,Chile
8   VIDAL,1.0,97.0,10.0,9.0,0.0,28626.0,3,Chile
8   VIDAL,1.0,97.0,10.0,9.0,0.0,28626.0,3,Chile
8   W. PALACIOS,2.0,89.0,5.0,5.0,0.0,12330.0,2,Honduras
8   W. PALACIOS,2.0,89.0,5.0,5.0,0.0,12330.0,2,Honduras
8   XAVI,0.0,73.0,2.0,0.0,0.0,11116.0,1,Espanha
8   ÖZIL,7.0,179.0,6.0,3.0,0.0,38845.0,4,Alemanha
8   ÖZIL,7.0,179.0,6.0,3.0,0.0,38845.0,4,Alemanha
8   ÖZIL,7.0,179.0,6.0,3.0,0.0,38845.0,4,Alemanha
8   ÖZIL,7.0,179.0,6.0,3.0,0.0,38845.0,4,Alemanha
9   ALIREZA,1.0,14.0,0.0,3.0,0.0,7313.0,3,Irã
9   ALIREZA,1.0,14.0,0.0,3.0,0.0,7313.0,3,Irã
9   ALIREZA,1.0,14.0,0.0,3.0,0.0,7313.0,3,Irã
9   BALOTELLI,7.0,34.0,0.0,2.0,0.0,20833.0,3,Itália
9   BALOTELLI,7.0,34.0,0.0,2.0,0.0,20833.0,3,Itália
9   BALOTELLI,7.0,34.0,0.0,2.0,0.0,20833.0,3,Itália
9   CAMPBELL J.,5.0,78.0,7.0,4.0,0.0,33170.0,4,Costa Rica
9   CAMPBELL J.,5.0,78.0,7.0,4.0,0.0,33170.0,4,Costa Rica
9   CAMPBELL J.,5.0,78.0,7.0,4.0,0.0,33170.0,4,Costa Rica
9   CAMPBELL J.,5.0,78.0,7.0,4.0,0.0,33170.0,4,Costa Rica
9   EMENIKE,11.0,67.0,1.0,4.0,0.0,38474.0,4,Nigéria
9   EMENIKE,11.0,67.0,1.0,4.0,0.0,38474.0,4,Nigéria
9   EMENIKE,11.0,67.0,1.0,4.0,0.0,38474.0,4,Nigéria
9   EMENIKE,11.0,67.0,1.0,4.0,0.0,38474.0,4,Nigéria
9   ETO'O,2.0,14.0,0.0,1.0,0.0,7469.0,1,Camarões
9   FRED,9.0,39.0,4.0,0.0,0.0,31367.0,4,Brasil
9   FRED,9.0,39.0,4.0,0.0,0.0,31367.0,4,Brasil
9   FRED,9.0,39.0,4.0,0.0,0.0,31367.0,4,Brasil
9   FRED,9.0,39.0,4.0,0.0,0.0,31367.0,4,Brasil
9   GHILAS,1.0,10.0,2.0,1.0,0.0,5645.0,3,Argélia
9   GHILAS,1.0,10.0,2.0,1.0,0.0,5645.0,3,Argélia
9   GHILAS,1.0,10.0,2.0,1.0,0.0,5645.0,3,Argélia
9   GIROUD,7.0,35.0,1.0,2.0,0.0,18756.0,4,França
9   GIROUD,7.0,35.0,1.0,2.0,0.0,18756.0,4,França
9   GIROUD,7.0,35.0,1.0,2.0,0.0,18756.0,4,França
9   GIROUD,7.0,35.0,1.0,2.0,0.0,18756.0,4,França
9   H M SON,5.0,61.0,6.0,0.0,0.0,27813.0,3,Coreia do Sul
9   H M SON,5.0,61.0,6.0,0.0,0.0,27813.0,3,Coreia do Sul
9   H M SON,5.0,61.0,6.0,0.0,0.0,27813.0,3,Coreia do Sul
9   H. ALMEIDA,1.0,4.0,0.0,0.0,0.0,2948.0,1,Portugal
9   HIGUAIN,7.0,66.0,3.0,1.0,0.0,36902.0,4,Argentina
9   HIGUAIN,7.0,66.0,3.0,1.0,0.0,36902.0,4,Argentina
9   HIGUAIN,7.0,66.0,3.0,1.0,0.0,36902.0,4,Argentina
9   HIGUAIN,7.0,66.0,3.0,1.0,0.0,36902.0,4,Argentina
9   IBIŠEVIĆ,5.0,29.0,3.0,1.0,0.0,18169.0,3,Bósnia e Herzegovina
9   IBIŠEVIĆ,5.0,29.0,3.0,1.0,0.0,18169.0,3,Bósnia e Herzegovina
9   IBIŠEVIĆ,5.0,29.0,3.0,1.0,0.0,18169.0,3,Bósnia e Herzegovina
9   J. PALACIOS,1.0,13.0,0.0,0.0,0.0,5367.0,1,Honduras
9   JELAVIĆ,1.0,12.0,0.0,1.0,0.0,11473.0,2,Croácia
9   JELAVIĆ,1.0,12.0,0.0,1.0,0.0,11473.0,2,Croácia
9   JOHANNSSON,1.0,12.0,1.0,0.0,0.0,9091.0,1,EUA
9   KOKORIN,8.0,56.0,4.0,3.0,0.0,35316.0,3,Rússia
9   KOKORIN,8.0,56.0,4.0,3.0,0.0,35316.0,3,Rússia
9   KOKORIN,8.0,56.0,4.0,3.0,0.0,35316.0,3,Rússia
9   L. SUAREZ,12.0,33.0,2.0,5.0,0.0,18144.0,2,Uruguai
9   L. SUAREZ,12.0,33.0,2.0,5.0,0.0,18144.0,2,Uruguai
9   LUKAKU,5.0,25.0,0.0,2.0,0.0,15698.0,3,Bélgica
9   LUKAKU,5.0,25.0,0.0,2.0,0.0,15698.0,3,Bélgica
9   LUKAKU,5.0,25.0,0.0,2.0,0.0,15698.0,3,Bélgica
9   MITROGLOU,5.0,17.0,0.0,0.0,0.0,13425.0,3,Grécia
9   MITROGLOU,5.0,17.0,0.0,0.0,0.0,13425.0,3,Grécia
9   MITROGLOU,5.0,17.0,0.0,0.0,0.0,13425.0,3,Grécia
9   OKAZAKI,2.0,35.0,5.0,3.0,0.0,27664.0,3,Japão
9   OKAZAKI,2.0,35.0,5.0,3.0,0.0,27664.0,3,Japão
9   OKAZAKI,2.0,35.0,5.0,3.0,0.0,27664.0,3,Japão
9   PINILLA,4.0,13.0,1.0,3.0,0.0,6117.0,3,Chile
9   PINILLA,4.0,13.0,1.0,3.0,0.0,6117.0,3,Chile
9   PINILLA,4.0,13.0,1.0,3.0,0.0,6117.0,3,Chile
9   PRINCE,3.0,28.0,0.0,0.0,0.0,10296.0,2,Gana
9   PRINCE,3.0,28.0,0.0,0.0,0.0,10296.0,2,Gana
9   R JIMENEZ,1.0,0.0,1.0,0.0,0.0,1142.0,1,México
9   ROJAS,0.0,4.0,0.0,0.0,0.0,2099.0,1,Equador
9   SCHÜRRLE,8.0,30.0,2.0,1.0,0.0,10231.0,3,Alemanha
9   SCHÜRRLE,8.0,30.0,2.0,1.0,0.0,10231.0,3,Alemanha
9   SCHÜRRLE,8.0,30.0,2.0,1.0,0.0,10231.0,3,Alemanha
9   SEFEROVIC,4.0,29.0,2.0,1.0,0.0,18154.0,4,Suíça
9   SEFEROVIC,4.0,29.0,2.0,1.0,0.0,18154.0,4,Suíça
9   SEFEROVIC,4.0,29.0,2.0,1.0,0.0,18154.0,4,Suíça
9   SEFEROVIC,4.0,29.0,2.0,1.0,0.0,18154.0,4,Suíça
9   STURRIDGE,12.0,53.0,4.0,1.0,0.0,26864.0,3,Inglaterra
9   STURRIDGE,12.0,53.0,4.0,1.0,0.0,26864.0,3,Inglaterra
9   STURRIDGE,12.0,53.0,4.0,1.0,0.0,26864.0,3,Inglaterra
9   TAGGART,0.0,4.0,0.0,0.0,0.0,6936.0,2,Austrália
9   TAGGART,0.0,4.0,0.0,0.0,0.0,6936.0,2,Austrália
9   TEO,5.0,48.0,1.0,1.0,0.0,25422.0,3,Colômbia
9   TEO,5.0,48.0,1.0,1.0,0.0,25422.0,3,Colômbia
9   TEO,5.0,48.0,1.0,1.0,0.0,25422.0,3,Colômbia
9   TIOTE,3.0,155.0,17.0,9.0,0.0,27426.0,3,Costa do Marfim
9   TIOTE,3.0,155.0,17.0,9.0,0.0,27426.0,3,Costa do Marfim
9   TIOTE,3.0,155.0,17.0,9.0,0.0,27426.0,3,Costa do Marfim
9   TORRES,2.0,29.0,0.0,0.0,0.0,17208.0,3,Espanha
9   TORRES,2.0,29.0,0.0,0.0,0.0,17208.0,3,Espanha
9   TORRES,2.0,29.0,0.0,0.0,0.0,17208.0,3,Espanha
9   V. PERSIE,9.0,39.0,2.0,1.0,0.0,27219.0,3,Holanda
9   V. PERSIE,9.0,39.0,2.0,1.0,0.0,27219.0,3,Holanda
9   V. PERSIE,9.0,39.0,2.0,1.0,0.0,27219.0,3,Holanda
